Rk,Player,Age,Team,Pos,G,GS,MP,PER,TS_pct,3PAr,FTr,ORB_pct,DRB_pct,TRB_pct,AST_pct,STL_pct,BLK_pct,TOV_pct,USG_pct,OWS,DWS,WS,WS_48,OBPM,DBPM,BPM,VORP,Player-additional,Season
1,Mikal Bridges,26,2TM,SG,83,83,2963,16.8,0.587,0.349,0.279,2.9,10.8,6.8,13.7,1.5,1.8,8.2,22.6,4.4,3.1,7.5,0.121,1.5,0.2,1.7,2.8,0.0,2022-23
1,Mikal Bridges,26,PHO,SF,56,56,2040,14.8,0.574,0.342,0.228,3.0,10.4,6.6,14.1,1.6,2.0,8.5,19.2,2.7,2.2,4.9,0.116,0.4,0.6,1.0,1.6,0.0,2022-23
1,Mikal Bridges,26,BRK,SG,27,27,923,21.3,0.607,0.36,0.356,2.9,11.7,7.4,12.9,1.4,1.5,7.8,30.3,1.7,0.8,2.5,0.133,4.0,-0.8,3.3,1.2,0.0,2022-23
2,Anthony Edwards,21,MIN,SG,79,79,2842,17.4,0.564,0.375,0.274,1.9,15.9,9.0,19.3,2.1,1.8,13.0,29.9,0.2,3.6,3.8,0.064,1.0,0.0,1.0,2.1,0.0,2022-23
3,Zach LaVine,27,CHI,SG,77,77,2768,19.0,0.607,0.392,0.308,1.7,12.2,7.1,18.7,1.2,0.6,11.0,28.3,4.2,2.9,7.1,0.123,2.7,-0.7,1.9,2.7,0.0,2022-23
4,Nikola Vucevic,32,CHI,C,82,82,2746,19.1,0.594,0.302,0.138,6.7,30.2,18.6,14.6,1.1,2.0,10.2,21.9,3.9,4.4,8.3,0.145,1.9,0.7,2.7,3.2,0.0,2022-23
5,Julius Randle,28,NYK,PF,77,77,2737,20.3,0.581,0.444,0.371,5.6,25.2,15.4,18.5,0.9,0.7,11.5,29.5,5.0,3.1,8.1,0.142,3.9,-0.2,3.7,3.9,0.0,2022-23
6,Domantas Sabonis,26,SAC,C,79,79,2736,23.5,0.668,0.088,0.467,10.6,30.0,20.3,30.4,1.1,1.2,16.9,21.3,9.6,3.0,12.6,0.221,4.1,1.8,5.8,5.4,0.0,2022-23
7,Jayson Tatum,24,BOS,SF,74,74,2732,23.7,0.607,0.44,0.399,3.2,22.5,13.0,20.9,1.4,1.6,10.4,32.7,6.2,4.3,10.5,0.185,4.8,0.7,5.5,5.1,0.0,2022-23
8,Spencer Dinwiddie,29,2TM,SG,79,79,2725,16.0,0.573,0.467,0.314,1.2,10.2,5.7,28.1,1.2,0.8,10.8,22.1,4.5,1.8,6.3,0.111,1.6,-0.9,0.7,1.8,0.0,2022-23
8,Spencer Dinwiddie,29,DAL,SG,53,53,1808,16.1,0.599,0.491,0.298,1.2,9.4,5.2,23.8,1.1,0.8,10.3,21.9,3.3,1.0,4.3,0.114,2.0,-1.2,0.9,1.3,0.0,2022-23
8,Spencer Dinwiddie,29,BRK,PG,26,26,917,15.8,0.523,0.419,0.346,1.1,11.7,6.6,36.5,1.5,0.7,11.8,22.5,1.2,0.8,2.0,0.103,0.7,-0.5,0.2,0.5,0.0,2022-23
9,Evan Mobley,21,CLE,PF,79,79,2715,17.9,0.591,0.108,0.321,8.1,22.7,15.4,12.4,1.1,4.0,11.9,20.2,3.7,4.8,8.5,0.151,0.0,1.6,1.7,2.5,0.0,2022-23
10,Dejounte Murray,26,ATL,SG,74,74,2693,17.0,0.54,0.293,0.144,2.1,13.8,7.9,24.0,2.0,0.6,10.2,24.4,2.4,2.3,4.7,0.084,1.1,0.0,1.0,2.1,0.0,2022-23
11,DeMar DeRozan,33,CHI,SF,74,74,2682,20.6,0.592,0.109,0.401,1.5,12.8,7.2,22.3,1.5,1.3,9.1,27.8,5.4,3.2,8.5,0.153,1.7,0.3,2.0,2.6,0.0,2022-23
12,Scottie Barnes,21,TOR,SF,77,76,2678,15.5,0.524,0.22,0.242,7.1,15.2,10.8,20.0,1.5,2.2,12.0,20.3,2.3,2.7,5.0,0.09,0.5,-0.1,0.4,1.6,0.0,2022-23
13,Harrison Barnes,30,SAC,PF,82,82,2662,14.1,0.632,0.446,0.522,3.8,11.9,7.9,6.3,1.0,0.3,8.1,17.1,5.1,1.4,6.5,0.118,0.5,-1.5,-1.0,0.7,0.0,2022-23
14,Pascal Siakam,28,TOR,PF,71,71,2652,20.3,0.565,0.219,0.361,5.2,19.6,11.9,24.9,1.2,1.3,10.0,27.2,5.2,2.6,7.8,0.141,3.3,-0.1,3.1,3.4,0.0,2022-23
15,CJ McCollum,31,NOP,PG,75,75,2649,15.6,0.541,0.404,0.177,2.4,11.7,7.0,25.1,1.3,1.4,11.2,26.4,1.5,2.8,4.3,0.078,1.5,-0.7,0.8,1.9,0.0,2022-23
16,Franz Wagner,21,ORL,SF,80,80,2609,15.9,0.589,0.322,0.288,3.0,11.2,7.1,17.2,1.4,0.6,11.7,23.5,3.1,2.3,5.4,0.099,0.4,-0.5,-0.1,1.3,0.0,2022-23
17,Jalen Green,20,HOU,SG,76,76,2602,14.5,0.538,0.408,0.341,1.8,10.3,6.0,17.3,1.1,0.7,11.3,28.1,1.4,0.5,1.8,0.034,0.5,-2.6,-2.1,0.0,0.0,2022-23
18,Bam Adebayo,25,MIA,C,75,75,2598,20.1,0.592,0.011,0.361,8.0,23.6,15.5,15.9,1.7,2.4,12.7,25.2,3.6,3.8,7.4,0.137,0.8,0.8,1.5,2.3,0.0,2022-23
19,Trae Young,24,ATL,PG,73,73,2541,22.0,0.573,0.331,0.46,2.4,7.0,4.7,42.5,1.5,0.3,15.2,32.6,5.3,1.4,6.7,0.126,5.3,-2.0,3.3,3.4,0.0,2022-23
20,Fred VanVleet,28,TOR,PG,69,69,2535,17.0,0.54,0.545,0.254,1.2,12.0,6.3,28.1,2.4,1.5,10.2,23.2,3.7,2.8,6.5,0.123,2.0,0.5,2.5,2.9,0.0,2022-23
21,Buddy Hield,30,IND,SF,80,73,2482,15.4,0.614,0.652,0.124,3.0,14.9,8.9,13.3,1.8,0.9,11.3,20.8,2.7,1.6,4.4,0.085,2.5,-0.6,1.9,2.4,0.0,2022-23
22,RJ Barrett,22,NYK,SG,73,73,2475,12.9,0.531,0.332,0.333,2.7,13.7,8.2,12.4,0.6,0.6,10.8,26.2,0.5,1.8,2.2,0.043,-1.2,-1.9,-3.1,-0.7,0.0,2022-23
23,Jordan Poole,23,GSW,PG,82,43,2458,14.6,0.573,0.498,0.325,1.5,8.5,5.0,22.5,1.2,0.8,14.7,29.2,1.4,1.9,3.2,0.063,-0.1,-1.8,-1.9,0.1,0.0,2022-23
24,Josh Hart,27,2TM,SF,76,52,2454,14.1,0.622,0.315,0.338,6.5,21.0,13.7,16.1,1.8,0.8,16.4,12.6,3.8,2.2,6.0,0.118,-0.2,1.1,0.9,1.8,0.0,2022-23
24,Josh Hart,27,POR,SF,51,51,1704,12.7,0.586,0.309,0.328,6.4,21.9,14.1,16.0,1.5,0.5,16.0,12.6,2.0,1.2,3.2,0.091,-0.9,0.7,-0.2,0.8,0.0,2022-23
24,Josh Hart,27,NYK,SF,25,1,750,17.1,0.703,0.331,0.363,6.9,19.0,12.9,16.2,2.2,1.5,17.3,12.6,1.8,1.0,2.8,0.179,1.4,2.0,3.4,1.0,0.0,2022-23
25,Jabari Smith Jr.,19,HOU,PF,79,79,2451,11.2,0.514,0.438,0.231,5.4,20.3,12.7,5.9,0.9,3.0,9.6,18.4,0.5,1.4,1.9,0.037,-2.3,-1.3,-3.7,-1.1,0.0,2022-23
26,Trey Murphy III,22,NOP,SF,79,65,2448,15.2,0.65,0.621,0.238,2.7,10.3,6.5,6.4,1.8,1.7,6.5,16.6,4.8,2.8,7.6,0.15,1.4,0.4,1.8,2.3,0.0,2022-23
27,Darius Garland,23,CLE,PG,69,69,2447,18.8,0.587,0.365,0.284,1.3,7.6,4.5,34.1,1.7,0.3,13.5,26.9,4.5,3.0,7.6,0.148,3.2,-0.7,2.4,2.7,0.0,2022-23
28,Tobias Harris,30,PHI,SF,74,74,2436,14.8,0.602,0.383,0.153,3.3,17.0,10.3,11.4,1.4,1.5,9.0,18.2,3.1,2.8,5.9,0.116,0.6,0.1,0.7,1.7,0.0,2022-23
29,De'Aaron Fox,25,SAC,PG,73,73,2435,21.8,0.599,0.276,0.331,1.9,12.4,7.2,29.6,1.6,0.8,10.6,30.1,5.5,1.8,7.4,0.146,3.4,-0.9,2.5,2.7,0.0,2022-23
30,Donovan Mitchell,26,CLE,SG,68,68,2432,22.9,0.614,0.453,0.262,3.1,10.9,7.0,21.4,2.0,1.0,10.3,32.1,5.4,3.5,8.9,0.176,5.6,0.6,6.3,5.0,0.0,2022-23
31,Paolo Banchero,20,ORL,PF,72,72,2430,14.9,0.529,0.254,0.476,3.9,19.3,11.6,17.2,1.2,1.5,12.8,27.5,-0.3,2.6,2.4,0.047,-0.7,-0.7,-1.5,0.3,0.0,2022-23
32,Jaden McDaniels,22,MIN,SF,79,79,2416,12.0,0.611,0.376,0.201,4.3,9.8,7.1,8.4,1.5,2.7,12.6,15.8,2.0,2.4,4.4,0.087,-1.7,0.5,-1.2,0.5,0.0,2022-23
33,Shai Gilgeous-Alexander,24,OKC,PG,68,68,2416,27.2,0.626,0.122,0.535,2.6,12.2,7.3,25.7,2.2,2.5,10.1,32.8,8.4,3.0,11.4,0.226,5.7,1.5,7.3,5.6,0.0,2022-23
34,Royce O'Neale,29,BRK,SF,76,53,2409,9.2,0.538,0.707,0.116,2.6,15.0,9.0,15.3,1.3,1.7,15.5,13.6,0.4,2.5,2.9,0.057,-1.7,0.6,-1.1,0.5,0.0,2022-23
35,Jaylen Brown,26,BOS,SF,67,67,2405,19.1,0.581,0.352,0.249,3.6,17.0,10.4,16.5,1.5,0.9,11.4,31.4,1.6,3.4,5.0,0.1,1.5,-0.2,1.3,2.0,0.0,2022-23
36,Luka Doncic,23,DAL,PG,66,66,2391,28.7,0.609,0.373,0.479,2.6,25.4,13.8,42.3,1.9,1.2,11.9,37.6,7.3,2.9,10.2,0.204,7.6,1.4,8.9,6.6,0.0,2022-23
37,OG Anunoby,25,TOR,SF,67,67,2386,14.6,0.586,0.415,0.189,4.2,12.1,7.9,8.0,2.7,2.0,12.1,19.5,1.8,2.9,4.7,0.094,-0.3,0.7,0.4,1.5,0.0,2022-23
38,Keegan Murray,22,SAC,SF,80,78,2382,12.3,0.597,0.641,0.104,4.3,13.4,8.9,5.5,1.2,1.5,6.8,15.8,2.6,1.7,4.3,0.087,0.4,-1.0,-0.6,0.8,0.0,2022-23
39,Kentavious Caldwell-Pope,29,DEN,SG,76,76,2381,11.5,0.598,0.505,0.198,1.7,8.1,5.0,9.8,2.3,1.3,11.1,14.1,2.0,2.5,4.5,0.091,-1.6,0.6,-1.0,0.6,0.0,2022-23
40,P.J. Washington,24,CHO,PF,73,73,2380,12.9,0.542,0.438,0.178,3.2,13.0,8.0,11.0,1.3,2.9,9.4,20.6,0.4,2.2,2.6,0.052,-1.0,-0.3,-1.3,0.4,0.0,2022-23
41,Jalen Brunson,26,NYK,PG,68,68,2379,21.2,0.597,0.269,0.328,1.8,9.3,5.6,28.7,1.3,0.6,9.4,27.2,6.9,1.8,8.7,0.175,4.4,-0.5,3.9,3.5,0.0,2022-23
42,Brook Lopez,34,MIL,C,78,78,2373,18.4,0.63,0.405,0.211,7.2,15.3,11.4,6.1,0.7,6.7,9.8,19.3,4.1,3.9,8.0,0.161,0.8,1.3,2.1,2.5,0.0,2022-23
43,Josh Giddey,20,OKC,PF,76,76,2367,17.1,0.533,0.209,0.13,6.6,20.9,13.6,29.9,1.1,1.2,15.1,24.6,1.3,2.7,4.0,0.081,1.5,-0.3,1.2,1.9,0.0,2022-23
44,Reggie Bullock,31,DAL,SF,78,55,2364,7.7,0.577,0.845,0.079,1.6,12.5,7.0,6.2,1.1,0.5,6.9,10.0,1.3,1.4,2.8,0.056,-2.3,-0.3,-2.6,-0.4,0.0,2022-23
45,Immanuel Quickley,23,NYK,SG,81,21,2344,16.3,0.578,0.485,0.265,2.7,13.1,7.9,17.4,1.7,0.6,8.7,20.9,4.4,2.3,6.7,0.137,1.3,0.4,1.7,2.1,0.0,2022-23
46,Tyler Herro,23,MIA,SG,67,67,2337,15.3,0.566,0.484,0.164,1.3,17.3,9.0,19.9,1.1,0.7,11.7,25.6,1.1,2.4,3.5,0.072,1.5,-0.8,0.6,1.6,0.0,2022-23
47,Patrick Williams,21,CHI,PF,82,65,2323,11.2,0.576,0.409,0.155,3.9,12.0,8.0,5.8,1.5,2.9,12.3,15.7,0.5,3.0,3.5,0.072,-1.7,0.4,-1.3,0.4,0.0,2022-23
48,Nikola Jokic,27,DEN,C,69,69,2323,31.5,0.701,0.146,0.406,8.5,31.3,20.2,46.6,1.8,1.8,17.0,27.2,11.2,3.8,14.9,0.308,8.5,4.5,13.0,8.8,0.0,2022-23
49,Derrick White,28,BOS,SG,82,70,2319,15.4,0.604,0.516,0.253,2.5,11.2,6.9,19.4,1.1,2.8,10.1,17.7,4.4,3.1,7.4,0.154,1.1,1.3,2.4,2.6,0.0,2022-23
50,Jaden Ivey,20,DET,SG,74,73,2304,12.1,0.528,0.356,0.362,3.4,10.7,6.9,26.2,1.3,0.7,17.2,25.4,-0.9,0.8,0.0,-0.001,-1.4,-1.9,-3.3,-0.7,0.0,2022-23
51,D'Angelo Russell,26,2TM,PG,71,71,2304,16.3,0.605,0.517,0.228,1.7,8.5,5.2,27.4,1.4,1.1,15.1,22.7,3.1,1.9,5.1,0.106,2.1,-0.7,1.5,2.0,0.0,2022-23
51,D'Angelo Russell,26,MIN,PG,54,54,1778,16.1,0.604,0.521,0.23,1.8,8.5,5.2,27.0,1.6,1.0,15.5,22.8,2.3,1.5,3.8,0.103,1.9,-0.7,1.2,1.4,0.0,2022-23
51,D'Angelo Russell,26,LAL,PG,17,17,526,17.1,0.61,0.502,0.222,1.5,8.5,5.1,28.8,0.9,1.3,13.9,22.6,0.9,0.4,1.3,0.118,3.1,-0.7,2.4,0.6,0.0,2022-23
52,Draymond Green,32,GSW,PF,73,73,2297,12.2,0.592,0.276,0.228,3.2,21.6,12.6,27.8,1.5,2.3,28.1,13.2,1.6,3.1,4.7,0.098,-1.8,2.6,0.8,1.6,0.0,2022-23
53,KJ Martin,22,HOU,SF,82,49,2292,15.4,0.635,0.3,0.308,6.0,15.8,10.8,8.1,0.9,1.3,10.0,16.4,4.2,0.7,4.9,0.103,0.6,-1.3,-0.7,0.7,0.0,2022-23
54,Joel Embiid,28,PHI,C,66,66,2284,31.4,0.655,0.151,0.581,5.9,28.3,17.3,22.9,1.4,4.6,11.9,37.0,8.4,3.9,12.3,0.259,6.8,2.3,9.2,6.4,0.0,2022-23
55,Bruce Brown,26,DEN,SF,80,31,2280,13.3,0.571,0.343,0.206,3.3,13.0,8.3,15.7,1.9,2.0,13.2,17.8,1.7,2.6,4.3,0.09,-1.1,0.6,-0.5,0.9,0.0,2022-23
56,Klay Thompson,32,GSW,SF,69,69,2279,14.7,0.576,0.584,0.105,1.9,11.7,6.9,11.0,1.0,1.1,8.6,26.4,1.2,1.9,3.1,0.066,1.5,-1.7,-0.3,1.0,0.0,2022-23
57,Jalen Williams,21,OKC,SG,75,62,2276,15.6,0.601,0.258,0.241,3.9,12.2,7.9,15.4,2.1,1.4,12.3,18.4,3.0,2.6,5.6,0.119,-0.4,0.7,0.3,1.3,0.0,2022-23
58,Lauri Markkanen,25,UTA,PF,66,66,2273,22.1,0.64,0.446,0.348,6.3,20.7,13.6,8.6,0.9,1.4,8.8,26.6,6.3,1.9,8.2,0.173,4.9,-1.0,3.8,3.3,0.0,2022-23
59,Max Strus,26,MIA,SF,80,33,2272,10.8,0.557,0.713,0.113,2.4,11.2,6.7,11.2,0.9,0.5,7.8,17.6,1.5,1.9,3.4,0.071,-0.8,-0.9,-1.7,0.2,0.0,2022-23
60,Luguentz Dort,23,OKC,SF,74,73,2272,11.3,0.513,0.468,0.297,5.9,10.4,8.1,9.2,1.6,0.9,8.5,19.8,0.9,2.1,2.9,0.062,-2.0,-1.0,-3.0,-0.6,0.0,2022-23
61,Nic Claxton,23,BRK,C,76,76,2271,20.8,0.691,0.003,0.419,9.3,25.1,17.4,9.3,1.4,7.1,12.1,15.4,5.2,4.0,9.2,0.195,0.9,2.2,3.1,2.9,0.0,2022-23
62,Jerami Grant,28,POR,PF,63,63,2246,16.0,0.606,0.393,0.375,2.7,11.9,7.2,10.3,1.1,2.1,9.8,22.8,3.1,1.0,4.1,0.087,1.2,-1.4,-0.2,1.0,0.0,2022-23
63,Kyrie Irving,30,2TM,SG,60,60,2241,22.4,0.613,0.412,0.227,3.0,12.3,7.7,25.4,1.4,1.7,8.8,28.9,5.4,2.0,7.4,0.159,4.8,-0.7,4.1,3.5,0.0,2022-23
63,Kyrie Irving,30,BRK,PG,40,40,1478,21.6,0.604,0.425,0.219,3.0,12.3,7.8,24.1,1.4,1.9,9.2,29.7,2.9,1.4,4.3,0.14,4.6,-0.8,3.8,2.2,0.0,2022-23
63,Kyrie Irving,30,DAL,SG,20,20,763,24.0,0.634,0.385,0.245,3.2,12.2,7.6,27.8,1.6,1.4,8.0,27.4,2.5,0.6,3.1,0.198,5.3,-0.4,4.9,1.3,0.0,2022-23
64,Kyle Kuzma,27,WAS,PF,64,64,2239,14.3,0.544,0.421,0.208,2.8,19.5,11.5,16.5,0.8,1.1,13.2,27.9,-1.0,1.9,0.9,0.019,-0.2,-1.5,-1.7,0.2,0.0,2022-23
65,Caris LeVert,28,CLE,SG,74,30,2237,12.4,0.546,0.437,0.243,2.8,12.1,7.4,18.0,1.6,1.0,12.4,18.7,1.4,3.1,4.4,0.095,-1.0,0.8,-0.2,1.0,0.0,2022-23
66,Bennedict Mathurin,20,IND,SG,78,17,2222,13.1,0.566,0.326,0.477,4.4,11.5,7.9,7.6,1.0,0.5,11.7,24.6,1.0,0.8,1.8,0.038,-1.2,-2.5,-3.7,-1.0,0.0,2022-23
67,Terry Rozier,28,CHO,SG,63,63,2221,14.7,0.517,0.425,0.185,2.4,10.2,6.2,22.7,1.6,0.6,9.4,26.9,0.1,1.6,1.7,0.037,0.6,-1.1,-0.6,0.8,0.0,2022-23
68,Jarrett Allen,24,CLE,C,68,68,2220,19.9,0.67,0.016,0.353,11.7,23.6,17.7,7.5,1.2,3.5,11.4,16.4,5.5,4.0,9.5,0.205,1.3,1.0,2.4,2.4,0.0,2022-23
69,Dillon Brooks,27,MEM,SF,73,73,2214,9.4,0.494,0.443,0.155,2.2,9.5,5.8,11.7,1.4,0.7,8.9,21.8,-0.8,2.4,1.6,0.034,-3.4,-0.5,-3.9,-1.1,0.0,2022-23
70,Kevin Huerter,24,SAC,SG,75,75,2203,15.2,0.617,0.589,0.151,2.2,10.8,6.5,14.1,1.7,1.0,9.5,19.9,3.3,1.7,4.9,0.107,1.4,-0.3,1.0,1.7,0.0,2022-23
71,Jrue Holiday,32,MIL,PG,67,65,2183,19.2,0.586,0.402,0.173,3.9,12.0,8.1,34.4,1.7,0.9,15.2,25.0,3.9,2.8,6.7,0.148,3.0,0.1,3.1,2.8,0.0,2022-23
72,Alperen Sengun,20,HOU,C,75,72,2171,19.7,0.599,0.071,0.36,12.1,22.3,17.1,21.0,1.6,3.2,17.3,21.4,3.4,1.8,5.2,0.115,1.1,0.4,1.4,1.9,0.0,2022-23
73,Anfernee Simons,23,POR,SG,62,62,2171,14.8,0.581,0.538,0.171,0.9,7.6,4.3,18.6,0.9,0.6,10.2,25.1,2.1,0.3,2.5,0.054,1.3,-2.5,-1.1,0.5,0.0,2022-23
74,Ivica Zubac,25,LAC,C,76,76,2170,16.7,0.661,0.004,0.463,12.3,26.5,19.5,5.1,0.7,4.0,15.9,14.8,3.8,2.9,6.7,0.149,-1.1,0.2,-0.9,0.6,0.0,2022-23
75,Killian Hayes,21,DET,PG,76,56,2154,10.2,0.455,0.351,0.137,1.4,10.2,5.7,32.3,2.3,1.1,16.7,20.5,-1.9,1.4,-0.5,-0.012,-3.3,-0.5,-3.8,-1.0,0.0,2022-23
76,Tim Hardaway Jr.,30,DAL,SF,71,45,2152,12.1,0.554,0.649,0.195,1.1,12.6,6.8,9.0,1.1,0.5,6.1,20.6,1.0,1.3,2.3,0.051,-0.3,-1.5,-1.8,0.1,0.0,2022-23
77,De'Anthony Melton,24,PHI,SG,77,58,2150,12.7,0.566,0.619,0.134,3.9,13.1,8.6,12.9,2.9,1.8,12.9,16.4,1.1,3.1,4.2,0.095,-0.7,1.6,0.9,1.6,0.0,2022-23
78,Rudy Gobert,30,MIN,C,70,70,2148,18.9,0.675,0.005,0.623,12.2,29.8,21.2,5.6,1.2,3.9,14.9,16.3,4.3,3.5,7.8,0.174,0.0,0.7,0.7,1.4,0.0,2022-23
79,Jimmy Butler,33,MIA,PF,64,64,2138,27.6,0.647,0.116,0.625,7.5,13.3,10.3,27.1,2.7,1.0,8.2,25.6,9.4,2.9,12.3,0.277,6.7,2.0,8.7,5.8,0.0,2022-23
80,James Harden,33,PHI,PG,58,58,2135,21.6,0.607,0.496,0.429,2.3,17.1,9.8,43.3,1.6,1.4,16.3,25.0,5.8,2.6,8.4,0.188,5.1,0.3,5.4,4.0,0.0,2022-23
81,Jamal Murray,25,DEN,PG,65,65,2133,18.0,0.571,0.415,0.207,2.7,11.0,6.9,27.5,1.5,0.7,11.3,26.1,3.3,1.9,5.1,0.116,2.6,-1.3,1.3,1.8,0.0,2022-23
82,John Collins,25,ATL,PF,71,71,2130,13.6,0.593,0.339,0.252,3.9,20.0,11.9,5.3,0.9,2.9,9.1,17.1,2.1,2.1,4.2,0.095,-1.4,0.2,-1.3,0.4,0.0,2022-23
83,Saddiq Bey,23,2TM,SF,77,37,2129,14.6,0.564,0.5,0.285,5.0,14.0,9.4,8.1,1.6,0.5,7.0,20.2,2.6,1.2,3.9,0.087,0.9,-1.2,-0.3,0.9,0.0,2022-23
83,Saddiq Bey,23,DET,SF,52,30,1500,14.3,0.552,0.483,0.345,4.2,13.9,8.9,8.5,1.6,0.7,7.2,21.3,1.5,0.8,2.3,0.074,0.5,-1.1,-0.7,0.5,0.0,2022-23
83,Saddiq Bey,23,ATL,SF,25,7,629,15.2,0.599,0.543,0.126,6.7,14.3,10.4,7.2,1.5,0.1,6.5,17.4,1.1,0.5,1.6,0.119,1.7,-1.2,0.5,0.4,0.0,2022-23
84,De'Andre Hunter,25,ATL,SF,67,67,2126,11.5,0.563,0.348,0.252,2.3,12.4,7.3,6.0,0.8,0.7,8.2,19.7,1.4,1.2,2.5,0.057,-1.9,-1.4,-3.3,-0.7,0.0,2022-23
85,Russell Westbrook,34,2TM,PG,73,24,2126,16.1,0.513,0.289,0.317,4.7,16.5,10.8,38.6,1.7,1.3,18.4,27.7,-0.6,2.6,1.9,0.044,0.3,-0.1,0.2,1.2,0.0,2022-23
85,Russell Westbrook,34,LAL,PG,52,3,1491,15.3,0.496,0.292,0.326,4.4,18.2,11.5,38.5,1.7,1.3,18.1,28.8,-1.2,1.9,0.7,0.023,-0.2,0.1,-0.1,0.7,0.0,2022-23
85,Russell Westbrook,34,LAC,PG,21,21,635,17.8,0.562,0.279,0.29,5.4,12.6,9.0,38.9,1.8,1.4,19.4,25.2,0.6,0.7,1.2,0.092,1.6,-0.8,0.8,0.5,0.0,2022-23
86,Quentin Grimes,22,NYK,SG,71,66,2121,11.7,0.619,0.676,0.163,2.5,9.4,5.9,9.7,1.1,1.2,9.7,14.4,3.2,1.6,4.8,0.108,-0.3,0.1,-0.1,1.0,0.0,2022-23
87,Kristaps Porzingis,27,WAS,C,65,65,2120,23.1,0.627,0.35,0.409,6.2,21.8,14.3,12.9,1.3,4.0,10.2,27.4,5.0,2.7,7.7,0.174,3.8,0.5,4.3,3.4,0.0,2022-23
88,Gary Trent Jr.,24,TOR,SG,66,44,2118,15.0,0.56,0.481,0.219,1.5,8.2,4.6,7.4,2.4,0.6,5.1,21.7,2.5,2.0,4.5,0.102,0.2,0.0,0.2,1.2,0.0,2022-23
89,Damian Lillard,32,POR,PG,58,58,2107,26.7,0.645,0.547,0.464,2.4,12.8,7.6,35.0,1.2,0.8,11.7,33.8,8.2,0.8,9.0,0.205,8.3,-1.2,7.1,4.9,0.0,2022-23
90,Ayo Dosunmu,23,CHI,SG,80,51,2098,10.2,0.567,0.332,0.144,2.5,9.3,5.9,13.2,1.4,1.2,14.0,14.9,0.7,2.2,2.9,0.067,-3.0,0.6,-2.5,-0.2,0.0,2022-23
91,Corey Kispert,23,WAS,SF,74,45,2093,11.5,0.657,0.656,0.15,1.8,8.9,5.5,5.7,0.7,0.4,8.1,14.1,2.9,0.9,3.8,0.088,-0.1,-1.4,-1.5,0.2,0.0,2022-23
92,Malik Beasley,26,2TM,SG,81,27,2093,10.9,0.531,0.702,0.069,1.8,12.5,7.3,8.4,1.5,0.4,8.5,21.1,-0.2,1.6,1.4,0.032,-0.9,-1.0,-2.0,0.0,0.0,2022-23
92,Malik Beasley,26,UTA,SG,55,13,1472,11.5,0.535,0.704,0.066,2.0,12.3,7.2,9.0,1.4,0.5,8.0,21.2,0.3,1.0,1.2,0.04,-0.4,-1.2,-1.6,0.2,0.0,2022-23
92,Malik Beasley,26,LAL,SG,26,14,621,9.7,0.521,0.698,0.078,1.4,13.0,7.4,7.0,1.6,0.1,9.8,20.9,-0.5,0.6,0.2,0.012,-2.3,-0.6,-2.9,-0.1,0.0,2022-23
93,Caleb Martin,27,MIA,SF,71,49,2077,11.4,0.571,0.431,0.206,4.8,15.0,9.7,8.2,1.7,1.5,11.5,14.4,1.2,2.5,3.7,0.086,-1.8,0.5,-1.2,0.4,0.0,2022-23
94,Andrew Nembhard,23,IND,SG,75,63,2073,10.0,0.528,0.408,0.096,1.9,8.8,5.3,22.4,1.6,0.5,15.8,16.1,0.4,0.8,1.2,0.029,-2.4,-0.8,-3.2,-0.6,0.0,2022-23
95,Keldon Johnson,23,SAS,SF,63,63,2063,15.3,0.551,0.366,0.294,2.9,14.4,8.4,13.7,1.1,0.4,9.6,27.9,0.7,0.5,1.3,0.03,0.7,-2.5,-1.8,0.1,0.0,2022-23
96,Aaron Gordon,27,DEN,PF,68,68,2055,19.5,0.617,0.227,0.413,9.4,15.4,12.5,14.2,1.3,2.2,9.8,21.1,4.6,2.2,6.8,0.158,2.4,-0.3,2.1,2.1,0.0,2022-23
97,Mason Plumlee,32,2TM,C,79,60,2054,19.6,0.689,0.0,0.647,11.8,25.1,18.4,17.3,1.1,2.0,15.8,15.2,5.5,2.4,7.9,0.185,1.2,1.0,2.2,2.2,0.0,2022-23
97,Mason Plumlee,32,CHO,C,56,56,1597,20.0,0.673,0.0,0.646,12.2,24.1,18.1,18.7,1.0,1.9,14.6,15.7,4.3,1.8,6.1,0.183,1.5,0.9,2.4,1.8,0.0,2022-23
97,Mason Plumlee,32,LAC,C,23,4,457,18.2,0.761,0.0,0.648,10.4,28.4,19.5,12.3,1.2,2.3,21.0,13.7,1.2,0.6,1.8,0.19,0.1,1.2,1.4,0.4,0.0,2022-23
98,Grant Williams,24,BOS,PF,79,23,2045,10.3,0.605,0.611,0.256,4.7,14.5,9.7,8.4,1.0,1.3,13.4,13.1,1.9,2.6,4.4,0.104,-1.8,0.7,-1.1,0.5,0.0,2022-23
99,Deandre Ayton,24,PHO,C,67,67,2035,19.9,0.617,0.027,0.225,9.2,27.5,18.1,9.2,0.9,2.3,11.0,22.9,3.3,3.0,6.2,0.147,0.9,0.0,0.9,1.5,0.0,2022-23
100,Mike Conley,35,2TM,PG,67,66,2029,14.7,0.583,0.575,0.277,1.8,7.9,4.9,29.4,1.7,0.6,13.1,16.3,4.1,1.4,5.5,0.13,1.0,-0.1,0.9,1.5,0.0,2022-23
100,Mike Conley,35,UTA,PG,43,42,1276,13.9,0.552,0.568,0.256,1.5,7.5,4.5,34.0,1.6,0.7,15.1,16.1,2.2,0.8,3.0,0.113,0.7,-0.5,0.2,0.7,0.0,2022-23
100,Mike Conley,35,MIN,PG,24,24,753,16.1,0.631,0.587,0.311,2.4,8.6,5.6,21.5,1.8,0.5,9.8,16.8,1.8,0.7,2.5,0.158,1.5,0.6,2.0,0.7,0.0,2022-23
101,Giannis Antetokounmpo,28,MIL,PF,63,63,2024,29.0,0.605,0.134,0.604,7.3,30.0,19.1,33.2,1.2,2.1,13.2,38.8,4.9,3.7,8.6,0.204,5.8,2.7,8.5,5.4,0.0,2022-23
102,Kevin Porter Jr.,22,HOU,PG,59,59,2024,16.2,0.565,0.436,0.299,4.1,13.1,8.5,25.7,2.0,0.8,15.8,24.3,1.9,1.0,2.9,0.068,1.4,-0.8,0.6,1.3,0.0,2022-23
103,Deni Avdija,22,WAS,SF,76,40,2020,11.2,0.535,0.401,0.285,4.2,21.9,13.4,13.9,1.6,1.2,15.9,16.7,0.0,2.3,2.3,0.054,-2.8,0.5,-2.3,-0.1,0.0,2022-23
104,Tyrese Maxey,22,PHI,SG,60,41,2016,17.0,0.605,0.404,0.233,1.4,8.8,5.2,16.9,1.2,0.4,7.4,24.1,3.7,1.6,5.4,0.128,1.9,-1.2,0.6,1.3,0.0,2022-23
105,Dorian Finney-Smith,29,2TM,PF,66,66,2009,9.2,0.523,0.675,0.118,6.5,11.5,9.0,6.7,1.4,1.6,10.5,13.2,0.6,1.6,2.1,0.051,-1.7,-0.3,-2.0,0.0,0.0,2022-23
105,Dorian Finney-Smith,29,DAL,PF,40,40,1288,10.0,0.557,0.7,0.129,6.0,11.1,8.5,6.3,1.5,1.4,9.9,12.8,0.8,0.9,1.7,0.065,-0.9,-0.2,-1.1,0.3,0.0,2022-23
105,Dorian Finney-Smith,29,BRK,PF,26,26,721,7.7,0.466,0.634,0.099,7.5,12.3,10.0,7.4,1.2,1.9,11.5,13.9,-0.3,0.7,0.4,0.027,-3.3,-0.4,-3.7,-0.3,0.0,2022-23
106,Jordan Clarkson,30,UTA,SG,61,61,1988,14.7,0.558,0.445,0.238,4.0,9.3,6.7,20.9,0.8,0.6,14.0,27.8,0.9,0.8,1.7,0.042,1.0,-2.4,-1.4,0.3,0.0,2022-23
107,Dennis Schroder,29,LAL,PG,66,50,1986,11.5,0.545,0.346,0.388,1.2,7.5,4.4,20.1,1.2,0.4,12.8,18.6,1.3,1.5,2.8,0.068,-2.4,-0.5,-2.9,-0.4,0.0,2022-23
108,Tre Jones,23,SAS,PG,68,65,1984,16.0,0.534,0.213,0.231,3.0,10.8,6.7,31.5,2.1,0.4,11.8,19.3,2.6,0.8,3.4,0.082,-0.2,-0.8,-1.0,0.5,0.0,2022-23
109,Grayson Allen,27,MIL,SG,72,70,1972,12.3,0.612,0.657,0.226,3.4,9.0,6.3,10.9,1.5,0.6,10.5,14.6,2.8,2.2,5.1,0.123,-0.6,0.7,0.1,1.0,0.0,2022-23
110,Jonas Valanciunas,30,NOP,C,79,79,1968,19.3,0.61,0.134,0.275,13.0,33.3,23.1,11.1,0.5,2.5,14.8,23.4,2.8,3.0,5.8,0.142,0.0,-0.4,-0.4,0.8,0.0,2022-23
111,Eric Gordon,34,2TM,SG,69,58,1965,11.8,0.587,0.545,0.265,0.9,6.7,3.8,13.4,1.1,1.2,12.5,17.8,1.8,0.5,2.3,0.056,-0.5,-1.4,-1.9,0.1,0.0,2022-23
111,Eric Gordon,34,HOU,SG,47,47,1418,11.4,0.572,0.513,0.282,0.9,6.7,3.8,13.8,1.0,1.2,13.4,18.1,1.0,0.1,1.1,0.037,-0.9,-1.7,-2.6,-0.2,0.0,2022-23
111,Eric Gordon,34,LAC,SG,22,11,547,13.1,0.629,0.634,0.217,0.8,6.7,3.8,12.2,1.2,1.3,9.9,17.0,0.8,0.4,1.2,0.105,0.5,-0.5,0.0,0.3,0.0,2022-23
112,Kevon Looney,26,GSW,C,82,70,1958,17.8,0.639,0.003,0.404,15.7,26.8,21.4,13.8,1.3,2.2,9.1,10.6,5.9,2.8,8.7,0.212,0.9,1.3,2.1,2.0,0.0,2022-23
113,Kyle Anderson,29,MIN,PF,69,46,1957,14.8,0.583,0.212,0.275,3.8,16.9,10.5,22.6,1.9,2.8,15.7,14.4,2.5,2.6,5.1,0.125,0.2,2.3,2.5,2.2,0.0,2022-23
114,Marcus Smart,28,BOS,PG,61,61,1957,12.1,0.538,0.568,0.196,2.6,8.0,5.3,26.4,2.3,1.0,17.9,17.8,1.0,2.7,3.7,0.092,-1.8,0.8,-1.0,0.5,0.0,2022-23
115,LeBron James,38,LAL,PF,55,54,1954,23.9,0.583,0.309,0.268,3.7,20.8,12.5,33.5,1.2,1.4,11.6,33.3,3.2,2.4,5.6,0.138,5.5,0.6,6.1,4.0,0.0,2022-23
116,Herbert Jones,24,NOP,PF,66,66,1951,12.1,0.567,0.333,0.321,5.6,10.0,7.8,11.1,2.6,2.1,13.3,14.5,1.5,2.7,4.2,0.104,-1.9,1.7,-0.3,0.8,0.0,2022-23
117,Torrey Craig,32,PHO,PF,79,60,1948,11.6,0.566,0.506,0.09,8.1,16.3,12.1,7.9,1.3,2.9,12.3,13.0,1.5,2.5,4.0,0.098,-1.3,0.7,-0.6,0.7,0.0,2022-23
118,Ja Morant,23,MEM,PG,61,59,1948,23.3,0.557,0.247,0.409,3.3,16.1,9.7,41.1,1.6,0.7,12.6,34.9,3.4,2.6,6.0,0.148,5.2,0.5,5.7,3.8,0.0,2022-23
119,Kelly Olynyk,31,UTA,C,68,68,1942,14.4,0.643,0.424,0.417,4.6,18.6,11.7,17.6,1.5,1.6,20.3,17.8,2.4,1.9,4.3,0.106,-0.4,0.9,0.4,1.2,0.0,2022-23
120,Stephen Curry,34,GSW,PG,56,56,1941,24.1,0.656,0.564,0.248,2.3,16.8,9.7,30.0,1.3,0.9,12.5,31.0,5.8,2.0,7.8,0.192,7.5,0.1,7.5,4.7,0.0,2022-23
121,Tyus Jones,26,MEM,PG,80,22,1940,16.0,0.546,0.459,0.141,1.5,9.4,5.5,28.8,2.0,0.3,8.9,17.7,3.4,2.3,5.7,0.141,1.2,0.3,1.6,1.7,0.0,2022-23
122,Paul George,32,LAC,SF,56,56,1939,19.6,0.588,0.424,0.293,2.6,17.0,9.9,24.2,2.1,0.9,13.4,29.5,2.3,2.3,4.6,0.114,2.4,0.3,2.8,2.3,0.0,2022-23
123,Al Horford,36,BOS,C,63,63,1922,13.8,0.631,0.678,0.044,4.2,17.7,11.1,13.2,0.8,2.7,7.0,11.9,3.6,2.7,6.3,0.157,1.6,1.7,3.3,2.5,0.0,2022-23
124,P.J. Tucker,37,PHI,PF,75,75,1920,5.7,0.566,0.622,0.102,5.9,12.1,9.1,3.9,1.0,0.7,15.8,6.5,0.9,1.7,2.5,0.064,-3.2,0.2,-3.0,-0.5,0.0,2022-23
125,Jalen McDaniels,25,2TM,SF,80,24,1913,11.8,0.557,0.376,0.224,3.6,16.3,9.9,9.6,2.1,1.6,12.1,17.2,0.5,2.2,2.7,0.068,-2.7,0.6,-2.1,-0.1,0.0,2022-23
125,Jalen McDaniels,25,CHO,SF,56,21,1494,11.6,0.551,0.409,0.211,3.1,16.5,9.6,10.5,2.1,1.7,12.9,17.5,0.1,1.7,1.8,0.057,-2.7,0.7,-2.0,0.0,0.0,2022-23
125,Jalen McDaniels,25,PHI,SF,24,3,419,12.5,0.58,0.244,0.276,5.5,15.8,10.7,6.5,2.0,1.1,8.6,16.1,0.4,0.5,1.0,0.109,-2.5,-0.1,-2.6,-0.1,0.0,2022-23
126,Jakob Poeltl,27,2TM,C,72,71,1906,21.0,0.635,0.002,0.325,13.0,25.5,19.0,15.2,1.7,4.0,15.0,18.2,3.7,2.2,6.0,0.15,1.1,0.8,1.9,1.9,0.0,2022-23
126,Jakob Poeltl,27,SAS,C,46,46,1199,19.7,0.625,0.003,0.332,13.3,25.0,18.9,17.0,1.4,3.6,17.8,18.6,1.8,1.1,2.9,0.115,0.5,0.4,0.9,0.9,0.0,2022-23
126,Jakob Poeltl,27,TOR,C,26,25,707,23.1,0.652,0.0,0.313,12.5,26.4,19.0,12.1,2.1,4.7,10.0,17.5,1.9,1.2,3.1,0.209,2.2,1.5,3.6,1.0,0.0,2022-23
127,Anthony Davis,29,LAL,C,56,54,1904,27.8,0.627,0.077,0.462,11.3,27.6,19.7,13.0,1.5,5.1,9.5,28.4,5.5,3.4,9.0,0.226,4.6,1.7,6.3,4.0,0.0,2022-23
128,Donte DiVincenzo,26,GSW,SG,72,36,1894,12.8,0.593,0.7,0.131,4.7,14.0,9.4,17.3,2.4,0.5,16.4,15.1,1.9,2.3,4.2,0.106,-0.6,1.3,0.7,1.3,0.0,2022-23
129,Bojan Bogdanovic,33,DET,PF,59,59,1893,17.4,0.627,0.4,0.344,2.0,11.3,6.5,13.6,0.9,0.4,11.7,25.9,3.1,0.4,3.5,0.09,2.6,-1.8,0.8,1.4,0.0,2022-23
130,Chris Paul,37,PHO,PG,59,59,1889,17.7,0.555,0.391,0.24,1.6,13.4,7.4,38.7,2.4,1.0,13.4,19.2,3.7,2.5,6.2,0.156,2.0,1.2,3.2,2.5,0.0,2022-23
131,Tyrese Haliburton,22,IND,PG,56,56,1883,23.6,0.624,0.478,0.239,1.9,10.1,6.0,47.6,2.3,1.1,13.2,23.8,6.4,1.2,7.6,0.195,7.0,0.2,7.2,4.4,0.0,2022-23
132,Jarred Vanderbilt,23,2TM,PF,78,65,1879,15.1,0.604,0.2,0.308,10.0,23.2,16.7,13.1,2.1,0.9,15.9,13.6,2.7,2.5,5.2,0.132,-0.6,1.6,1.1,1.5,0.0,2022-23
132,Jarred Vanderbilt,23,UTA,PF,52,41,1254,16.0,0.607,0.183,0.328,10.6,24.5,17.6,15.3,2.0,1.0,16.0,14.1,2.1,1.6,3.6,0.139,0.0,1.5,1.5,1.1,0.0,2022-23
132,Jarred Vanderbilt,23,LAL,PF,26,24,625,13.2,0.598,0.236,0.264,8.7,20.6,14.8,8.8,2.3,0.8,15.7,12.5,0.6,0.9,1.5,0.118,-1.7,1.9,0.2,0.4,0.0,2022-23
133,Terance Mann,26,LAC,SG,81,36,1872,13.4,0.619,0.378,0.225,4.7,11.8,8.3,14.0,1.1,1.0,12.2,15.3,2.8,1.5,4.3,0.111,-0.3,0.1,-0.2,0.8,0.0,2022-23
134,Troy Brown Jr.,23,LAL,SF,76,45,1860,9.6,0.561,0.604,0.084,3.7,13.7,8.9,6.6,1.5,0.7,9.2,12.1,1.0,2.0,2.9,0.075,-1.8,0.8,-1.0,0.5,0.0,2022-23
135,Onyeka Okongwu,22,ATL,C,80,18,1849,19.4,0.678,0.026,0.394,12.7,21.5,17.0,5.8,1.4,4.9,12.2,15.1,4.7,2.4,7.1,0.185,0.0,0.8,0.8,1.3,0.0,2022-23
136,Austin Reaves,24,LAL,SG,64,22,1843,14.9,0.687,0.441,0.541,2.0,9.0,5.6,15.7,0.8,0.9,14.0,16.2,4.1,1.4,5.4,0.142,0.6,0.1,0.7,1.2,0.0,2022-23
137,Desmond Bane,24,MEM,SG,58,58,1841,19.1,0.606,0.433,0.218,2.5,14.3,8.4,20.8,1.4,1.1,10.9,26.1,3.5,2.3,5.8,0.151,3.3,0.1,3.5,2.5,0.0,2022-23
138,Devin Booker,26,PHO,SG,53,53,1835,22.0,0.601,0.296,0.336,2.7,12.0,7.2,27.3,1.4,0.9,10.6,31.8,4.2,1.9,6.0,0.157,4.5,-0.3,4.2,2.9,0.0,2022-23
139,Marcus Morris,33,LAC,PF,65,65,1825,10.5,0.534,0.479,0.135,1.8,13.9,7.9,8.9,1.1,1.0,7.6,17.6,0.4,1.6,2.0,0.053,-1.8,-0.2,-1.9,0.0,0.0,2022-23
140,Myles Turner,26,IND,C,62,62,1825,20.0,0.651,0.34,0.377,5.4,22.9,14.2,7.5,0.9,6.6,10.8,22.0,3.4,2.0,5.4,0.142,1.4,0.7,2.1,1.9,0.0,2022-23
141,Bobby Portis,27,MIL,PF,70,22,1818,17.8,0.575,0.32,0.156,9.2,28.6,19.3,8.7,0.8,0.7,8.6,21.7,2.5,2.8,5.3,0.139,1.2,-0.6,0.7,1.2,0.0,2022-23
142,Aaron Nesmith,23,IND,SF,73,60,1816,10.5,0.566,0.532,0.241,3.8,13.1,8.5,7.4,1.4,1.6,10.3,16.8,0.9,1.1,2.0,0.052,-2.3,-0.7,-3.0,-0.4,0.0,2022-23
143,Patrick Beverley,34,2TM,SG,67,67,1816,8.9,0.534,0.664,0.181,2.7,12.0,7.5,13.3,1.7,2.0,13.4,10.6,0.8,2.1,3.0,0.079,-2.9,1.7,-1.2,0.3,0.0,2022-23
143,Patrick Beverley,34,LAL,SG,45,45,1211,8.3,0.548,0.656,0.207,2.2,9.9,6.2,12.1,1.6,1.7,13.8,10.6,0.5,1.3,1.8,0.071,-3.2,1.4,-1.8,0.1,0.0,2022-23
143,Patrick Beverley,34,CHI,PG,22,22,605,10.1,0.506,0.681,0.126,3.8,16.0,10.0,15.7,1.9,2.6,12.5,10.5,0.3,0.9,1.2,0.096,-2.4,2.2,-0.2,0.3,0.0,2022-23
144,Jevon Carter,27,MIL,PG,81,39,1810,10.9,0.56,0.596,0.067,2.1,9.3,5.8,14.5,1.7,1.3,11.8,15.3,1.2,2.3,3.5,0.092,-1.9,1.2,-0.6,0.6,0.0,2022-23
145,Michael Porter Jr.,24,DEN,SF,62,62,1798,16.8,0.621,0.556,0.147,4.2,17.2,10.9,5.3,1.0,1.4,7.3,22.7,2.6,1.8,4.3,0.116,2.0,-1.8,0.2,1.0,0.0,2022-23
146,Naji Marshall,25,NOP,SF,77,21,1792,11.4,0.539,0.382,0.306,3.0,14.6,8.8,14.4,1.5,0.7,13.0,17.8,0.5,2.0,2.5,0.068,-1.9,0.0,-1.9,0.1,0.0,2022-23
147,Jaren Jackson Jr.,23,MEM,C,63,63,1787,21.6,0.613,0.343,0.372,6.4,18.8,12.6,5.0,1.7,9.6,10.1,24.7,2.8,3.8,6.6,0.177,0.7,2.0,2.8,2.2,0.0,2022-23
148,Shaedon Sharpe,19,POR,SG,80,15,1779,11.5,0.568,0.437,0.162,4.0,11.3,7.6,7.9,1.0,1.2,10.7,19.0,0.6,0.6,1.2,0.032,-1.3,-2.0,-3.3,-0.6,0.0,2022-23
149,Markelle Fultz,24,ORL,PG,60,60,1778,16.6,0.564,0.128,0.211,4.4,10.5,7.4,29.8,2.4,1.4,15.8,21.3,1.7,2.0,3.7,0.1,-0.1,0.7,0.5,1.2,0.0,2022-23
150,Tari Eason,21,HOU,PF,82,5,1767,15.2,0.525,0.261,0.22,12.0,18.9,15.4,7.4,2.6,2.6,12.2,19.3,0.9,1.7,2.6,0.07,-1.3,-0.4,-1.7,0.1,0.0,2022-23
151,Gabe Vincent,26,MIA,PG,68,34,1759,9.0,0.533,0.617,0.138,1.7,8.1,4.8,13.9,1.8,0.3,13.3,17.5,-0.3,1.7,1.4,0.038,-3.1,-0.3,-3.4,-0.6,0.0,2022-23
152,Kawhi Leonard,31,LAC,SF,52,50,1748,23.9,0.623,0.287,0.32,3.7,17.8,10.8,19.6,2.0,1.4,8.1,27.0,4.9,2.2,7.1,0.194,5.1,0.9,6.1,3.5,0.0,2022-23
153,Malcolm Brogdon,30,BOS,PG,67,0,1744,18.2,0.615,0.406,0.251,2.7,14.7,8.8,21.5,1.3,0.9,10.8,22.8,3.6,2.2,5.8,0.161,2.3,0.6,2.8,2.1,0.0,2022-23
154,Christian Wood,27,DAL,C,67,17,1738,20.6,0.624,0.363,0.365,5.8,27.4,16.4,11.7,0.9,3.7,11.9,26.4,2.7,2.1,4.8,0.132,1.9,-0.3,1.7,1.6,0.0,2022-23
155,Coby White,22,CHI,SG,74,2,1730,12.5,0.572,0.579,0.118,1.1,12.6,6.9,16.3,1.5,0.3,10.6,17.9,1.2,1.9,3.1,0.087,-1.0,0.2,-0.8,0.5,0.0,2022-23
156,Clint Capela,28,ATL,C,65,63,1730,22.1,0.656,0.002,0.244,16.1,29.4,22.7,4.7,1.2,3.9,8.3,15.7,4.9,2.4,7.2,0.201,2.3,-0.1,2.2,1.8,0.0,2022-23
157,Malik Monk,24,SAC,SG,77,0,1719,16.6,0.587,0.5,0.26,2.1,11.3,6.7,25.0,1.4,1.0,14.1,25.8,2.1,1.2,3.2,0.091,1.6,-1.4,0.3,1.0,0.0,2022-23
158,Kyle Lowry,36,MIA,PG,55,44,1718,12.6,0.565,0.639,0.278,2.8,12.9,7.7,23.4,1.7,1.2,15.9,16.7,1.5,1.9,3.4,0.096,-0.7,0.8,0.2,0.9,0.0,2022-23
159,Nicolas Batum,34,LAC,PF,78,19,1709,11.0,0.594,0.832,0.126,4.1,15.4,9.8,9.4,1.5,2.3,11.1,11.5,1.7,1.9,3.6,0.101,-0.8,1.2,0.5,1.0,0.0,2022-23
160,Walker Kessler,21,UTA,C,74,40,1703,21.5,0.702,0.007,0.384,14.9,24.4,19.7,5.7,0.7,8.6,10.7,13.3,4.6,2.5,7.1,0.2,1.4,1.5,2.9,2.1,0.0,2022-23
161,Monte Morris,27,WAS,PG,62,61,1695,15.0,0.579,0.396,0.15,1.8,11.6,6.9,26.4,1.2,0.6,9.9,15.6,3.1,1.1,4.2,0.12,0.8,-0.4,0.5,1.1,0.0,2022-23
162,Wendell Carter Jr.,23,ORL,C,57,54,1690,17.3,0.621,0.367,0.318,8.0,25.3,16.6,12.0,0.9,1.9,13.2,20.5,2.6,2.0,4.6,0.13,0.9,0.1,1.0,1.3,0.0,2022-23
163,Santi Aldama,22,MEM,PF,77,20,1682,13.9,0.591,0.507,0.274,5.4,18.0,11.7,7.6,1.3,2.6,9.3,16.0,2.1,2.4,4.6,0.13,-0.3,0.8,0.5,1.1,0.0,2022-23
164,Bradley Beal,29,WAS,SG,50,50,1673,19.7,0.593,0.249,0.26,2.8,9.9,6.5,26.6,1.3,1.7,12.9,29.2,2.2,1.2,3.4,0.099,2.9,-1.2,1.8,1.6,0.0,2022-23
165,Kevin Durant,34,2TM,PF,47,47,1672,25.9,0.677,0.267,0.387,1.2,19.5,10.5,24.5,1.0,3.4,13.4,30.7,4.7,2.1,6.8,0.194,6.0,1.2,7.1,3.9,0.0,2022-23
165,Kevin Durant,34,BRK,PF,39,39,1403,26.2,0.673,0.257,0.39,1.1,19.4,10.5,25.9,1.1,3.5,13.7,31.5,3.9,1.7,5.7,0.194,5.8,1.2,7.0,3.2,0.0,2022-23
165,Kevin Durant,34,PHO,PF,8,8,269,24.3,0.697,0.32,0.375,1.2,20.2,10.5,17.3,0.4,3.3,11.8,26.8,0.8,0.3,1.1,0.196,7.1,0.9,8.0,0.7,0.0,2022-23
166,Jalen Duren,19,DET,C,67,31,1670,17.3,0.655,0.005,0.394,14.7,25.1,19.7,6.8,1.3,3.1,16.5,14.3,2.9,1.6,4.5,0.129,-0.4,-0.4,-0.8,0.5,0.0,2022-23
167,Reggie Jackson,32,2TM,PG,68,40,1657,10.0,0.514,0.45,0.122,1.7,8.0,4.9,20.0,1.4,0.3,14.6,20.8,-0.6,1.2,0.6,0.018,-2.9,-1.1,-3.9,-0.8,0.0,2022-23
167,Reggie Jackson,32,LAC,PG,52,38,1338,10.3,0.523,0.43,0.129,1.9,7.8,4.9,19.8,1.4,0.3,15.1,20.8,-0.4,1.0,0.6,0.02,-2.6,-1.0,-3.7,-0.6,0.0,2022-23
167,Reggie Jackson,32,DEN,PG,16,2,319,9.0,0.476,0.531,0.094,1.1,8.8,5.0,20.9,1.4,0.3,12.5,20.8,-0.2,0.2,0.1,0.008,-3.8,-1.3,-5.1,-0.3,0.0,2022-23
168,Isaac Okoro,22,CLE,SF,76,46,1652,10.7,0.614,0.483,0.291,3.7,9.6,6.7,7.0,1.7,1.7,9.5,11.9,1.9,2.3,4.2,0.122,-1.9,1.6,-0.3,0.7,0.0,2022-23
169,Isaiah Hartenstein,24,NYK,C,82,8,1626,14.2,0.567,0.113,0.217,14.1,22.2,18.1,8.3,1.6,3.7,15.6,11.2,2.2,2.4,4.6,0.136,-1.5,1.2,-0.3,0.7,0.0,2022-23
170,Daniel Gafford,24,WAS,C,78,47,1604,19.7,0.739,0.0,0.473,11.7,18.0,15.0,7.5,1.0,5.2,15.1,15.2,4.2,1.9,6.1,0.184,0.4,0.6,1.0,1.2,0.0,2022-23
171,Mitchell Robinson,24,NYK,C,59,58,1591,18.9,0.652,0.0,0.436,18.4,20.0,19.2,4.5,1.7,6.5,10.9,10.1,4.0,2.6,6.5,0.197,1.0,1.4,2.4,1.7,0.0,2022-23
172,Drew Eubanks,25,POR,C,78,28,1584,16.2,0.666,0.054,0.374,9.5,20.9,15.2,9.2,1.2,5.7,14.7,12.5,2.9,1.6,4.4,0.134,-0.9,0.9,0.1,0.8,0.0,2022-23
173,Gordon Hayward,32,CHO,SF,50,50,1577,13.5,0.563,0.275,0.274,2.2,12.6,7.3,19.3,1.3,0.7,13.2,20.0,0.8,1.1,2.0,0.059,-1.1,-0.3,-1.4,0.2,0.0,2022-23
174,Alex Caruso,28,CHI,PG,67,36,1575,11.5,0.588,0.528,0.255,3.1,10.9,7.1,15.4,3.0,2.8,19.5,11.1,1.0,2.6,3.6,0.109,-2.2,3.3,1.1,1.2,0.0,2022-23
175,Shake Milton,26,PHI,SG,76,11,1567,12.7,0.575,0.294,0.231,3.0,11.3,7.2,22.3,0.8,0.8,14.5,18.5,1.6,1.2,2.9,0.087,-1.0,-0.9,-2.0,0.0,0.0,2022-23
176,Norman Powell,29,LAC,SG,60,8,1567,17.1,0.612,0.404,0.39,1.7,10.7,6.3,11.0,1.6,1.0,10.8,26.0,2.1,1.4,3.5,0.107,0.9,-0.7,0.3,0.9,0.0,2022-23
177,Cole Anthony,22,ORL,PG,60,4,1552,16.0,0.57,0.338,0.279,3.4,17.6,10.5,22.9,1.2,1.9,11.7,21.5,2.1,1.7,3.7,0.116,0.7,0.5,1.3,1.3,0.0,2022-23
178,Malaki Branham,19,SAS,SG,66,32,1550,9.5,0.524,0.417,0.115,1.9,11.2,6.4,11.4,1.0,0.4,10.6,19.1,-0.4,0.2,-0.1,-0.004,-3.0,-2.1,-5.2,-1.3,0.0,2022-23
179,Cedi Osman,27,CLE,SF,77,2,1548,12.0,0.579,0.589,0.204,1.9,11.5,6.7,10.6,1.1,0.7,8.3,18.2,1.4,1.9,3.3,0.103,-0.8,0.2,-0.7,0.5,0.0,2022-23
180,Kelly Oubre Jr.,27,CHO,SF,48,40,1548,14.8,0.534,0.414,0.254,4.4,12.9,8.6,5.6,2.1,1.0,6.6,26.5,0.1,1.5,1.7,0.051,-0.4,-0.7,-1.1,0.3,0.0,2022-23
181,Josh Green,22,DAL,SG,60,21,1539,11.2,0.645,0.442,0.246,4.1,9.7,6.9,9.7,1.4,0.3,14.5,14.6,1.7,0.9,2.6,0.082,-1.9,-0.6,-2.4,-0.2,0.0,2022-23
182,Brandon Ingram,25,NOP,SF,45,45,1538,19.2,0.582,0.196,0.326,1.7,16.4,9.1,28.1,1.0,1.2,13.4,30.8,1.8,1.7,3.5,0.108,2.2,-0.4,1.7,1.5,0.0,2022-23
183,Josh Richardson,29,2TM,SG,65,10,1530,12.3,0.555,0.529,0.146,2.9,9.9,6.3,15.8,2.2,1.2,12.7,18.4,0.6,1.1,1.8,0.055,-1.0,-0.1,-1.2,0.3,0.0,2022-23
183,Josh Richardson,29,SAS,SG,42,6,997,13.6,0.556,0.51,0.148,3.2,10.1,6.5,19.3,1.9,0.9,12.7,20.5,0.6,0.4,1.0,0.047,-0.1,-1.0,-1.1,0.2,0.0,2022-23
183,Josh Richardson,29,NOP,SG,23,4,533,9.9,0.55,0.581,0.142,2.3,9.6,6.0,9.2,2.6,1.6,12.8,14.5,0.1,0.7,0.8,0.071,-2.9,1.5,-1.3,0.1,0.0,2022-23
184,Joe Harris,31,BRK,SF,74,33,1527,10.6,0.621,0.757,0.064,1.7,10.1,6.0,9.1,1.1,0.7,8.3,14.3,1.5,1.1,2.6,0.083,-0.6,-0.6,-1.1,0.3,0.0,2022-23
185,T.J. McConnell,30,IND,PG,75,6,1526,16.8,0.59,0.113,0.131,3.3,13.7,8.5,37.9,2.5,0.6,20.6,19.1,1.9,1.2,3.1,0.098,0.4,0.1,0.5,1.0,0.0,2022-23
186,Chris Boucher,30,TOR,PF,76,0,1523,18.0,0.59,0.357,0.318,10.9,21.2,15.7,2.7,1.5,4.1,6.4,18.0,3.0,2.0,5.0,0.156,0.7,-0.8,-0.1,0.7,0.0,2022-23
187,Georges Niang,29,PHI,PF,78,1,1512,10.9,0.61,0.765,0.09,1.5,12.8,7.2,7.3,1.0,0.9,9.4,17.0,1.1,1.4,2.5,0.078,-0.4,-1.0,-1.4,0.2,0.0,2022-23
188,Bogdan Bogdanovic,30,ATL,SG,54,9,1508,14.2,0.586,0.589,0.126,1.6,10.4,6.0,13.4,1.4,1.0,9.2,19.8,1.8,1.0,2.8,0.088,1.1,-0.7,0.5,0.9,0.0,2022-23
189,Damion Lee,30,PHO,SG,74,5,1506,10.7,0.607,0.546,0.23,2.8,14.0,8.3,8.9,1.0,0.4,13.5,16.3,1.1,1.4,2.6,0.081,-1.3,-0.4,-1.7,0.1,0.0,2022-23
190,Bol Bol,23,ORL,PF,70,33,1505,14.4,0.603,0.236,0.226,5.2,25.3,15.2,6.9,1.0,5.5,17.6,18.2,0.0,2.2,2.3,0.072,-1.8,0.9,-0.9,0.4,0.0,2022-23
191,John Konchar,26,MEM,SF,72,23,1494,10.8,0.542,0.553,0.113,4.5,17.4,11.0,8.2,2.4,1.5,9.9,10.4,1.0,2.5,3.5,0.111,-1.9,2.4,0.5,0.9,0.0,2022-23
192,Rui Hachimura,24,2TM,PF,63,9,1466,13.2,0.556,0.274,0.204,4.1,16.5,10.5,5.8,0.6,1.5,7.7,20.2,0.6,1.3,1.8,0.06,-1.3,-1.0,-2.2,-0.1,0.0,2022-23
192,Rui Hachimura,24,WAS,PF,30,0,728,13.6,0.558,0.275,0.179,3.0,16.0,9.8,7.3,0.7,1.4,9.3,23.0,0.0,0.5,0.6,0.038,-1.2,-1.4,-2.6,-0.1,0.0,2022-23
192,Rui Hachimura,24,LAL,PF,33,9,738,12.7,0.553,0.273,0.235,5.1,17.0,11.2,4.4,0.5,1.6,5.6,17.4,0.5,0.7,1.2,0.081,-1.4,-0.5,-1.9,0.0,0.0,2022-23
193,Dwight Powell,31,DAL,C,76,64,1458,15.5,0.738,0.019,0.625,11.8,13.3,12.5,6.9,1.6,1.6,15.9,12.6,3.8,1.3,5.1,0.168,-1.2,0.0,-1.2,0.3,0.0,2022-23
194,Jeremy Sochan,19,SAS,PF,56,53,1458,11.4,0.509,0.243,0.21,6.9,15.6,11.0,13.6,1.4,1.3,13.9,19.8,-0.5,0.7,0.2,0.005,-2.8,-1.2,-4.0,-0.7,0.0,2022-23
195,Keita Bates-Diop,27,SAS,PF,67,42,1452,14.9,0.609,0.305,0.323,4.7,14.3,9.3,9.8,1.5,1.1,9.5,16.7,2.1,0.6,2.7,0.089,0.3,-0.9,-0.6,0.5,0.0,2022-23
196,Davion Mitchell,24,SAC,PG,80,9,1447,9.4,0.545,0.494,0.078,1.3,7.0,4.1,16.5,1.5,0.9,13.1,14.1,0.7,0.8,1.5,0.05,-2.4,-0.4,-2.8,-0.3,0.0,2022-23
197,Pat Connaughton,30,MIL,SF,61,33,1443,10.0,0.531,0.765,0.097,3.8,16.2,10.2,6.9,1.2,0.6,7.0,13.8,0.7,1.8,2.5,0.085,-1.3,0.3,-1.0,0.3,0.0,2022-23
198,Zach Collins,25,SAS,C,63,26,1441,16.4,0.599,0.268,0.259,8.5,22.5,15.2,18.0,1.2,2.8,17.4,21.2,1.2,1.0,2.2,0.074,-0.5,0.3,-0.2,0.6,0.0,2022-23
199,Isaiah Stewart,21,DET,C,50,47,1414,13.1,0.56,0.465,0.338,8.7,23.3,15.8,7.3,0.7,2.1,11.8,17.3,1.1,0.9,2.0,0.068,-1.0,-1.1,-2.1,0.0,0.0,2022-23
200,AJ Griffin,19,ATL,SF,72,12,1401,12.6,0.577,0.486,0.088,2.9,9.2,6.0,7.0,1.4,0.7,7.1,17.9,1.3,0.9,2.2,0.075,-0.3,-0.5,-0.8,0.4,0.0,2022-23
201,Isaiah Joe,23,OKC,SG,73,10,1395,14.5,0.626,0.776,0.197,2.0,11.6,6.7,8.7,1.6,0.5,6.6,17.7,2.5,1.3,3.8,0.131,1.3,-0.4,0.9,1.0,0.0,2022-23
202,Jonathan Kuminga,20,GSW,PF,67,16,1394,13.3,0.597,0.294,0.278,5.6,12.5,9.1,12.7,1.4,2.0,14.6,19.6,1.0,1.4,2.4,0.084,-1.7,-0.1,-1.7,0.1,0.0,2022-23
203,Jusuf Nurkic,28,POR,C,52,52,1391,17.3,0.589,0.236,0.38,9.3,29.7,19.5,16.4,1.5,2.8,16.8,22.1,1.2,1.5,2.7,0.092,-0.6,0.7,0.1,0.7,0.0,2022-23
204,Dennis Smith Jr.,25,CHO,PG,54,15,1390,11.6,0.475,0.246,0.235,2.0,11.0,6.4,26.1,2.6,1.6,14.1,17.6,-0.4,1.5,1.1,0.039,-3.5,1.2,-2.2,-0.1,0.0,2022-23
205,Larry Nance Jr.,30,NOP,C,65,1,1381,16.0,0.649,0.138,0.259,8.7,20.3,14.5,11.7,2.0,2.6,11.0,11.9,2.8,2.1,4.9,0.171,0.0,2.0,2.0,1.4,0.0,2022-23
206,Josh Okogie,24,PHO,SG,72,26,1350,13.3,0.531,0.476,0.464,8.8,11.9,10.3,10.3,2.0,2.3,11.2,17.7,1.1,1.7,2.8,0.101,-0.8,0.5,-0.2,0.6,0.0,2022-23
207,Devonte' Graham,27,2TM,PG,73,8,1338,12.5,0.552,0.784,0.304,1.6,8.7,5.1,19.4,1.6,1.1,9.8,17.1,1.5,1.0,2.5,0.091,0.1,-0.2,-0.1,0.6,0.0,2022-23
207,Devonte' Graham,27,NOP,PG,53,0,811,11.8,0.545,0.823,0.255,1.7,8.4,5.0,18.7,1.8,1.2,9.5,15.0,0.9,0.9,1.8,0.105,-0.4,0.6,0.2,0.4,0.0,2022-23
207,Devonte' Graham,27,SAS,PG,20,8,527,13.6,0.559,0.74,0.36,1.4,9.3,5.2,20.4,1.3,0.9,10.1,20.2,0.6,0.1,0.8,0.069,1.0,-1.4,-0.4,0.2,0.0,2022-23
208,Terrence Ross,31,2TM,SG,63,9,1330,10.2,0.544,0.555,0.073,1.8,11.2,6.5,10.2,1.3,0.7,8.2,16.8,0.5,1.2,1.6,0.059,-1.8,-0.3,-2.1,0.0,0.0,2022-23
208,Terrence Ross,31,ORL,SG,42,9,944,8.6,0.543,0.535,0.067,1.2,9.0,5.1,8.1,1.3,0.8,10.7,15.7,-0.1,0.7,0.6,0.032,-2.7,-0.4,-3.1,-0.3,0.0,2022-23
208,Terrence Ross,31,PHO,SG,21,0,386,14.2,0.546,0.59,0.084,3.4,16.7,9.9,15.4,1.3,0.5,3.4,19.7,0.6,0.4,1.0,0.127,0.3,0.2,0.5,0.2,0.0,2022-23
209,Luke Kennard,26,2TM,SG,59,14,1315,13.0,0.684,0.704,0.102,1.2,11.8,6.6,9.4,1.2,0.3,10.3,14.5,2.2,1.2,3.4,0.124,0.6,-0.1,0.5,0.8,0.0,2022-23
209,Luke Kennard,26,LAC,SG,35,11,725,10.5,0.623,0.626,0.095,0.9,11.8,6.4,7.1,1.3,0.5,12.0,15.0,0.5,0.6,1.1,0.07,-1.4,0.0,-1.4,0.1,0.0,2022-23
209,Luke Kennard,26,MEM,SG,24,3,590,16.0,0.758,0.801,0.111,1.6,11.8,6.7,12.1,1.0,0.2,8.2,13.7,1.7,0.6,2.3,0.189,3.0,-0.2,2.9,0.7,0.0,2022-23
210,Doug McDermott,31,SAS,SF,64,0,1314,11.1,0.59,0.57,0.134,1.8,10.0,5.8,9.8,0.5,0.4,9.5,19.2,1.0,0.0,1.0,0.035,-0.7,-2.5,-3.2,-0.4,0.0,2022-23
211,Talen Horton-Tucker,22,UTA,SG,65,20,1313,13.7,0.508,0.331,0.274,3.4,13.7,8.6,27.4,1.5,1.9,15.5,25.9,-0.3,1.1,0.8,0.029,-1.1,-0.5,-1.6,0.2,0.0,2022-23
212,Jose Alvarado,24,NOP,PG,61,10,1310,11.8,0.525,0.505,0.164,2.4,9.8,6.1,19.9,2.5,0.7,13.4,19.8,0.1,1.7,1.8,0.066,-2.0,0.7,-1.2,0.3,0.0,2022-23
213,Aaron Wiggins,24,OKC,SG,70,14,1297,12.2,0.607,0.336,0.196,5.5,12.0,8.7,8.3,1.4,1.1,12.2,14.5,1.4,1.2,2.6,0.097,-1.5,-0.5,-2.1,0.0,0.0,2022-23
214,Lonnie Walker IV,24,LAL,SG,56,32,1297,12.2,0.57,0.472,0.201,1.2,7.6,4.5,7.0,1.1,1.1,7.4,20.2,0.8,1.0,1.8,0.066,-0.9,-0.5,-1.4,0.2,0.0,2022-23
215,Sam Hauser,25,BOS,SF,80,8,1290,12.7,0.634,0.846,0.043,3.0,14.1,8.6,7.6,1.1,1.4,6.9,14.7,1.8,1.6,3.4,0.128,0.6,0.4,1.0,1.0,0.0,2022-23
216,Jalen Smith,22,IND,C,68,31,1279,15.9,0.565,0.376,0.27,11.2,22.9,17.1,7.6,0.8,4.0,11.2,21.0,1.1,1.1,2.3,0.085,-0.9,-1.1,-2.1,0.0,0.0,2022-23
217,LaMelo Ball,21,CHO,PG,36,36,1268,17.9,0.541,0.531,0.169,3.5,16.2,9.7,38.7,1.7,0.8,14.3,30.0,0.6,1.2,1.8,0.068,3.2,-0.8,2.4,1.4,0.0,2022-23
218,David Roddy,21,MEM,PF,70,4,1258,8.8,0.519,0.505,0.155,4.2,12.0,8.1,6.1,1.1,1.4,11.3,16.7,-0.3,1.4,1.1,0.043,-3.2,-0.7,-3.9,-0.6,0.0,2022-23
219,Jaylen Nowell,23,MIN,SG,65,2,1252,13.7,0.527,0.371,0.158,3.3,11.7,7.6,15.9,1.6,0.3,8.9,25.0,0.0,1.2,1.2,0.046,-1.5,-1.0,-2.5,-0.2,0.0,2022-23
220,Naz Reid,23,MIN,C,68,11,1251,18.5,0.617,0.376,0.22,6.6,22.8,14.9,9.6,1.6,3.7,12.7,24.8,1.1,1.9,3.0,0.114,0.3,0.8,1.0,1.0,0.0,2022-23
221,Trey Lyles,27,SAC,PF,74,0,1247,14.2,0.607,0.588,0.304,6.3,21.1,13.7,7.0,1.0,2.2,12.2,18.1,1.4,1.2,2.6,0.098,0.0,-0.9,-1.0,0.3,0.0,2022-23
222,Jalen Suggs,21,ORL,SG,53,19,1246,12.5,0.528,0.455,0.268,5.0,9.6,7.3,18.0,2.6,2.1,15.9,20.3,-0.2,1.5,1.4,0.053,-1.8,0.8,-1.0,0.3,0.0,2022-23
223,Kevin Love,34,2TM,PF,62,20,1240,13.1,0.548,0.698,0.215,5.5,32.6,18.9,13.2,0.6,0.9,13.1,19.2,0.6,2.0,2.6,0.099,0.2,0.4,0.6,0.8,0.0,2022-23
223,Kevin Love,34,CLE,PF,41,3,821,13.6,0.555,0.684,0.221,6.0,34.2,20.1,12.8,0.4,0.8,13.1,19.6,0.5,1.4,1.9,0.112,0.8,0.6,1.4,0.7,0.0,2022-23
223,Kevin Love,34,MIA,PF,21,17,419,12.3,0.535,0.727,0.201,4.6,29.6,16.6,14.0,1.1,1.2,13.2,18.5,0.1,0.6,0.7,0.075,-1.0,-0.1,-1.1,0.1,0.0,2022-23
224,Cory Joseph,31,DET,PG,62,2,1227,12.1,0.558,0.513,0.205,1.8,7.9,4.8,25.4,1.3,0.6,12.8,15.2,1.5,0.3,1.8,0.07,-0.7,-0.8,-1.5,0.2,0.0,2022-23
225,Delon Wright,30,WAS,PG,50,14,1221,16.3,0.581,0.409,0.206,5.5,10.7,8.2,20.9,3.7,1.2,12.2,12.9,2.1,1.6,3.7,0.146,0.4,3.1,3.4,1.7,0.0,2022-23
226,Nick Richards,25,CHO,C,65,9,1217,18.3,0.676,0.003,0.585,12.6,24.0,18.2,4.5,0.4,5.1,13.0,15.6,2.7,1.5,4.2,0.165,-1.0,-0.2,-1.3,0.2,0.0,2022-23
227,Seth Curry,32,BRK,SG,61,7,1211,12.3,0.593,0.517,0.122,1.2,7.9,4.6,11.9,1.5,0.5,9.7,19.2,0.9,0.9,1.8,0.07,-1.2,-0.9,-2.1,0.0,0.0,2022-23
228,Ochai Agbaji,22,UTA,SG,59,22,1209,9.5,0.561,0.591,0.179,3.9,6.9,5.4,7.5,0.6,1.0,9.0,15.8,0.9,0.4,1.3,0.053,-1.7,-1.4,-3.0,-0.3,0.0,2022-23
229,Kenrich Williams,28,OKC,PF,53,10,1206,14.4,0.585,0.387,0.113,8.5,14.9,11.6,11.7,1.8,1.1,8.1,13.7,2.0,1.3,3.3,0.133,0.1,0.4,0.5,0.8,0.0,2022-23
230,Matisse Thybulle,25,2TM,SG,71,28,1200,10.5,0.552,0.585,0.111,3.9,9.7,6.8,5.9,3.4,2.4,8.3,10.6,0.6,1.5,2.1,0.086,-2.7,2.2,-0.5,0.4,0.0,2022-23
230,Matisse Thybulle,25,PHI,SF,49,6,591,10.0,0.536,0.543,0.103,4.1,8.5,6.3,5.1,3.8,2.2,6.2,9.8,0.3,0.9,1.3,0.102,-3.2,3.3,0.1,0.3,0.0,2022-23
230,Matisse Thybulle,25,POR,SG,22,22,609,11.0,0.566,0.62,0.117,3.7,10.8,7.3,6.6,3.0,2.6,10.0,11.4,0.3,0.6,0.9,0.07,-2.2,1.1,-1.2,0.1,0.0,2022-23
231,Isaiah Livers,24,DET,PF,52,22,1199,8.4,0.567,0.705,0.135,2.5,11.0,6.6,4.8,1.1,2.1,9.0,11.9,0.5,0.5,1.0,0.041,-2.1,-0.3,-2.4,-0.1,0.0,2022-23
232,Cameron Johnson,26,2TM,PF,42,41,1199,17.1,0.617,0.538,0.253,3.2,14.0,8.6,9.6,2.0,1.0,6.6,20.6,2.1,1.4,3.5,0.142,2.0,0.6,2.6,1.4,0.0,2022-23
232,Cameron Johnson,26,PHO,PF,17,16,429,17.4,0.629,0.572,0.191,3.5,13.4,8.4,8.9,1.7,1.3,5.1,19.6,0.9,0.5,1.4,0.161,3.2,0.6,3.8,0.6,0.0,2022-23
232,Cameron Johnson,26,BRK,PF,25,25,770,16.9,0.61,0.518,0.289,3.0,14.3,8.8,10.0,2.2,0.9,7.4,21.1,1.2,0.9,2.1,0.131,1.4,0.6,2.0,0.8,0.0,2022-23
233,Anthony Lamb,25,GSW,SF,62,4,1195,10.9,0.61,0.634,0.191,5.3,14.4,9.9,10.5,1.1,1.5,13.7,13.8,1.2,1.2,2.4,0.096,-1.6,0.4,-1.1,0.3,0.0,2022-23
234,Taurean Prince,28,MIN,PF,54,4,1192,10.0,0.597,0.512,0.203,1.4,10.8,6.2,9.6,1.1,1.1,14.3,17.3,0.3,1.0,1.3,0.052,-2.6,-0.6,-3.3,-0.4,0.0,2022-23
235,Andrew Wiggins,27,GSW,SF,37,37,1190,14.7,0.564,0.425,0.136,5.7,11.3,8.6,10.5,1.8,2.1,7.9,21.5,1.0,1.3,2.3,0.091,-0.1,-0.4,-0.5,0.5,0.0,2022-23
236,Jordan Nwora,24,2TM,SF,62,14,1188,12.2,0.561,0.474,0.193,4.7,15.8,10.4,10.5,1.0,1.0,12.0,19.4,0.5,1.0,1.5,0.06,-0.8,-1.3,-2.1,0.0,0.0,2022-23
236,Jordan Nwora,24,MIL,SF,38,3,597,10.0,0.53,0.518,0.218,5.3,14.8,10.2,8.4,1.0,1.0,13.6,17.6,0.0,0.7,0.7,0.057,-2.0,-0.4,-2.4,0.0,0.0,2022-23
236,Jordan Nwora,24,IND,SF,24,11,591,14.4,0.586,0.44,0.173,4.1,16.9,10.5,12.6,1.0,1.0,10.7,21.2,0.5,0.3,0.8,0.064,0.4,-2.2,-1.8,0.0,0.0,2022-23
237,Gary Harris,28,ORL,SG,48,42,1184,10.5,0.62,0.71,0.098,2.0,7.4,4.7,6.9,1.8,1.0,8.0,12.6,1.3,1.1,2.3,0.095,-1.4,0.7,-0.7,0.4,0.0,2022-23
238,Tre Mann,21,OKC,PG,67,5,1183,10.0,0.492,0.513,0.11,2.4,11.8,7.0,14.0,1.6,0.9,10.6,20.7,-0.6,1.1,0.5,0.021,-3.0,-1.0,-3.9,-0.6,0.0,2022-23
239,Trendon Watford,22,POR,PF,62,12,1182,13.6,0.625,0.198,0.31,4.1,19.2,11.6,16.0,1.3,0.9,16.2,16.1,1.3,0.7,2.1,0.084,-1.4,-0.4,-1.8,0.1,0.0,2022-23
240,Christian Braun,21,DEN,SG,76,6,1181,10.3,0.568,0.332,0.221,4.8,12.6,8.8,6.4,1.7,1.3,9.9,13.0,0.7,1.2,1.9,0.079,-2.5,0.1,-2.4,-0.1,0.0,2022-23
241,Xavier Tillman Sr.,24,MEM,C,61,29,1180,17.3,0.621,0.049,0.291,10.9,16.7,13.8,10.9,2.3,2.2,11.3,13.7,2.3,1.9,4.2,0.171,0.3,1.7,1.9,1.2,0.0,2022-23
242,Devin Vassell,22,SAS,SG,38,32,1178,15.5,0.55,0.447,0.168,0.7,13.5,6.9,17.3,1.7,1.2,8.2,24.4,0.7,0.5,1.2,0.051,1.3,-0.9,0.4,0.7,0.0,2022-23
243,Collin Sexton,24,UTA,PG,48,15,1145,15.9,0.616,0.261,0.425,3.5,6.3,5.0,17.9,1.1,0.4,13.3,23.4,2.0,0.5,2.5,0.105,0.1,-1.5,-1.3,0.2,0.0,2022-23
244,Precious Achiuwa,23,TOR,C,55,12,1140,15.2,0.554,0.267,0.307,9.3,24.4,16.3,6.3,1.3,2.6,11.4,19.4,0.8,1.4,2.2,0.093,-1.4,-0.8,-2.3,-0.1,0.0,2022-23
245,Steven Adams,29,MEM,C,42,42,1133,17.5,0.564,0.004,0.49,20.1,25.3,22.7,11.2,1.5,3.7,19.8,14.6,1.3,2.1,3.4,0.144,-0.3,0.9,0.6,0.7,0.0,2022-23
246,Alec Burks,31,DET,SG,51,8,1122,16.5,0.602,0.521,0.41,1.8,14.2,7.8,15.9,1.6,0.6,9.7,22.8,1.9,0.6,2.5,0.109,1.8,-0.5,1.2,0.9,0.0,2022-23
247,Lamar Stevens,25,CLE,SF,62,25,1120,9.5,0.524,0.33,0.198,5.0,16.7,10.9,4.0,1.2,1.6,7.9,13.6,0.3,1.6,1.9,0.08,-3.0,0.2,-2.8,-0.2,0.0,2022-23
248,Moritz Wagner,25,ORL,C,57,18,1109,17.4,0.63,0.412,0.46,7.0,19.4,13.2,11.5,1.6,1.1,12.5,21.1,2.1,1.3,3.4,0.149,0.4,0.2,0.6,0.7,0.0,2022-23
249,Jordan Goodwin,24,WAS,PG,62,7,1106,14.8,0.531,0.334,0.195,6.0,14.3,10.3,20.8,2.6,2.0,12.9,17.3,0.9,1.3,2.2,0.097,-0.7,1.4,0.7,0.8,0.0,2022-23
250,Victor Oladipo,30,MIA,SG,42,2,1106,10.6,0.513,0.526,0.196,1.6,12.3,6.8,19.8,2.6,1.1,16.6,21.1,-0.9,1.5,0.6,0.024,-2.9,0.8,-2.1,0.0,0.0,2022-23
251,Ben Simmons,26,BRK,PG,42,33,1105,13.4,0.559,0.009,0.243,4.2,22.2,13.4,31.3,2.4,1.9,27.2,14.3,0.5,1.7,2.2,0.097,-2.2,2.6,0.4,0.7,0.0,2022-23
252,Jeff Green,36,DEN,PF,56,4,1091,11.0,0.576,0.317,0.357,4.1,10.9,7.6,8.3,0.8,1.4,10.8,17.0,0.8,0.8,1.7,0.074,-2.4,-1.0,-3.4,-0.4,0.0,2022-23
253,Brandon Clarke,26,MEM,PF,56,8,1090,20.0,0.682,0.017,0.393,9.0,21.2,15.1,9.5,1.5,3.1,11.8,17.7,2.7,1.8,4.5,0.199,0.8,1.8,2.5,1.3,0.0,2022-23
254,Bones Hyland,22,2TM,PG,56,1,1085,14.9,0.535,0.552,0.179,2.1,11.8,7.1,23.4,1.8,1.2,11.7,28.0,0.3,1.1,1.4,0.062,0.4,-1.2,-0.8,0.3,0.0,2022-23
254,Bones Hyland,22,DEN,PG,42,1,820,14.5,0.54,0.555,0.189,1.4,10.4,6.0,22.0,1.7,1.4,12.5,28.5,0.1,0.8,0.9,0.051,0.6,-1.4,-0.8,0.3,0.0,2022-23
254,Bones Hyland,22,LAC,PG,14,0,265,16.4,0.518,0.54,0.146,4.3,16.3,10.4,27.6,2.0,0.7,9.3,26.5,0.2,0.3,0.5,0.094,-0.2,-0.7,-0.9,0.1,0.0,2022-23
255,Oshae Brissett,24,IND,PF,65,2,1083,10.6,0.52,0.486,0.455,6.4,16.0,11.2,5.4,1.4,1.0,8.2,16.1,0.4,0.7,1.1,0.05,-2.0,-1.2,-3.2,-0.3,0.0,2022-23
256,Thomas Bryant,25,2TM,C,59,26,1081,19.7,0.682,0.16,0.341,8.9,24.6,17.0,4.3,0.7,2.4,8.2,18.2,2.7,1.4,4.1,0.183,1.1,-0.5,0.6,0.7,0.0,2022-23
256,Thomas Bryant,25,LAL,C,41,25,876,21.5,0.712,0.166,0.359,8.5,25.1,17.1,5.0,0.8,2.2,7.4,18.2,2.7,1.2,3.8,0.211,2.4,-0.1,2.3,0.9,0.0,2022-23
256,Thomas Bryant,25,DEN,C,18,1,205,11.8,0.547,0.132,0.265,11.0,22.4,16.8,1.3,0.5,3.0,11.6,18.2,0.0,0.2,0.3,0.066,-4.4,-2.2,-6.6,-0.2,0.0,2022-23
257,Obi Toppin,24,NYK,PF,67,5,1050,13.6,0.565,0.589,0.112,3.0,16.6,9.8,9.2,1.1,1.1,8.0,19.5,1.1,1.0,2.1,0.095,0.3,-0.8,-0.5,0.4,0.0,2022-23
258,Joe Ingles,35,MIL,SF,46,0,1044,10.7,0.616,0.819,0.085,1.4,11.1,6.4,18.4,1.5,0.5,17.6,12.6,1.1,1.2,2.3,0.107,-1.6,0.8,-0.7,0.3,0.0,2022-23
259,Jalen Johnson,21,ATL,SF,70,6,1042,14.1,0.554,0.323,0.242,5.3,24.6,14.8,10.4,1.7,2.8,10.3,16.0,0.8,1.3,2.1,0.099,-1.2,1.5,0.3,0.6,0.0,2022-23
260,Isaiah Jackson,21,IND,C,63,12,1042,17.5,0.595,0.044,0.459,12.1,18.0,15.0,7.0,1.4,7.7,11.8,17.4,1.5,1.2,2.7,0.124,-1.7,0.9,-0.8,0.3,0.0,2022-23
261,Dyson Daniels,19,NOP,PG,59,11,1042,8.8,0.503,0.413,0.192,3.9,16.5,10.2,16.4,2.0,1.0,20.2,11.6,-0.1,1.4,1.3,0.061,-3.4,1.6,-1.8,0.0,0.0,2022-23
262,Wenyen Gabriel,25,LAL,C,68,2,1024,14.4,0.626,0.138,0.323,12.6,17.2,15.0,4.8,1.2,2.9,13.4,14.1,1.5,1.3,2.8,0.132,-2.3,0.1,-2.2,-0.1,0.0,2022-23
263,Austin Rivers,30,MIN,SG,52,10,1016,7.4,0.564,0.589,0.187,0.6,8.4,4.6,9.3,1.3,0.3,9.2,10.5,0.5,0.8,1.3,0.061,-3.3,0.5,-2.8,-0.2,0.0,2022-23
264,Hamidou Diallo,24,DET,SF,56,0,996,15.7,0.593,0.056,0.395,6.2,15.7,10.8,9.2,2.6,1.4,13.9,21.8,0.4,0.9,1.3,0.063,-1.8,0.4,-1.4,0.1,0.0,2022-23
265,Will Barton,32,2TM,SG,56,2,993,10.0,0.493,0.495,0.129,1.7,13.5,7.7,15.4,1.4,1.1,11.1,18.9,-0.4,0.8,0.4,0.021,-2.0,-0.6,-2.6,-0.2,0.0,2022-23
265,Will Barton,32,WAS,SG,40,0,782,10.0,0.504,0.484,0.158,1.5,13.8,7.9,16.5,1.1,1.1,12.9,19.4,-0.4,0.6,0.2,0.013,-1.7,-0.9,-2.7,-0.1,0.0,2022-23
265,Will Barton,32,TOR,SG,16,2,211,9.9,0.451,0.532,0.025,2.5,12.2,7.0,11.0,2.6,1.4,3.6,16.7,0.0,0.2,0.2,0.051,-2.9,0.5,-2.5,0.0,0.0,2022-23
266,Marvin Bagley III,23,DET,C,42,25,990,17.2,0.587,0.173,0.283,10.2,20.2,15.1,5.9,0.9,2.7,9.7,20.4,1.3,0.7,2.0,0.095,0.3,-1.2,-0.9,0.3,0.0,2022-23
267,Cam Reddish,23,2TM,SF,40,20,990,10.6,0.561,0.462,0.24,2.0,8.1,5.0,8.1,1.9,1.3,12.0,17.1,0.3,0.7,0.9,0.046,-2.6,-0.8,-3.4,-0.4,0.0,2022-23
267,Cam Reddish,23,NYK,SF,20,8,438,10.6,0.558,0.412,0.243,1.7,6.0,3.9,6.3,1.7,1.7,9.1,16.2,0.3,0.4,0.7,0.071,-2.2,0.0,-2.3,0.0,0.0,2022-23
267,Cam Reddish,23,POR,SF,20,12,552,10.6,0.563,0.5,0.239,2.3,9.6,5.9,9.6,2.1,1.0,14.1,17.8,0.0,0.3,0.3,0.025,-3.0,-1.4,-4.3,-0.3,0.0,2022-23
268,Jock Landale,27,PHO,C,69,4,979,16.4,0.595,0.249,0.312,13.2,18.6,15.8,10.1,0.8,2.7,13.3,19.3,1.5,1.2,2.7,0.132,-0.7,-0.4,-1.1,0.2,0.0,2022-23
269,Nassir Little,22,POR,SF,54,4,976,10.2,0.555,0.521,0.152,3.2,13.5,8.3,7.3,1.0,1.8,10.0,16.0,0.2,0.4,0.7,0.032,-1.6,-1.4,-3.0,-0.3,0.0,2022-23
270,Usman Garuba,20,HOU,C,75,1,970,12.9,0.569,0.333,0.266,13.4,21.4,17.4,8.8,2.2,2.9,19.2,10.5,0.9,0.9,1.8,0.091,-2.0,0.6,-1.4,0.2,0.0,2022-23
271,JT Thor,20,CHO,PF,69,8,969,7.0,0.506,0.517,0.197,3.9,13.0,8.4,4.9,1.1,2.1,14.5,13.1,-0.6,0.8,0.2,0.009,-4.3,-0.4,-4.7,-0.7,0.0,2022-23
272,Haywood Highsmith,26,MIA,PF,54,11,969,8.5,0.517,0.505,0.13,6.7,16.4,11.4,6.2,1.9,1.8,16.5,12.5,-0.3,1.3,0.9,0.046,-3.7,0.7,-3.1,-0.3,0.0,2022-23
273,Cameron Payne,28,PHO,PG,48,15,968,13.2,0.512,0.408,0.141,1.3,11.0,6.1,32.6,1.7,0.7,14.4,24.8,0.0,1.0,1.1,0.053,-0.5,-0.7,-1.2,0.2,0.0,2022-23
274,Kendrick Nunn,27,2TM,SG,70,2,964,11.1,0.53,0.496,0.091,1.8,10.3,6.2,13.8,1.4,0.6,12.4,23.7,-0.6,0.8,0.2,0.008,-2.0,-1.5,-3.5,-0.4,0.0,2022-23
274,Kendrick Nunn,27,LAL,SG,39,2,528,8.7,0.503,0.502,0.084,1.0,9.8,5.6,9.3,1.0,0.5,10.6,23.3,-0.6,0.4,-0.2,-0.021,-3.4,-1.6,-5.0,-0.4,0.0,2022-23
274,Kendrick Nunn,27,WAS,SG,31,0,436,14.1,0.563,0.487,0.101,2.7,10.8,6.9,19.2,1.9,0.8,14.4,24.2,0.0,0.4,0.4,0.043,-0.4,-1.3,-1.6,0.0,0.0,2022-23
275,Karl-Anthony Towns,27,MIN,PF,29,29,957,18.8,0.618,0.383,0.315,5.7,21.6,13.8,22.0,1.0,1.5,15.0,25.6,1.5,1.1,2.7,0.133,2.1,0.9,3.0,1.2,0.0,2022-23
276,Zion Williamson,22,NOP,PF,29,29,956,25.2,0.652,0.041,0.529,6.9,17.0,12.0,24.4,1.6,1.6,14.6,30.4,2.3,1.2,3.6,0.18,4.8,1.0,5.8,1.9,0.0,2022-23
277,Kevin Knox,23,2TM,SF,63,5,952,11.1,0.579,0.56,0.181,3.9,17.3,10.5,5.2,1.2,1.1,12.2,18.4,0.2,0.5,0.7,0.034,-2.1,-1.4,-3.5,-0.4,0.0,2022-23
277,Kevin Knox,23,DET,SF,42,1,593,10.3,0.612,0.648,0.184,3.6,17.0,10.1,3.7,1.1,1.8,14.2,16.2,0.2,0.3,0.5,0.043,-2.1,-0.6,-2.8,-0.1,0.0,2022-23
277,Kevin Knox,23,POR,PF,21,4,359,12.4,0.54,0.458,0.176,4.4,17.7,11.0,7.7,1.4,0.0,9.8,22.1,0.0,0.2,0.1,0.019,-2.0,-2.7,-4.6,-0.2,0.0,2022-23
278,Cam Thomas,21,BRK,SG,57,4,948,14.7,0.567,0.292,0.382,1.0,10.1,5.6,12.7,1.0,0.6,10.6,27.8,0.3,0.7,1.0,0.049,-0.7,-2.0,-2.7,-0.2,0.0,2022-23
279,Mike Muscala,31,2TM,C,63,9,945,13.0,0.608,0.709,0.178,4.2,19.1,11.6,7.1,0.8,2.3,6.8,15.1,1.4,1.1,2.5,0.128,-0.3,-0.1,-0.4,0.4,0.0,2022-23
279,Mike Muscala,31,OKC,C,43,5,622,13.8,0.602,0.7,0.192,3.9,19.7,11.6,8.2,0.8,2.8,6.0,15.7,1.0,0.7,1.7,0.134,0.3,-0.1,0.1,0.3,0.0,2022-23
279,Mike Muscala,31,BOS,C,20,4,323,11.6,0.623,0.73,0.146,4.8,18.0,11.5,5.0,0.6,1.3,8.7,14.0,0.4,0.4,0.8,0.116,-1.5,0.1,-1.4,0.1,0.0,2022-23
280,Maxi Kleber,31,DAL,PF,37,5,930,8.7,0.592,0.663,0.225,3.7,13.3,8.4,7.5,0.6,2.9,12.7,10.3,0.7,0.6,1.3,0.067,-2.2,0.0,-2.2,0.0,0.0,2022-23
281,Yuta Watanabe,28,BRK,SF,58,1,928,12.1,0.637,0.582,0.203,3.7,13.1,8.5,7.0,1.3,1.6,8.0,13.1,1.3,0.9,2.1,0.111,-0.4,-0.2,-0.6,0.3,0.0,2022-23
282,Ish Wainright,28,PHO,SF,60,2,915,9.2,0.522,0.762,0.137,5.3,11.6,8.4,7.4,2.0,2.2,8.4,12.2,0.5,1.2,1.7,0.089,-2.7,1.5,-1.2,0.2,0.0,2022-23
283,Daishen Nix,20,HOU,PG,57,7,914,5.3,0.447,0.591,0.152,2.1,9.7,5.9,19.2,1.6,0.7,25.4,15.4,-1.5,0.3,-1.2,-0.062,-5.0,-1.5,-6.5,-1.0,0.0,2022-23
284,Jaylin Williams,20,OKC,C,49,36,914,11.2,0.559,0.483,0.231,5.1,23.6,14.1,10.7,1.5,1.2,12.6,13.5,0.7,1.2,1.9,0.099,-2.3,0.6,-1.7,0.1,0.0,2022-23
285,Chris Duarte,25,IND,SF,46,12,897,8.6,0.496,0.523,0.216,2.4,11.9,7.1,9.7,1.3,0.9,10.1,19.0,-0.5,0.4,0.0,-0.003,-2.9,-1.6,-4.5,-0.6,0.0,2022-23
286,Derrick Jones Jr.,25,CHI,PF,64,0,893,13.8,0.597,0.348,0.365,7.7,11.6,9.7,5.1,1.6,4.0,8.6,14.5,1.2,1.2,2.4,0.131,-1.2,0.8,-0.4,0.3,0.0,2022-23
287,Dean Wade,26,CLE,PF,44,13,891,8.5,0.55,0.718,0.13,2.6,17.2,9.9,5.4,1.6,2.2,8.3,10.2,0.4,1.4,1.8,0.097,-2.9,2.1,-0.7,0.3,0.0,2022-23
288,Vlatko Cancar,25,DEN,PF,60,9,889,11.0,0.606,0.507,0.181,3.2,13.1,8.3,11.5,1.2,1.4,13.1,13.8,0.9,0.8,1.7,0.093,-1.7,-0.1,-1.8,0.0,0.0,2022-23
289,Nickeil Alexander-Walker,24,2TM,SG,59,3,884,11.6,0.565,0.539,0.203,1.9,10.5,6.3,16.7,1.7,2.0,14.6,17.9,0.3,0.8,1.1,0.062,-1.4,0.4,-0.9,0.2,0.0,2022-23
289,Nickeil Alexander-Walker,24,UTA,SG,36,3,528,13.0,0.609,0.512,0.229,1.7,10.3,6.0,19.9,2.2,2.2,19.4,18.4,0.3,0.5,0.8,0.074,-0.6,1.1,0.5,0.3,0.0,2022-23
289,Nickeil Alexander-Walker,24,MIN,SG,23,0,356,9.6,0.503,0.576,0.168,2.2,10.8,6.6,12.0,1.1,1.7,6.9,17.3,0.0,0.3,0.3,0.044,-2.5,-0.5,-3.0,-0.1,0.0,2022-23
290,Bismack Biyombo,30,PHO,C,61,14,874,14.4,0.555,0.0,0.34,11.0,22.1,16.5,8.7,1.0,9.0,17.7,14.0,0.2,1.6,1.9,0.102,-3.4,2.5,-0.9,0.2,0.0,2022-23
291,Goran Dragic,36,2TM,PG,58,0,870,10.3,0.514,0.433,0.134,2.1,8.2,5.2,24.3,0.7,0.4,15.1,21.1,-0.3,0.7,0.4,0.025,-2.1,-1.8,-3.9,-0.4,0.0,2022-23
291,Goran Dragic,36,CHI,PG,51,0,787,10.2,0.514,0.428,0.137,1.9,7.9,5.0,24.7,0.7,0.5,15.0,21.0,-0.2,0.6,0.4,0.023,-2.1,-1.6,-3.7,-0.3,0.0,2022-23
291,Goran Dragic,36,MIL,PG,7,0,83,11.4,0.516,0.472,0.111,3.9,10.9,7.5,20.2,1.2,0.0,15.6,22.7,0.0,0.1,0.1,0.037,-2.3,-2.9,-5.2,-0.1,0.0,2022-23
292,James Wiseman,21,2TM,C,45,22,867,15.6,0.589,0.059,0.286,9.2,25.2,17.0,5.5,0.4,2.7,11.8,21.2,0.7,0.7,1.4,0.077,-2.1,-1.4,-3.5,-0.3,0.0,2022-23
292,James Wiseman,21,GSW,C,21,0,262,17.1,0.655,0.021,0.404,7.7,22.7,15.3,8.0,0.5,2.4,11.2,20.0,0.5,0.3,0.8,0.144,-1.3,-0.5,-1.7,0.0,0.0,2022-23
292,James Wiseman,21,DET,C,24,22,605,15.0,0.563,0.073,0.241,9.8,26.3,17.8,4.4,0.3,2.9,12.0,21.7,0.2,0.4,0.6,0.049,-2.5,-1.8,-4.3,-0.4,0.0,2022-23
293,Theo Maledon,21,CHO,PG,44,7,854,11.6,0.515,0.374,0.291,1.7,13.9,7.7,24.2,2.1,1.2,17.1,17.0,0.0,0.9,0.8,0.047,-3.0,0.5,-2.5,-0.1,0.0,2022-23
294,Andre Drummond,29,CHI,C,67,0,849,20.8,0.606,0.011,0.456,18.7,40.2,29.6,5.7,2.6,3.1,18.6,21.0,0.8,2.0,2.8,0.159,-1.2,0.5,-0.8,0.3,0.0,2022-23
295,Aaron Holiday,26,ATL,PG,63,6,845,9.4,0.528,0.4,0.145,3.2,6.4,4.8,13.0,2.1,1.2,13.3,13.4,0.3,0.6,0.9,0.053,-2.9,0.9,-2.0,0.0,0.0,2022-23
296,Romeo Langford,23,SAS,SG,43,21,844,10.4,0.524,0.236,0.216,7.1,7.7,7.4,7.9,1.3,1.3,9.6,15.4,0.3,0.2,0.5,0.029,-2.6,-1.5,-4.2,-0.5,0.0,2022-23
297,Terence Davis,25,SAC,SG,64,5,841,12.9,0.563,0.668,0.118,2.7,16.1,9.4,11.1,2.4,1.2,12.2,22.2,0.0,0.9,0.9,0.054,-1.3,-0.3,-1.5,0.1,0.0,2022-23
298,George Hill,36,2TM,SG,46,1,834,10.6,0.61,0.572,0.331,2.0,8.6,5.4,16.7,1.5,0.6,15.2,11.3,1.1,0.8,1.9,0.107,-2.4,0.9,-1.5,0.1,0.0,2022-23
298,George Hill,36,MIL,PG,35,0,668,9.8,0.575,0.561,0.348,2.1,8.1,5.2,16.8,1.4,0.4,15.1,11.3,0.7,0.7,1.4,0.1,-2.8,1.2,-1.7,0.0,0.0,2022-23
298,George Hill,36,IND,SG,11,1,166,14.1,0.751,0.618,0.265,1.3,10.7,6.0,16.7,2.0,1.6,15.6,11.4,0.4,0.1,0.5,0.136,-0.6,0.0,-0.6,0.1,0.0,2022-23
299,Mark Williams,21,CHO,C,43,17,828,19.8,0.659,0.0,0.386,11.7,27.7,19.6,3.3,1.6,4.7,12.0,17.0,1.5,1.3,2.8,0.163,-0.5,0.6,0.1,0.4,0.0,2022-23
300,Robert Williams,25,BOS,C,35,20,824,19.8,0.742,0.006,0.241,14.0,24.5,19.3,8.5,1.3,5.0,15.3,11.8,2.3,1.6,3.8,0.224,1.0,2.4,3.3,1.1,0.0,2022-23
301,Wesley Matthews,36,MIL,SF,52,0,820,7.0,0.519,0.775,0.175,4.5,9.7,7.2,5.1,1.2,1.3,9.5,9.8,0.3,0.9,1.2,0.073,-3.4,0.8,-2.7,-0.1,0.0,2022-23
302,Moses Moody,20,GSW,SG,63,3,817,10.3,0.603,0.595,0.233,3.8,10.2,7.1,8.2,1.0,0.8,12.0,14.6,0.7,0.6,1.3,0.076,-1.7,-0.9,-2.6,-0.1,0.0,2022-23
303,Rudy Gay,36,UTA,PF,56,0,816,9.0,0.475,0.453,0.171,4.4,17.0,10.8,9.4,1.1,1.9,10.7,17.7,-0.4,0.7,0.3,0.018,-3.6,-0.4,-4.0,-0.4,0.0,2022-23
304,Ty Jerome,25,GSW,SG,45,2,816,12.8,0.594,0.372,0.169,1.0,9.4,5.3,22.1,1.3,0.5,10.3,14.9,1.4,0.7,2.1,0.124,-1.1,0.3,-0.8,0.3,0.0,2022-23
305,Jeremiah Robinson-Earl,22,OKC,PF,43,20,814,13.0,0.548,0.448,0.169,9.2,14.7,11.9,7.0,1.4,1.2,6.7,14.6,1.1,0.8,1.9,0.111,-0.8,-0.7,-1.5,0.1,0.0,2022-23
306,Jericho Sims,24,NYK,C,52,16,812,13.8,0.78,0.009,0.15,13.3,19.4,16.4,4.0,0.9,3.2,19.1,7.4,1.6,0.9,2.6,0.153,-1.0,0.5,-0.5,0.3,0.0,2022-23
307,Caleb Houstan,20,ORL,SF,51,4,812,6.2,0.508,0.747,0.099,4.7,9.1,6.9,4.9,0.7,0.8,8.7,11.0,0.1,0.5,0.7,0.039,-3.1,-0.9,-4.0,-0.4,0.0,2022-23
308,Danuel House Jr.,29,PHI,SF,56,5,807,9.4,0.6,0.558,0.305,1.3,12.2,6.9,7.5,0.9,1.0,10.4,13.8,0.6,0.7,1.3,0.075,-2.5,-0.5,-3.0,-0.2,0.0,2022-23
309,Landry Shamet,25,PHO,SG,40,9,807,10.9,0.537,0.663,0.17,1.5,7.9,4.6,15.7,1.6,0.6,10.0,18.9,0.5,0.7,1.2,0.071,-1.1,-0.3,-1.4,0.1,0.0,2022-23
310,Dario Saric,28,2TM,C,57,12,806,13.5,0.583,0.415,0.274,7.1,21.4,14.1,12.7,1.2,0.8,15.1,19.2,0.7,1.0,1.7,0.099,-1.5,0.1,-1.4,0.1,0.0,2022-23
310,Dario Saric,28,PHO,PF,37,12,533,12.3,0.545,0.388,0.247,7.9,21.9,14.8,14.6,1.2,0.8,15.4,18.7,0.3,0.7,0.9,0.085,-2.3,0.3,-2.0,0.0,0.0,2022-23
310,Dario Saric,28,OKC,C,20,0,273,15.9,0.65,0.465,0.323,5.4,20.5,12.8,8.9,1.2,0.7,14.4,20.2,0.4,0.3,0.7,0.127,0.1,-0.2,-0.2,0.1,0.0,2022-23
311,Luke Kornet,27,BOS,C,69,0,804,16.7,0.697,0.076,0.229,11.9,14.8,13.4,9.1,0.7,4.9,11.8,11.5,2.1,1.2,3.3,0.198,-0.4,1.3,1.0,0.6,0.0,2022-23
312,Christian Koloko,22,TOR,C,58,19,802,11.4,0.517,0.08,0.393,11.1,13.3,12.1,5.0,1.3,6.9,10.2,10.4,0.7,1.0,1.7,0.104,-4.3,0.8,-3.5,-0.3,0.0,2022-23
313,Khris Middleton,31,MIL,SF,33,19,801,17.4,0.551,0.399,0.251,3.8,14.0,9.1,30.7,1.4,0.5,13.6,27.4,1.0,1.0,1.9,0.117,1.0,-0.3,0.8,0.6,0.0,2022-23
314,JaMychal Green,32,GSW,PF,57,1,797,15.5,0.65,0.44,0.266,10.1,18.0,14.1,8.9,1.5,2.5,15.6,17.5,1.2,1.0,2.2,0.133,-0.7,0.2,-0.5,0.3,0.0,2022-23
315,Thaddeus Young,34,TOR,PF,54,9,795,14.1,0.573,0.172,0.131,9.4,14.6,11.8,12.9,3.4,0.6,16.7,13.5,0.7,1.1,1.8,0.109,-1.8,1.9,0.1,0.4,0.0,2022-23
316,Bryce McGowens,20,CHO,SG,46,7,787,7.2,0.519,0.396,0.396,2.7,10.1,6.3,9.1,0.9,0.7,15.3,15.0,-0.4,0.4,0.1,0.005,-4.6,-1.4,-6.0,-0.8,0.0,2022-23
317,Josh Christopher,21,HOU,SG,64,2,786,11.5,0.523,0.271,0.182,2.8,7.2,5.0,14.3,2.0,1.9,14.4,21.9,-0.3,0.3,0.0,-0.001,-3.0,-1.4,-4.3,-0.5,0.0,2022-23
318,Robert Covington,32,LAC,PF,48,0,779,14.2,0.584,0.594,0.175,4.5,19.2,11.9,10.2,2.4,3.7,11.5,15.6,0.7,1.2,1.9,0.117,-0.5,2.1,1.7,0.7,0.0,2022-23
319,Justise Winslow,26,POR,PF,29,11,776,9.3,0.466,0.227,0.141,7.2,14.3,10.7,17.2,1.9,1.3,17.0,14.2,-0.1,0.5,0.4,0.022,-3.4,0.6,-2.8,-0.2,0.0,2022-23
320,Mo Bamba,24,2TM,C,49,7,769,15.7,0.602,0.515,0.257,8.5,24.2,16.4,8.7,0.8,5.3,10.1,16.6,1.1,1.1,2.2,0.139,-0.2,0.7,0.5,0.5,0.0,2022-23
320,Mo Bamba,24,ORL,C,40,6,681,16.3,0.613,0.505,0.238,7.8,22.8,15.3,9.0,0.9,5.4,8.5,16.3,1.2,0.9,2.1,0.15,0.4,0.9,1.3,0.6,0.0,2022-23
320,Mo Bamba,24,LAL,C,9,1,88,11.4,0.518,0.593,0.407,13.9,35.3,24.9,6.0,0.5,4.8,20.1,19.1,-0.1,0.2,0.1,0.054,-5.3,-0.2,-5.5,-0.1,0.0,2022-23
321,Simone Fontecchio,27,UTA,SF,52,6,766,8.0,0.495,0.612,0.141,4.4,7.7,6.1,7.5,0.9,0.9,10.5,20.2,-0.4,0.3,-0.1,-0.004,-3.0,-2.1,-5.2,-0.6,0.0,2022-23
322,Miles McBride,22,NYK,PG,64,2,760,8.4,0.475,0.623,0.195,1.9,5.4,3.6,12.4,2.4,1.0,9.7,14.6,0.0,0.7,0.7,0.047,-3.6,1.4,-2.3,-0.1,0.0,2022-23
323,Paul Reed,23,PHI,C,69,2,755,19.2,0.62,0.029,0.244,17.8,23.1,20.5,5.3,3.0,6.3,16.3,16.4,1.2,1.6,2.8,0.18,-1.6,1.5,-0.1,0.4,0.0,2022-23
324,John Wall,32,LAC,PG,34,3,755,13.6,0.498,0.322,0.334,2.1,11.4,6.8,35.3,1.8,1.4,17.1,27.0,-0.4,0.7,0.3,0.02,-0.8,-0.4,-1.2,0.1,0.0,2022-23
325,R.J. Hampton,21,2TM,SG,47,3,750,10.8,0.558,0.489,0.321,2.6,10.5,6.5,10.4,1.7,1.1,13.4,17.8,0.1,0.5,0.7,0.042,-2.3,-0.6,-2.9,-0.2,0.0,2022-23
325,R.J. Hampton,21,ORL,SG,26,0,361,12.5,0.572,0.465,0.325,2.8,9.4,6.1,13.4,2.1,1.1,13.9,18.0,0.2,0.4,0.6,0.077,-1.5,0.3,-1.2,0.1,0.0,2022-23
325,R.J. Hampton,21,DET,SG,21,3,389,9.3,0.546,0.512,0.317,2.5,11.5,6.8,7.5,1.4,1.1,13.0,17.6,-0.1,0.2,0.1,0.01,-3.0,-1.4,-4.4,-0.2,0.0,2022-23
326,Edmond Sumner,27,BRK,SG,53,12,736,14.0,0.597,0.323,0.401,2.0,9.9,6.0,13.3,2.1,1.2,13.6,22.1,0.6,0.7,1.3,0.086,-2.4,-0.2,-2.6,-0.1,0.0,2022-23
327,Zeke Nnaji,22,DEN,PF,53,5,728,12.5,0.62,0.332,0.316,10.5,11.2,10.9,3.3,1.1,2.8,12.2,15.2,0.9,0.7,1.6,0.106,-2.7,-0.9,-3.7,-0.3,0.0,2022-23
328,Jaden Hardy,20,DAL,SG,48,5,708,14.6,0.571,0.468,0.237,1.8,13.0,7.3,14.9,1.2,0.9,11.1,26.4,0.2,0.5,0.7,0.048,-0.4,-1.9,-2.3,0.0,0.0,2022-23
329,Justin Holiday,33,2TM,SF,46,2,706,6.6,0.494,0.701,0.039,0.8,8.1,4.4,7.5,1.3,2.3,9.6,14.1,-0.4,0.5,0.1,0.008,-3.7,-0.1,-3.9,-0.3,0.0,2022-23
329,Justin Holiday,33,ATL,SF,28,0,411,6.1,0.504,0.696,0.0,0.5,5.7,3.1,7.6,0.6,2.1,8.8,14.0,-0.1,0.2,0.1,0.007,-3.1,-0.6,-3.7,-0.2,0.0,2022-23
329,Justin Holiday,33,DAL,SF,18,2,295,7.4,0.479,0.709,0.101,1.2,11.6,6.3,7.5,2.4,2.7,10.8,14.2,-0.3,0.3,0.1,0.009,-4.6,0.5,-4.1,-0.2,0.0,2022-23
330,MarJon Beauchamp,22,MIL,SF,52,11,701,8.2,0.513,0.584,0.152,5.9,11.0,8.5,6.7,1.4,0.8,14.8,18.3,-0.4,0.8,0.4,0.027,-4.1,-0.6,-4.8,-0.5,0.0,2022-23
331,Aleksej Pokusevski,21,OKC,PF,34,25,701,13.4,0.522,0.418,0.141,6.8,17.8,12.2,12.4,1.4,5.7,14.0,18.3,0.0,1.0,1.0,0.066,-1.0,1.0,0.0,0.3,0.0,2022-23
332,Juan Toscano-Anderson,29,2TM,SF,52,9,700,7.2,0.505,0.301,0.168,4.4,14.4,9.5,11.8,1.1,1.2,18.1,11.3,-0.1,0.6,0.5,0.038,-4.6,0.8,-3.8,-0.3,0.0,2022-23
332,Juan Toscano-Anderson,29,LAL,SF,30,7,365,7.5,0.558,0.303,0.227,4.3,13.3,8.9,8.6,1.3,1.6,19.0,10.4,0.0,0.4,0.4,0.055,-4.6,1.2,-3.4,-0.1,0.0,2022-23
332,Juan Toscano-Anderson,29,UTA,SF,22,2,335,6.9,0.457,0.299,0.117,4.6,15.6,10.2,15.2,0.9,0.8,17.4,12.2,-0.1,0.2,0.1,0.019,-4.7,0.4,-4.3,-0.2,0.0,2022-23
333,Malachi Flynn,24,TOR,PG,53,2,691,8.7,0.479,0.55,0.136,2.3,10.8,6.2,13.7,1.5,0.6,8.9,17.4,0.0,0.5,0.5,0.034,-3.3,-0.8,-4.1,-0.4,0.0,2022-23
334,Duncan Robinson,28,MIA,SF,42,1,691,7.8,0.534,0.81,0.135,1.3,10.7,5.9,9.7,1.0,0.0,10.0,17.9,-0.1,0.6,0.5,0.035,-3.5,-1.5,-5.0,-0.5,0.0,2022-23
335,Chimezie Metu,25,SAC,PF,66,0,689,17.3,0.639,0.174,0.333,7.8,24.9,16.4,8.1,1.5,2.7,11.3,17.6,1.2,0.8,2.1,0.143,-0.3,0.2,-0.1,0.3,0.0,2022-23
336,T.J. Warren,29,2TM,PF,42,0,687,13.5,0.55,0.248,0.13,4.2,15.4,9.8,8.7,1.6,1.5,6.5,19.5,0.4,0.8,1.2,0.081,-1.7,-0.2,-2.0,0.0,0.0,2022-23
336,T.J. Warren,29,BRK,PF,26,0,490,14.3,0.576,0.24,0.165,3.1,13.2,8.3,9.1,1.5,1.2,7.3,20.9,0.3,0.5,0.8,0.081,-1.4,-0.6,-2.0,0.0,0.0,2022-23
336,T.J. Warren,29,PHO,SF,16,0,197,11.6,0.473,0.271,0.029,7.2,20.7,13.8,7.7,1.7,2.3,4.1,16.0,0.0,0.3,0.3,0.08,-2.5,0.6,-1.9,0.0,0.0,2022-23
337,Garrison Mathews,26,2TM,SG,54,0,686,9.7,0.573,0.896,0.264,1.7,10.0,5.8,5.1,1.7,0.7,7.8,14.7,0.7,0.3,1.0,0.067,-2.0,-0.4,-2.4,-0.1,0.0,2022-23
337,Garrison Mathews,26,HOU,SG,45,0,602,9.1,0.564,0.912,0.265,1.8,9.6,5.7,5.1,1.9,0.6,8.7,14.3,0.5,0.2,0.7,0.058,-2.3,-0.2,-2.5,-0.1,0.0,2022-23
337,Garrison Mathews,26,ATL,SG,9,0,84,14.0,0.623,0.806,0.258,1.3,13.2,7.2,4.7,0.6,1.0,2.8,17.8,0.2,0.0,0.2,0.127,0.7,-2.4,-1.7,0.0,0.0,2022-23
338,Montrezl Harrell,29,PHI,C,57,7,681,17.6,0.631,0.029,0.483,11.8,15.7,13.8,7.4,1.2,3.4,12.1,18.9,1.3,0.8,2.2,0.153,-0.9,-0.4,-1.3,0.1,0.0,2022-23
339,Jordan McLaughlin,26,MIN,PG,43,0,678,11.8,0.526,0.538,0.124,2.5,7.6,5.1,27.4,2.2,0.5,17.7,11.7,0.7,0.6,1.3,0.094,-1.3,0.6,-0.7,0.2,0.0,2022-23
340,Jae'Sean Tate,27,HOU,SF,31,7,677,12.2,0.546,0.201,0.301,6.6,12.6,9.6,18.2,1.5,1.0,15.3,18.8,0.4,0.3,0.7,0.049,-2.8,-0.7,-3.5,-0.3,0.0,2022-23
341,Blake Wesley,19,SAS,SG,37,1,669,3.5,0.393,0.242,0.205,1.9,11.7,6.6,18.6,1.8,0.6,21.7,18.5,-1.9,0.3,-1.6,-0.114,-7.9,-1.8,-9.6,-1.3,0.0,2022-23
342,Sandro Mamukelashvili,23,2TM,C,43,7,660,13.4,0.516,0.43,0.248,11.2,19.0,15.1,12.8,1.0,1.5,12.1,18.2,0.4,0.5,0.9,0.063,-1.1,-1.3,-2.4,-0.1,0.0,2022-23
342,Sandro Mamukelashvili,23,MIL,C,24,0,217,8.5,0.432,0.552,0.31,9.0,17.6,13.4,9.3,0.9,1.9,12.0,14.5,-0.1,0.3,0.2,0.049,-4.0,0.4,-3.6,-0.1,0.0,2022-23
342,Sandro Mamukelashvili,23,SAS,C,19,7,443,15.9,0.545,0.39,0.227,12.3,19.7,15.9,14.6,1.1,1.3,12.1,20.1,0.4,0.2,0.6,0.07,0.3,-2.1,-1.8,0.0,0.0,2022-23
343,Eugene Omoruyi,25,2TM,SF,40,6,645,10.9,0.533,0.39,0.329,7.1,11.8,9.4,6.3,2.1,0.4,11.5,19.3,0.1,0.5,0.6,0.042,-3.5,-0.9,-4.4,-0.4,0.0,2022-23
343,Eugene Omoruyi,25,OKC,SF,23,2,272,10.6,0.531,0.33,0.298,8.5,12.1,10.3,5.6,2.4,0.0,13.1,18.8,0.0,0.3,0.3,0.052,-4.4,-0.5,-4.9,-0.2,0.0,2022-23
343,Eugene Omoruyi,25,DET,SF,17,4,373,11.2,0.533,0.433,0.351,6.1,11.6,8.8,6.8,1.8,0.7,10.4,19.7,0.1,0.2,0.3,0.034,-2.9,-1.2,-4.1,-0.2,0.0,2022-23
344,Payton Pritchard,25,BOS,PG,48,3,643,10.3,0.536,0.629,0.065,4.3,10.5,7.5,14.0,1.1,0.1,13.7,19.8,-0.1,0.7,0.6,0.045,-2.1,-1.2,-3.4,-0.2,0.0,2022-23
345,Amir Coffey,25,LAC,SF,50,9,625,7.0,0.498,0.276,0.434,3.1,6.4,4.7,11.2,0.5,0.7,10.8,13.5,0.1,0.3,0.4,0.033,-4.3,-0.7,-5.0,-0.5,0.0,2022-23
346,Anthony Gill,30,WAS,PF,59,8,624,11.1,0.604,0.22,0.508,6.9,10.6,8.8,7.2,0.5,1.6,8.5,12.3,1.0,0.4,1.3,0.101,-2.4,-0.9,-3.3,-0.2,0.0,2022-23
347,Jabari Walker,20,POR,PF,56,0,619,9.6,0.496,0.283,0.227,8.8,15.5,12.2,7.8,0.8,1.9,11.8,17.3,-0.1,0.3,0.2,0.015,-3.9,-2.1,-6.1,-0.6,0.0,2022-23
348,Darius Bazley,22,2TM,C,43,1,616,13.1,0.524,0.29,0.383,5.8,18.5,12.1,8.3,1.7,5.1,11.2,16.4,0.1,0.9,1.0,0.078,-2.0,1.0,-1.0,0.2,0.0,2022-23
348,Darius Bazley,22,OKC,C,36,1,555,12.9,0.525,0.285,0.411,5.5,18.3,11.8,7.6,1.6,4.8,10.5,15.7,0.1,0.8,0.9,0.079,-1.8,0.8,-1.0,0.1,0.0,2022-23
348,Darius Bazley,22,PHO,C,7,0,61,15.5,0.515,0.32,0.2,8.9,20.4,14.5,14.5,2.4,7.3,15.5,22.5,0.0,0.1,0.1,0.066,-3.7,3.3,-0.4,0.0,0.0,2022-23
349,Juancho Hernangomez,27,TOR,PF,42,10,614,7.6,0.504,0.588,0.14,4.6,19.1,11.3,5.2,1.3,0.9,11.0,9.4,0.1,0.6,0.7,0.053,-3.5,0.2,-3.3,-0.2,0.0,2022-23
350,Jaxson Hayes,22,NOP,C,47,2,610,13.7,0.605,0.186,0.532,7.3,17.3,12.3,7.7,1.6,3.0,13.9,15.7,0.6,0.9,1.5,0.118,-2.2,1.0,-1.2,0.1,0.0,2022-23
351,Frank Ntilikina,24,DAL,SG,47,5,607,5.2,0.461,0.508,0.25,1.3,10.7,5.9,12.8,1.3,1.0,16.5,13.1,-0.5,0.4,-0.1,-0.01,-6.1,-0.7,-6.7,-0.7,0.0,2022-23
352,DeAndre Jordan,34,DEN,C,39,8,586,14.7,0.731,0.009,0.417,10.5,28.6,19.8,7.7,1.0,3.5,26.1,13.7,0.5,0.9,1.4,0.112,-2.4,0.7,-1.8,0.0,0.0,2022-23
353,Blake Griffin,33,BOS,C,41,16,569,13.1,0.59,0.508,0.246,9.2,20.4,14.9,14.2,1.2,1.4,13.2,12.7,1.0,0.8,1.8,0.153,-1.4,1.5,0.1,0.3,0.0,2022-23
354,Ousmane Dieng,19,OKC,PF,39,1,569,9.3,0.505,0.541,0.127,3.5,16.5,9.9,10.7,1.2,1.1,12.0,15.9,-0.1,0.6,0.4,0.038,-3.1,-0.5,-3.6,-0.2,0.0,2022-23
355,Kris Dunn,28,UTA,PG,22,3,568,19.1,0.606,0.167,0.245,1.7,17.1,9.5,32.3,2.1,1.5,12.8,20.2,1.3,0.6,1.9,0.162,0.7,1.7,2.4,0.6,0.0,2022-23
356,Patty Mills,34,BRK,PG,40,2,567,10.6,0.554,0.641,0.144,1.6,7.0,4.4,13.9,1.3,0.5,11.9,19.7,0.0,0.4,0.4,0.035,-1.4,-1.7,-3.1,-0.2,0.0,2022-23
357,Ricky Rubio,32,CLE,PG,33,2,566,10.4,0.442,0.461,0.197,1.9,12.7,7.3,27.1,2.3,1.0,13.8,17.7,-0.2,0.9,0.7,0.062,-3.8,1.1,-2.8,-0.1,0.0,2022-23
358,Ziaire Williams,21,MEM,SF,37,4,561,7.4,0.511,0.495,0.112,3.0,11.9,7.5,8.2,1.2,1.0,15.2,18.0,-0.5,0.6,0.1,0.011,-4.7,-0.8,-5.6,-0.5,0.0,2022-23
359,Day'Ron Sharpe,21,BRK,C,48,3,552,17.8,0.581,0.064,0.322,20.6,20.1,20.4,9.7,1.3,5.0,17.7,19.0,0.8,0.8,1.6,0.139,-1.8,-0.6,-2.3,0.0,0.0,2022-23
360,Kai Jones,22,CHO,C,46,0,550,10.8,0.597,0.158,0.217,7.0,17.0,11.9,3.7,1.5,4.7,19.1,12.4,0.0,0.7,0.7,0.062,-4.8,0.8,-4.0,-0.3,0.0,2022-23
361,Lindy Waters III,25,OKC,SG,41,0,531,11.8,0.573,0.91,0.112,3.2,12.2,7.6,7.0,1.3,1.9,5.1,15.5,0.6,0.5,1.1,0.101,0.5,-0.4,0.1,0.3,0.0,2022-23
362,Rodney McGruder,31,DET,SG,32,12,524,10.7,0.566,0.638,0.145,4.1,11.8,7.8,7.6,1.5,0.2,6.4,14.0,0.5,0.2,0.7,0.068,-0.8,-0.7,-1.5,0.1,0.0,2022-23
363,Chuma Okeke,24,ORL,SF,27,8,518,9.1,0.488,0.705,0.172,5.7,15.3,10.5,9.4,1.8,2.1,11.5,12.3,0.0,0.6,0.7,0.061,-2.4,0.8,-1.6,0.1,0.0,2022-23
364,James Bouknight,22,CHO,SG,34,0,515,6.2,0.463,0.565,0.155,1.6,13.5,7.5,11.1,1.3,0.8,13.4,19.5,-0.8,0.4,-0.4,-0.04,-5.4,-1.1,-6.5,-0.6,0.0,2022-23
365,Max Christie,19,LAL,SG,41,3,512,7.4,0.566,0.585,0.151,1.5,13.8,7.8,5.1,0.8,1.2,10.3,10.4,0.1,0.5,0.6,0.058,-3.2,0.0,-3.1,-0.1,0.0,2022-23
366,Charles Bassey,22,SAS,C,35,2,508,18.8,0.658,0.059,0.274,15.5,26.4,20.7,13.2,1.5,5.4,21.3,15.6,0.8,0.6,1.3,0.123,-0.6,1.3,0.7,0.3,0.0,2022-23
367,Raul Neto,30,CLE,PG,48,1,505,12.6,0.628,0.382,0.309,2.3,8.4,5.4,21.0,1.7,0.7,16.1,13.2,0.8,0.6,1.5,0.142,-1.7,1.5,-0.2,0.2,0.0,2022-23
368,Davis Bertans,30,DAL,PF,45,1,492,11.9,0.618,0.881,0.094,2.3,10.3,6.3,6.2,1.1,1.5,5.7,16.2,0.6,0.3,0.9,0.09,0.0,-1.3,-1.2,0.1,0.0,2022-23
369,Taj Gibson,37,WAS,C,49,2,480,11.4,0.585,0.192,0.336,7.7,13.6,10.8,9.6,1.5,2.1,15.3,15.3,0.4,0.5,0.8,0.082,-3.6,0.5,-3.2,-0.1,0.0,2022-23
370,Javonte Green,29,CHI,SF,32,1,480,14.5,0.646,0.324,0.417,6.5,14.2,10.4,6.4,2.4,4.2,13.5,13.6,0.6,0.8,1.4,0.142,-1.1,2.5,1.4,0.4,0.0,2022-23
371,Damian Jones,27,2TM,C,41,1,477,12.9,0.719,0.198,0.337,9.7,17.7,13.8,4.1,0.8,3.7,18.9,10.7,0.7,0.5,1.2,0.119,-2.0,0.3,-1.7,0.0,0.0,2022-23
371,Damian Jones,27,LAL,C,22,1,176,13.8,0.6,0.081,0.541,11.3,21.8,16.7,2.9,0.8,5.8,16.4,13.2,0.2,0.3,0.4,0.117,-2.6,0.7,-2.0,0.0,0.0,2022-23
371,Damian Jones,27,UTA,C,19,0,301,12.4,0.821,0.286,0.184,8.7,15.2,12.0,4.8,0.8,2.5,20.9,9.3,0.5,0.2,0.8,0.12,-1.7,0.2,-1.5,0.0,0.0,2022-23
372,Isaiah Roby,24,SAS,PF,42,2,474,9.3,0.497,0.387,0.265,4.7,20.6,12.3,10.7,1.8,1.2,15.2,17.8,-0.4,0.3,-0.1,-0.011,-4.0,-0.6,-4.6,-0.3,0.0,2022-23
373,Stanley Johnson,26,SAS,SF,30,0,469,13.5,0.625,0.328,0.32,4.9,17.7,11.1,19.0,1.6,1.1,19.2,15.2,0.5,0.3,0.7,0.076,-0.8,-0.2,-1.0,0.1,0.0,2022-23
374,Svi Mykhailiuk,25,2TM,SF,32,8,468,14.0,0.584,0.572,0.225,3.4,8.9,6.1,16.5,1.5,0.7,11.2,19.3,0.5,0.3,0.8,0.081,0.5,-0.7,-0.1,0.2,0.0,2022-23
374,Svi Mykhailiuk,25,NYK,SF,13,0,40,15.8,0.739,0.833,0.417,0.0,19.3,9.6,3.5,1.2,0.0,12.3,17.4,0.1,0.0,0.1,0.141,3.6,0.5,4.1,0.1,0.0,2022-23
374,Svi Mykhailiuk,25,CHO,SF,19,8,428,13.8,0.571,0.553,0.211,3.7,7.9,5.7,17.7,1.6,0.8,11.1,19.5,0.4,0.3,0.7,0.076,0.3,-0.8,-0.5,0.2,0.0,2022-23
375,Evan Fournier,30,NYK,SG,27,7,459,6.9,0.471,0.687,0.127,1.0,10.8,5.9,10.6,1.7,0.6,11.2,18.4,-0.3,0.4,0.1,0.01,-4.0,0.0,-4.0,-0.2,0.0,2022-23
376,Willy Hernangomez,28,NOP,C,38,2,458,20.7,0.61,0.065,0.615,14.4,30.1,22.3,10.7,1.8,2.7,15.4,23.8,0.8,0.8,1.6,0.171,-0.2,0.5,0.3,0.3,0.0,2022-23
377,Kevon Harris,25,ORL,SG,34,0,457,9.2,0.564,0.402,0.383,6.9,10.4,8.7,4.7,1.8,1.1,14.4,13.7,0.2,0.4,0.6,0.065,-3.5,-0.1,-3.6,-0.2,0.0,2022-23
378,Goga Bitadze,23,2TM,C,38,1,457,17.1,0.582,0.208,0.336,15.0,18.7,16.8,12.1,1.7,5.3,13.3,15.4,0.8,0.6,1.3,0.141,-0.8,1.1,0.3,0.3,0.0,2022-23
378,Goga Bitadze,23,IND,C,21,0,202,13.9,0.551,0.269,0.462,13.8,13.2,13.5,12.1,2.1,4.3,16.1,15.5,0.2,0.2,0.4,0.087,-2.3,1.2,-1.1,0.0,0.0,2022-23
378,Goga Bitadze,23,ORL,C,17,1,255,19.7,0.606,0.164,0.247,15.9,23.1,19.5,12.2,1.3,6.1,11.0,15.3,0.6,0.4,1.0,0.184,0.4,1.0,1.3,0.2,0.0,2022-23
379,Admiral Schofield,25,ORL,PF,37,0,451,10.1,0.587,0.607,0.189,5.8,9.8,7.8,9.6,0.9,1.1,10.8,14.1,0.5,0.3,0.8,0.089,-2.2,-0.7,-2.9,-0.1,0.0,2022-23
380,TyTy Washington Jr.,21,HOU,PG,31,2,433,7.5,0.432,0.5,0.113,0.5,11.0,5.7,15.3,1.7,0.5,7.7,17.4,-0.3,0.1,-0.1,-0.016,-5.0,-1.3,-6.3,-0.5,0.0,2022-23
381,Dewayne Dedmon,33,2TM,C,38,1,426,15.5,0.577,0.258,0.325,9.1,28.3,18.5,9.5,1.1,4.4,12.7,20.6,0.3,0.7,1.0,0.115,-2.6,1.0,-1.6,0.0,0.0,2022-23
381,Dewayne Dedmon,33,MIA,C,30,0,350,15.6,0.576,0.287,0.341,9.1,28.1,18.2,7.3,1.0,4.1,11.4,21.2,0.3,0.5,0.8,0.115,-2.4,0.6,-1.8,0.0,0.0,2022-23
381,Dewayne Dedmon,33,PHI,C,8,1,76,15.5,0.579,0.091,0.227,9.5,29.0,19.4,19.6,1.3,6.1,19.9,17.8,0.0,0.1,0.2,0.113,-3.5,2.8,-0.7,0.0,0.0,2022-23
382,Orlando Robinson,22,MIA,C,31,1,425,13.4,0.565,0.067,0.348,12.8,22.3,17.4,8.4,1.4,2.9,13.5,12.4,0.5,0.6,1.1,0.129,-2.7,0.7,-2.1,0.0,0.0,2022-23
383,Johnny Davis,20,WAS,SG,28,5,423,7.2,0.446,0.409,0.158,2.7,13.9,8.5,9.2,1.2,1.6,8.5,20.5,-0.6,0.3,-0.3,-0.033,-5.8,-1.7,-7.4,-0.6,0.0,2022-23
384,Keon Johnson,20,POR,SG,40,0,416,9.0,0.482,0.455,0.23,3.0,9.2,6.1,20.9,2.2,1.3,18.0,25.0,-0.7,0.2,-0.5,-0.057,-3.8,-1.6,-5.4,-0.4,0.0,2022-23
385,Jake LaRavia,21,MEM,PF,35,0,414,6.7,0.531,0.747,0.095,4.9,11.3,8.1,6.2,1.4,0.9,15.4,11.7,0.0,0.5,0.5,0.054,-3.9,0.4,-3.5,-0.2,0.0,2022-23
386,Dominick Barlow,19,SAS,PF,28,0,408,12.4,0.567,0.047,0.291,11.9,15.6,13.7,7.6,1.2,3.8,13.4,11.3,0.5,0.2,0.7,0.082,-3.7,-0.9,-4.6,-0.3,0.0,2022-23
387,Bruno Fernando,24,2TM,C,39,4,405,16.6,0.571,0.036,0.446,14.5,22.8,18.6,10.8,0.7,8.1,15.7,16.3,0.5,0.4,0.9,0.109,-2.8,0.7,-2.0,0.0,0.0,2022-23
387,Bruno Fernando,24,HOU,C,31,4,364,16.1,0.561,0.011,0.473,14.3,22.6,18.4,11.6,0.8,8.3,15.1,15.1,0.5,0.4,0.8,0.111,-2.8,1.1,-1.7,0.0,0.0,2022-23
387,Bruno Fernando,24,ATL,C,8,0,41,20.1,0.624,0.158,0.316,15.8,24.3,20.0,3.7,0.0,6.2,18.8,27.3,0.0,0.0,0.1,0.086,-2.6,-2.4,-5.0,0.0,0.0,2022-23
388,Cade Cunningham,21,DET,PG,12,12,400,14.0,0.492,0.272,0.192,3.2,17.7,10.3,30.7,1.2,1.5,13.8,30.0,-0.4,0.2,-0.1,-0.018,-0.1,-0.6,-0.7,0.1,0.0,2022-23
389,Ish Smith,34,DEN,PG,43,0,398,6.5,0.407,0.092,0.031,1.5,13.8,7.8,32.5,1.0,1.6,24.9,19.3,-0.8,0.4,-0.5,-0.056,-5.5,-1.1,-6.6,-0.5,0.0,2022-23
390,Duane Washington Jr.,22,PHO,SG,31,3,394,9.3,0.458,0.434,0.094,0.6,9.8,5.1,25.2,0.7,0.9,11.3,32.5,-0.8,0.3,-0.5,-0.065,-1.8,-2.8,-4.6,-0.3,0.0,2022-23
391,Kessler Edwards,22,2TM,SF,36,4,385,8.4,0.502,0.591,0.161,6.9,11.1,9.0,7.5,1.7,1.4,11.5,12.7,0.1,0.3,0.4,0.048,-3.2,-0.7,-3.9,-0.2,0.0,2022-23
391,Kessler Edwards,22,BRK,SF,14,1,79,2.4,0.301,0.5,0.083,8.7,11.1,10.0,3.2,1.9,1.1,13.9,16.2,-0.3,0.1,-0.2,-0.108,-6.7,-3.0,-9.7,-0.2,0.0,2022-23
391,Kessler Edwards,22,SAC,SF,22,3,306,10.0,0.569,0.623,0.188,6.4,11.1,8.8,8.5,1.7,1.4,10.8,11.7,0.3,0.2,0.6,0.088,-2.3,-0.1,-2.5,0.0,0.0,2022-23
392,Saben Lee,23,2TM,PG,25,1,373,13.1,0.517,0.248,0.471,3.8,9.7,6.7,24.3,2.5,0.2,14.1,19.5,0.2,0.4,0.7,0.088,-2.7,0.9,-1.8,0.0,0.0,2022-23
392,Saben Lee,23,PHI,PG,2,0,10,12.8,0.75,0.25,0.0,0.0,0.0,0.0,36.9,5.0,0.0,42.9,31.3,0.0,0.0,0.0,-0.096,-3.7,-0.6,-4.3,0.0,0.0,2022-23
392,Saben Lee,23,PHO,PG,23,1,363,13.1,0.51,0.248,0.487,3.9,10.0,6.9,24.0,2.4,0.2,12.9,19.1,0.3,0.4,0.7,0.093,-2.7,0.9,-1.8,0.0,0.0,2022-23
393,Gary Payton II,30,2TM,SG,22,1,367,13.3,0.701,0.377,0.101,7.4,13.9,10.6,11.0,2.9,1.2,18.2,10.3,0.6,0.4,1.0,0.125,-1.2,1.5,0.3,0.2,0.0,2022-23
393,Gary Payton II,30,POR,SG,15,1,255,11.3,0.713,0.415,0.098,4.5,13.2,8.8,11.6,3.1,0.3,21.9,9.3,0.3,0.2,0.5,0.097,-2.0,1.4,-0.6,0.1,0.0,2022-23
393,Gary Payton II,30,GSW,SG,7,0,112,17.7,0.682,0.321,0.107,14.0,15.4,14.7,9.6,2.5,3.1,12.0,12.5,0.3,0.2,0.4,0.191,0.5,1.9,2.4,0.1,0.0,2022-23
394,Udoka Azubuike,23,UTA,C,36,4,359,16.1,0.774,0.0,0.278,9.5,26.1,17.9,4.3,0.8,3.5,18.2,11.5,0.6,0.4,1.0,0.134,-1.2,0.5,-0.6,0.1,0.0,2022-23
395,Gorgui Dieng,33,SAS,C,31,1,358,9.9,0.493,0.641,0.111,7.9,25.4,16.3,19.4,0.5,3.2,20.7,17.9,-0.2,0.2,0.0,0.001,-4.0,0.1,-3.9,-0.2,0.0,2022-23
396,JaVale McGee,35,DAL,C,42,7,355,17.2,0.65,0.04,0.328,9.7,25.5,17.5,5.2,0.6,6.5,20.1,22.8,0.1,0.5,0.6,0.076,-3.6,-0.1,-3.7,-0.1,0.0,2022-23
397,Markieff Morris,33,2TM,PF,35,2,355,10.4,0.553,0.617,0.087,4.2,18.2,11.3,12.2,1.2,1.2,13.1,17.2,0.1,0.4,0.4,0.059,-2.3,-0.4,-2.7,-0.1,0.0,2022-23
397,Markieff Morris,33,BRK,PF,27,1,285,10.7,0.556,0.598,0.122,5.2,17.7,11.6,11.8,1.4,1.5,13.9,15.6,0.1,0.3,0.4,0.074,-1.8,-0.1,-1.9,0.0,0.0,2022-23
397,Markieff Morris,33,DAL,PF,8,1,70,9.1,0.545,0.667,0.0,0.0,20.2,10.0,13.7,0.7,0.0,10.8,23.9,0.0,0.1,0.0,0.002,-4.4,-1.4,-5.8,-0.1,0.0,2022-23
398,Furkan Korkmaz,25,PHI,SG,37,0,353,9.3,0.552,0.414,0.324,2.0,11.8,7.0,8.8,1.4,0.8,15.9,19.1,-0.2,0.3,0.1,0.019,-3.3,-1.0,-4.4,-0.2,0.0,2022-23
399,Richaun Holmes,29,SAC,C,42,1,348,12.9,0.668,0.09,0.213,9.6,16.6,13.1,3.5,0.4,2.8,12.6,13.7,0.6,0.3,0.8,0.113,-2.0,-0.9,-2.9,-0.1,0.0,2022-23
400,A.J. Green,23,MIL,SG,35,1,345,11.5,0.607,0.84,0.032,1.9,11.3,6.8,8.7,0.8,0.0,6.6,16.6,0.5,0.3,0.8,0.111,-0.3,-0.6,-0.9,0.1,0.0,2022-23
401,Davon Reed,27,2TM,SG,43,1,342,6.2,0.471,0.548,0.286,3.4,16.0,9.9,8.2,2.1,1.0,17.5,14.5,-0.4,0.4,0.1,0.008,-5.4,0.0,-5.3,-0.3,0.0,2022-23
401,Davon Reed,27,DEN,SG,35,1,315,5.2,0.456,0.55,0.25,3.4,16.3,10.0,7.3,2.0,1.1,18.4,15.0,-0.4,0.4,-0.1,-0.009,-5.8,-0.3,-6.1,-0.3,0.0,2022-23
401,Davon Reed,27,LAL,SG,8,0,27,16.7,0.694,0.5,1.0,4.1,11.5,7.9,19.2,3.5,0.0,0.0,9.0,0.1,0.0,0.1,0.208,-0.1,4.4,4.3,0.0,0.0,2022-23
402,Jae Crowder,32,MIL,PF,18,3,340,14.6,0.624,0.585,0.128,5.4,15.3,10.6,10.6,1.7,1.4,6.6,13.2,0.7,0.5,1.2,0.165,0.1,1.1,1.2,0.3,0.0,2022-23
403,Derrick Rose,34,NYK,PG,27,0,338,10.1,0.463,0.396,0.075,2.6,10.4,6.5,19.9,1.0,1.4,11.8,23.6,-0.3,0.3,0.0,-0.001,-2.2,-1.5,-3.7,-0.1,0.0,2022-23
404,McKinley Wright IV,24,DAL,PG,27,1,335,12.4,0.536,0.286,0.194,3.1,13.4,8.2,25.2,1.2,1.3,15.2,16.9,0.2,0.2,0.5,0.069,-1.9,-0.8,-2.7,-0.1,0.0,2022-23
405,Theo Pinson,27,DAL,SG,40,1,323,10.1,0.512,0.713,0.149,3.6,19.3,11.4,19.6,0.9,0.3,11.5,14.7,0.2,0.2,0.5,0.071,-2.5,-0.9,-3.4,-0.1,0.0,2022-23
406,Julian Champagnie,21,2TM,SF,17,3,320,13.4,0.6,0.631,0.131,3.3,17.7,10.2,4.5,0.9,1.3,7.4,19.2,0.3,0.1,0.4,0.061,-0.6,-2.7,-3.3,-0.1,0.0,2022-23
406,Julian Champagnie,21,PHI,SF,2,0,7,-3.8,0.0,0.5,0.0,0.0,0.0,0.0,0.0,7.1,0.0,0.0,12.8,0.0,0.0,0.0,-0.214,-12.0,-1.5,-13.5,0.0,0.0,2022-23
406,Julian Champagnie,21,SAS,SF,15,3,313,13.8,0.609,0.633,0.133,3.4,18.1,10.5,4.6,0.8,1.3,7.5,19.3,0.3,0.1,0.4,0.067,-0.3,-2.7,-3.0,-0.1,0.0,2022-23
407,Matt Ryan,25,2TM,SF,34,0,310,8.1,0.538,0.778,0.111,1.4,7.6,4.6,6.9,0.8,0.3,5.8,16.5,0.1,0.2,0.3,0.044,-1.9,-1.5,-3.4,-0.1,0.0,2022-23
407,Matt Ryan,25,LAL,SF,12,0,129,4.6,0.459,0.714,0.102,1.7,9.6,5.8,4.0,0.7,0.0,5.5,17.7,-0.1,0.1,0.0,-0.014,-4.3,-1.4,-5.7,-0.1,0.0,2022-23
407,Matt Ryan,25,MIN,SF,22,0,181,10.6,0.604,0.831,0.119,1.3,6.1,3.7,8.9,0.8,0.5,6.1,15.6,0.2,0.1,0.3,0.084,-0.2,-1.6,-1.7,0.0,0.0,2022-23
408,Robin Lopez,34,CLE,C,37,2,299,11.6,0.675,0.053,0.24,9.1,11.0,10.0,9.1,0.3,2.5,23.2,16.1,0.2,0.3,0.6,0.094,-3.4,0.3,-3.0,-0.1,0.0,2022-23
409,Moses Brown,23,2TM,C,36,1,294,22.2,0.607,0.0,0.75,22.0,30.9,26.5,2.1,0.7,4.2,10.5,21.2,0.7,0.4,1.1,0.179,0.6,-1.2,-0.6,0.1,0.0,2022-23
409,Moses Brown,23,LAC,C,34,1,288,22.7,0.607,0.0,0.75,22.4,31.5,27.0,2.2,0.5,4.3,9.9,21.5,0.7,0.4,1.1,0.185,0.9,-1.3,-0.4,0.1,0.0,2022-23
409,Moses Brown,23,BRK,C,2,0,6,-2.6,0.0,0.0,0.0,0.0,0.0,0.0,0.0,8.1,0.0,100.0,7.4,0.0,0.0,0.0,-0.129,-12.7,2.8,-9.9,0.0,0.0,2022-23
410,Nathan Knight,25,MIN,C,38,0,291,14.5,0.655,0.272,0.704,8.6,12.8,10.8,6.1,1.6,1.8,16.5,18.7,0.4,0.3,0.7,0.116,-2.4,-0.8,-3.2,-0.1,0.0,2022-23
411,Kennedy Chandler,20,MEM,PG,36,0,281,10.6,0.44,0.181,0.157,3.4,10.9,7.2,26.4,2.0,1.6,16.9,15.8,-0.1,0.4,0.3,0.044,-3.3,0.6,-2.7,0.0,0.0,2022-23
412,Dalano Banton,23,TOR,PG,31,2,279,14.9,0.505,0.392,0.185,4.2,14.9,9.1,19.3,2.3,4.5,11.4,24.2,0.0,0.4,0.4,0.064,-1.1,0.6,-0.5,0.1,0.0,2022-23
413,Trent Forrest,24,ATL,SG,23,3,277,6.1,0.424,0.033,0.05,2.0,12.8,7.3,16.5,1.2,0.6,19.7,11.6,-0.2,0.2,-0.1,-0.011,-5.3,0.2,-5.1,-0.2,0.0,2022-23
414,Bryn Forbes,29,MIN,SG,25,0,268,6.2,0.497,0.554,0.181,1.7,4.5,3.1,8.2,1.2,0.7,11.8,16.2,-0.2,0.2,0.0,0.0,-4.8,-1.5,-6.3,-0.3,0.0,2022-23
415,Terry Taylor,23,2TM,PF,31,2,264,11.0,0.557,0.253,0.147,11.4,8.4,9.9,5.1,0.5,2.0,10.1,14.2,0.2,0.1,0.3,0.054,-2.3,-1.8,-4.1,-0.1,0.0,2022-23
415,Terry Taylor,23,IND,PF,26,2,228,8.8,0.507,0.277,0.108,10.7,8.3,9.5,5.9,0.6,1.9,11.7,14.2,0.0,0.1,0.1,0.021,-3.4,-1.9,-5.3,-0.2,0.0,2022-23
415,Terry Taylor,23,CHI,PF,5,0,36,25.0,0.85,0.1,0.4,16.0,9.3,12.6,0.0,0.0,2.7,0.0,14.5,0.2,0.0,0.2,0.262,4.6,-0.9,3.7,0.1,0.0,2022-23
416,Jeff Dowtin Jr.,25,TOR,PG,25,0,259,9.9,0.5,0.281,0.158,2.4,8.0,5.0,15.5,1.7,1.1,7.6,10.9,0.2,0.2,0.4,0.076,-2.8,0.9,-1.9,0.0,0.0,2022-23
417,KZ Okpala,23,SAC,PF,35,3,248,6.2,0.554,0.553,0.211,3.2,12.4,7.8,6.3,1.4,2.5,14.4,8.4,0.1,0.2,0.3,0.057,-4.3,1.1,-3.2,-0.1,0.0,2022-23
418,Brandon Boston Jr.,21,LAC,SF,22,1,248,13.4,0.515,0.238,0.311,3.2,10.3,6.8,12.5,1.8,0.0,8.0,26.5,0.0,0.2,0.2,0.04,-1.5,-0.7,-2.2,0.0,0.0,2022-23
419,Luka Garza,24,MIN,C,28,0,243,23.0,0.652,0.336,0.448,15.5,13.5,14.5,11.8,0.6,0.7,9.2,26.9,0.9,0.2,1.1,0.211,2.2,-2.6,-0.4,0.1,0.0,2022-23
420,Jamal Cain,23,MIA,PF,18,0,240,16.5,0.647,0.303,0.333,7.1,18.7,12.7,7.6,2.3,0.4,7.3,15.1,0.5,0.3,0.8,0.169,-0.5,1.3,0.8,0.2,0.0,2022-23
421,Kira Lewis Jr.,21,NOP,PG,25,0,235,14.5,0.584,0.386,0.25,2.4,13.5,8.0,14.0,2.1,0.8,9.3,19.7,0.3,0.3,0.6,0.122,-0.8,0.5,-0.3,0.1,0.0,2022-23
422,Frank Kaminsky,29,2TM,C,36,0,235,15.3,0.635,0.524,0.254,3.2,21.2,12.1,17.8,1.2,1.6,11.4,14.1,0.5,0.2,0.7,0.141,1.2,1.7,2.8,0.3,0.0,2022-23
422,Frank Kaminsky,29,ATL,C,26,0,176,14.9,0.72,0.523,0.273,1.8,20.8,11.2,15.3,1.4,0.5,15.4,13.9,0.4,0.2,0.5,0.148,0.7,1.8,2.6,0.2,0.0,2022-23
422,Frank Kaminsky,29,HOU,C,10,0,59,16.6,0.434,0.526,0.211,7.4,22.6,14.9,25.2,0.8,5.0,0.0,14.6,0.1,0.0,0.2,0.122,2.5,1.2,3.7,0.1,0.0,2022-23
423,Johnny Juzang,21,UTA,SG,18,0,232,6.5,0.411,0.606,0.038,3.8,14.3,9.1,4.7,0.8,1.1,2.8,19.6,-0.3,0.1,-0.2,-0.032,-4.3,-2.2,-6.5,-0.3,0.0,2022-23
424,David Duke Jr.,23,BRK,SG,23,0,228,8.3,0.497,0.154,0.218,5.5,8.7,7.1,13.1,2.1,0.4,17.4,20.1,-0.3,0.2,-0.1,-0.011,-6.3,-1.0,-7.3,-0.3,0.0,2022-23
425,Patrick Baldwin Jr.,20,GSW,SF,31,0,226,11.3,0.546,0.771,0.055,0.5,18.6,9.7,6.9,1.3,1.6,9.0,22.8,-0.1,0.3,0.1,0.029,-0.7,-1.4,-2.1,0.0,0.0,2022-23
426,John Butler,20,POR,C,19,1,221,5.7,0.411,0.66,0.075,1.5,7.3,4.4,6.5,1.5,3.6,1.8,11.0,-0.1,0.1,0.0,0.001,-5.4,-0.8,-6.2,-0.2,0.0,2022-23
427,Cody Zeller,30,MIA,C,15,2,217,16.4,0.659,0.034,0.593,13.0,21.8,17.3,7.2,0.7,1.9,15.8,18.1,0.4,0.3,0.7,0.147,-2.0,-0.7,-2.8,0.0,0.0,2022-23
428,Dalen Terry,20,CHI,SG,38,0,214,14.1,0.523,0.375,0.292,6.5,13.0,9.8,14.1,2.5,2.3,9.0,18.4,0.1,0.3,0.5,0.105,-1.7,1.7,0.0,0.1,0.0,2022-23
429,Matthew Dellavedova,32,SAC,PG,32,0,213,6.7,0.443,0.54,0.14,0.5,6.4,3.5,23.4,1.6,0.0,15.9,12.7,0.0,0.1,0.1,0.021,-4.4,-0.8,-5.2,-0.2,0.0,2022-23
430,Thanasis Antetokounmpo,30,MIL,PF,37,0,206,6.7,0.458,0.174,0.478,7.9,14.1,11.1,9.3,0.7,1.2,17.7,13.8,-0.1,0.2,0.1,0.022,-6.5,-1.1,-7.6,-0.3,0.0,2022-23
431,Nikola Jovic,19,MIA,PF,15,8,204,10.6,0.53,0.507,0.275,5.0,13.1,8.9,7.3,1.7,1.0,11.4,19.0,0.0,0.2,0.2,0.053,-3.4,0.0,-3.4,-0.1,0.0,2022-23
432,Jared Rhoden,23,DET,SG,14,0,198,6.5,0.482,0.455,0.136,6.0,15.0,10.4,2.8,1.0,0.4,6.0,10.7,0.0,0.1,0.1,0.027,-5.0,-1.1,-6.1,-0.2,0.0,2022-23
433,Moussa Diabate,21,LAC,C,22,1,195,14.2,0.546,0.043,0.34,18.0,10.8,14.4,2.8,1.8,3.6,14.3,14.1,0.2,0.2,0.4,0.105,-1.9,-0.8,-2.8,0.0,0.0,2022-23
434,Nerlens Noel,28,2TM,C,17,4,195,7.9,0.424,0.056,0.333,5.6,21.0,13.1,6.7,4.0,4.5,23.9,12.0,-0.3,0.3,0.0,0.007,-6.5,2.6,-3.8,-0.1,0.0,2022-23
434,Nerlens Noel,28,DET,C,14,3,152,10.0,0.465,0.067,0.333,5.0,22.6,13.5,6.2,4.1,5.2,18.9,11.9,-0.1,0.3,0.1,0.04,-5.1,3.1,-2.0,0.0,0.0,2022-23
434,Nerlens Noel,28,BRK,C,3,1,43,0.3,0.218,0.0,0.333,8.0,15.3,11.8,8.3,3.4,2.0,42.1,12.2,-0.2,0.1,-0.1,-0.112,-11.3,1.0,-10.3,-0.1,0.0,2022-23
435,Skylar Mays,25,POR,PG,6,6,189,19.4,0.624,0.382,0.191,1.2,10.4,5.8,40.0,1.5,0.5,11.9,19.3,0.6,0.1,0.7,0.171,2.1,-2.1,0.0,0.1,0.0,2022-23
436,Peyton Watson,20,DEN,SG,23,2,186,12.8,0.553,0.237,0.339,5.1,17.4,11.4,7.9,0.5,5.2,10.6,17.7,0.1,0.2,0.3,0.073,-2.7,-0.1,-2.8,0.0,0.0,2022-23
437,Serge Ibaka,33,MIL,C,16,0,185,9.8,0.553,0.333,0.241,8.8,15.7,12.4,2.9,0.5,3.1,15.6,16.1,0.0,0.2,0.2,0.058,-4.6,0.0,-4.5,-0.1,0.0,2022-23
438,Kenneth Lofton Jr.,20,MEM,PF,24,1,176,20.2,0.572,0.183,0.29,11.5,19.2,15.4,18.1,1.3,1.0,10.3,27.6,0.3,0.2,0.5,0.145,0.7,-1.1,-0.4,0.1,0.0,2022-23
439,Mamadi Diakite,26,CLE,C,22,2,176,9.0,0.56,0.42,0.04,5.4,14.7,10.0,6.3,1.1,4.7,19.1,16.0,-0.1,0.3,0.2,0.051,-4.9,1.6,-3.4,-0.1,0.0,2022-23
440,Ryan Arcidiacono,28,2TM,PG,20,4,172,2.7,0.351,0.622,0.0,0.0,10.0,5.0,16.9,1.4,0.0,15.9,11.1,-0.2,0.1,-0.2,-0.043,-7.3,-1.5,-8.8,-0.3,0.0,2022-23
440,Ryan Arcidiacono,28,NYK,PG,11,0,26,3.1,0.3,0.6,0.0,0.0,17.0,8.4,9.3,3.8,0.0,16.7,9.9,0.0,0.0,0.0,-0.012,-8.9,3.8,-5.1,0.0,0.0,2022-23
440,Ryan Arcidiacono,28,POR,PG,9,4,146,2.6,0.359,0.625,0.0,0.0,8.7,4.3,18.3,1.0,0.0,15.8,11.3,-0.2,0.0,-0.1,-0.049,-7.0,-2.4,-9.4,-0.3,0.0,2022-23
441,Boban Marjanovic,34,HOU,C,31,0,171,23.4,0.71,0.017,0.45,12.7,26.0,19.3,8.7,1.4,1.1,16.3,20.8,0.4,0.1,0.6,0.158,3.0,-1.5,1.6,0.2,0.0,2022-23
442,Noah Vonleh,27,BOS,C,23,1,171,5.9,0.502,0.167,0.083,11.7,18.8,15.3,5.1,0.6,4.0,30.7,9.2,0.0,0.3,0.2,0.06,-7.0,0.7,-6.3,-0.2,0.0,2022-23
443,Vit Krejci,22,ATL,PG,29,0,165,7.7,0.475,0.568,0.054,3.9,13.4,8.6,12.4,1.4,0.5,11.7,10.9,0.0,0.1,0.1,0.042,-4.2,0.6,-3.6,-0.1,0.0,2022-23
444,Garrett Temple,36,NOP,SG,25,0,162,10.5,0.535,0.578,0.089,3.5,8.4,5.9,10.6,2.7,1.2,7.9,13.4,0.1,0.2,0.3,0.094,-2.5,1.6,-1.0,0.0,0.0,2022-23
445,Khem Birch,30,TOR,C,20,0,162,9.4,0.629,0.063,0.156,5.2,12.8,8.7,5.8,1.5,3.0,19.0,11.1,0.1,0.2,0.2,0.072,-4.6,1.1,-3.5,-0.1,0.0,2022-23
446,James Johnson,35,IND,PF,18,1,162,8.4,0.486,0.306,0.163,2.7,17.8,10.3,12.6,2.1,3.2,13.2,15.7,-0.1,0.2,0.1,0.017,-5.7,1.2,-4.4,-0.1,0.0,2022-23
447,Alex Len,29,SAC,C,26,2,161,12.8,0.58,0.067,0.533,17.2,25.4,21.3,9.3,1.2,6.0,30.2,14.1,0.1,0.2,0.3,0.085,-4.9,0.9,-4.0,-0.1,0.0,2022-23
448,Luka Samanic,23,UTA,PF,7,4,161,11.0,0.55,0.544,0.228,0.0,19.9,10.1,13.0,1.8,1.1,13.8,18.9,0.0,0.2,0.2,0.045,-3.2,1.1,-2.1,0.0,0.0,2022-23
449,Dru Smith,25,2TM,SG,15,1,158,11.4,0.475,0.422,0.067,1.4,15.9,8.7,19.3,3.1,2.5,6.1,13.8,0.1,0.3,0.3,0.099,-3.8,2.9,-0.9,0.0,0.0,2022-23
449,Dru Smith,25,MIA,SG,5,1,67,7.1,0.393,0.429,0.0,1.7,14.5,7.9,10.1,3.0,4.6,6.7,9.9,0.0,0.1,0.1,0.053,-6.3,3.1,-3.1,0.0,0.0,2022-23
449,Dru Smith,25,BRK,SG,10,0,91,14.6,0.511,0.419,0.097,1.3,16.9,9.3,26.0,3.2,0.9,5.8,16.7,0.1,0.1,0.3,0.132,-2.1,2.7,0.7,0.1,0.0,2022-23
450,Wendell Moore Jr.,21,MIN,SG,29,2,153,9.3,0.465,0.395,0.116,3.0,10.0,6.6,15.3,2.5,2.8,15.0,14.9,-0.1,0.2,0.1,0.028,-3.8,1.3,-2.4,0.0,0.0,2022-23
451,Otto Porter Jr.,29,TOR,SF,8,2,146,14.0,0.656,0.567,0.267,4.3,10.9,7.4,7.2,3.7,0.0,10.7,11.0,0.2,0.2,0.4,0.142,-1.3,2.0,0.7,0.1,0.0,2022-23
452,Kemba Walker,32,DAL,PG,9,1,144,15.0,0.543,0.491,0.368,2.4,10.6,6.5,20.1,0.7,1.2,5.7,22.1,0.2,0.1,0.3,0.098,0.3,-0.6,-0.3,0.1,0.0,2022-23
453,Danny Green,35,2TM,SG,11,0,138,10.8,0.617,0.755,0.02,2.5,9.1,5.8,6.1,2.2,2.0,16.8,18.9,0.0,0.2,0.2,0.059,-2.1,0.2,-1.9,0.0,0.0,2022-23
453,Danny Green,35,MEM,SG,3,0,43,-0.2,0.409,0.727,0.0,2.5,7.4,4.9,5.6,1.1,0.0,21.4,13.5,-0.1,0.0,-0.1,-0.061,-7.9,-0.9,-8.8,-0.1,0.0,2022-23
453,Danny Green,35,CLE,SG,8,0,95,15.8,0.676,0.763,0.026,2.5,9.9,6.2,6.4,2.6,2.9,15.4,21.4,0.1,0.2,0.2,0.114,0.5,0.7,1.2,0.1,0.0,2022-23
454,Jarrett Culver,23,ATL,SF,10,1,137,9.5,0.452,0.279,0.302,7.9,22.6,15.2,5.5,2.1,1.2,12.6,17.1,-0.1,0.2,0.0,0.014,-4.8,0.6,-4.2,-0.1,0.0,2022-23
455,Quenton Jackson,24,WAS,PG,9,0,135,12.2,0.542,0.286,0.524,1.7,4.8,3.3,15.1,1.4,0.6,7.2,17.9,0.1,0.1,0.2,0.078,-3.7,-1.5,-5.1,-0.1,0.0,2022-23
456,Cody Martin,27,CHO,SF,7,0,134,8.7,0.448,0.389,0.194,6.2,13.0,9.5,11.0,1.4,0.6,4.9,12.9,0.0,0.1,0.1,0.045,-3.8,-0.8,-4.6,-0.1,0.0,2022-23
457,Nate Williams,23,POR,SG,5,4,127,15.5,0.657,0.205,0.077,9.0,4.6,6.8,12.1,1.2,1.4,9.0,15.2,0.3,0.0,0.3,0.12,-1.0,-2.1,-3.0,0.0,0.0,2022-23
458,Xavier Cooks,27,WAS,PF,10,1,126,14.3,0.586,0.036,0.357,14.7,18.7,16.8,6.4,2.3,2.7,19.8,13.9,0.1,0.2,0.2,0.094,-3.2,-0.4,-3.6,-0.1,0.0,2022-23
459,Jason Preston,23,LAC,PG,14,0,124,10.3,0.489,0.439,0.049,1.8,17.9,9.9,30.9,0.8,0.0,19.3,18.3,0.0,0.1,0.1,0.021,-2.1,-0.5,-2.6,0.0,0.0,2022-23
460,Jonathan Isaac,25,ORL,PF,11,0,124,20.3,0.483,0.283,0.17,13.7,26.5,20.1,7.3,5.5,3.1,6.6,21.1,0.0,0.3,0.3,0.13,1.0,3.0,4.0,0.2,0.0,2022-23
461,Shaquille Harrison,29,POR,SG,5,0,120,17.9,0.516,0.278,0.417,1.0,20.3,10.5,34.9,4.5,1.5,12.3,17.6,0.2,0.2,0.3,0.137,-2.5,2.6,0.1,0.1,0.0,2022-23
462,Meyers Leonard,30,MIL,C,9,2,114,12.0,0.652,0.621,0.31,11.4,19.4,15.5,1.2,0.8,0.0,15.4,14.4,0.2,0.1,0.3,0.126,-2.8,-2.2,-5.0,-0.1,0.0,2022-23
463,Olivier Sarr,23,OKC,C,9,1,114,11.5,0.544,0.267,0.233,11.1,18.2,14.6,4.6,0.4,4.1,10.8,13.6,0.1,0.1,0.2,0.094,-4.2,-0.7,-4.9,-0.1,0.0,2022-23
464,Andre Iguodala,39,GSW,PF,8,0,113,7.3,0.521,0.6,0.2,3.0,13.4,8.3,20.3,1.7,2.3,35.5,9.4,0.0,0.1,0.1,0.044,-4.3,1.7,-2.5,0.0,0.0,2022-23
465,Daniel Theis,30,IND,C,7,1,109,14.2,0.497,0.25,0.273,7.1,15.2,11.2,12.2,0.9,4.7,5.7,20.1,0.0,0.1,0.1,0.046,-0.9,-0.5,-1.4,0.0,0.0,2022-23
466,A.J. Lawson,22,2TM,SG,15,0,108,13.9,0.589,0.568,0.182,6.4,16.3,11.3,3.0,0.9,0.0,5.9,21.1,0.1,0.1,0.1,0.063,-1.5,-2.9,-4.4,-0.1,0.0,2022-23
466,A.J. Lawson,22,MIN,SG,1,0,2,34.4,1.0,0.0,0.0,0.0,54.9,27.9,0.0,0.0,0.0,0.0,21.4,0.0,0.0,0.0,0.377,-2.3,7.5,5.2,0.0,0.0,2022-23
466,A.J. Lawson,22,DAL,SG,14,0,106,13.5,0.58,0.581,0.186,6.5,15.5,11.0,3.0,0.9,0.0,6.1,21.1,0.1,0.1,0.1,0.057,-1.5,-3.1,-4.6,-0.1,0.0,2022-23
467,Justin Jackson,27,BOS,SF,23,0,107,6.3,0.359,0.741,0.074,2.1,15.1,8.7,10.5,1.8,3.2,6.7,12.2,-0.1,0.2,0.1,0.025,-4.2,1.6,-2.6,0.0,0.0,2022-23
468,Vince Williams Jr.,22,MEM,SG,15,1,105,3.9,0.367,0.7,0.05,4.0,11.1,7.6,4.8,2.7,1.7,10.9,18.1,-0.3,0.2,-0.1,-0.049,-8.3,-0.2,-8.5,-0.2,0.0,2022-23
469,Josh Minott,20,MIN,SF,15,0,96,17.9,0.582,0.167,0.222,5.9,22.9,14.6,7.5,2.0,5.4,7.1,18.9,0.1,0.2,0.3,0.146,-1.9,0.4,-1.6,0.0,0.0,2022-23
470,Jay Huff,24,WAS,C,7,0,95,22.3,0.796,0.48,0.64,7.3,16.9,12.3,14.7,1.5,3.6,13.5,16.9,0.4,0.1,0.5,0.261,2.8,1.2,4.0,0.1,0.0,2022-23
471,Greg Brown III,21,POR,PF,16,0,93,5.8,0.421,0.25,0.429,2.5,21.2,11.7,4.5,2.1,4.8,15.3,18.4,-0.3,0.1,-0.1,-0.074,-8.5,0.0,-8.5,-0.2,0.0,2022-23
472,Joshua Primo,20,SAS,SG,4,0,93,6.1,0.467,0.462,0.346,2.3,13.4,7.6,24.4,0.5,1.8,26.9,18.2,-0.2,0.0,-0.1,-0.073,-4.7,-1.6,-6.3,-0.1,0.0,2022-23
473,Buddy Boeheim,23,DET,SF,10,0,90,0.5,0.287,0.926,0.074,2.4,5.1,3.7,5.8,1.1,0.0,0.0,13.2,-0.2,0.0,-0.2,-0.091,-7.5,-2.0,-9.5,-0.2,0.0,2022-23
474,Jaden Springer,20,PHI,SG,16,2,89,17.2,0.545,0.143,0.229,8.1,10.4,9.3,13.8,3.9,3.1,7.2,20.8,0.1,0.2,0.3,0.145,-2.6,2.9,0.3,0.1,0.0,2022-23
475,Justin Minaya,23,POR,SF,4,0,89,4.0,0.363,0.522,0.043,3.8,15.6,9.7,5.9,1.1,5.0,14.6,13.4,-0.2,0.1,-0.1,-0.067,-7.2,-1.9,-9.0,-0.2,0.0,2022-23
476,Lindell Wigginton,24,MIL,PG,7,1,87,11.8,0.61,0.486,0.243,0.0,8.1,4.2,23.8,0.0,1.9,22.7,25.6,0.0,0.1,0.1,0.028,-3.1,-3.6,-6.7,-0.1,0.0,2022-23
477,Isaiah Mobley,23,CLE,PF,12,0,84,14.1,0.521,0.286,0.143,5.6,22.4,14.0,5.0,2.4,3.3,3.3,16.4,0.1,0.2,0.2,0.135,-2.5,1.1,-1.4,0.0,0.0,2022-23
478,Jordan Hall,21,SAS,SF,9,0,83,5.5,0.438,0.536,0.321,3.8,12.3,7.9,17.0,0.6,0.0,18.0,19.4,-0.1,0.0,-0.1,-0.077,-4.7,-2.9,-7.6,-0.1,0.0,2022-23
479,Omer Yurtseven,24,MIA,C,9,0,83,16.7,0.675,0.259,0.222,10.9,21.9,16.2,3.9,1.2,2.5,11.9,18.0,0.2,0.1,0.3,0.159,-2.5,-1.5,-3.9,0.0,0.0,2022-23
480,PJ Dozier,26,SAC,SF,16,0,79,5.2,0.333,0.485,0.0,1.5,18.7,10.1,16.3,3.6,1.1,13.2,20.6,-0.3,0.1,-0.2,-0.097,-8.6,0.7,-7.8,-0.1,0.0,2022-23
481,Jared Butler,22,OKC,PG,6,1,77,13.0,0.578,0.438,0.0,1.4,4.3,2.8,15.0,3.1,0.0,13.5,20.1,0.0,0.1,0.1,0.061,-2.2,-0.4,-2.6,0.0,0.0,2022-23
482,Keon Ellis,23,SAC,SG,16,0,71,14.0,0.629,0.75,0.438,6.5,6.4,6.4,10.5,3.4,1.2,5.0,12.1,0.2,0.1,0.2,0.162,-0.1,1.4,1.3,0.1,0.0,2022-23
483,Udonis Haslem,42,MIA,C,7,1,71,6.2,0.433,0.31,0.172,6.4,12.0,9.1,0.0,0.7,2.9,3.1,20.1,-0.1,0.1,0.0,-0.009,-8.2,-3.9,-12.1,-0.2,0.0,2022-23
484,Jamaree Bouyea,23,2TM,PG,5,0,71,6.5,0.504,0.429,0.143,1.6,8.4,4.9,7.8,2.8,2.9,21.2,11.8,-0.1,0.1,0.0,0.013,-5.8,1.6,-4.2,0.0,0.0,2022-23
484,Jamaree Bouyea,23,MIA,PG,4,0,65,7.8,0.54,0.385,0.154,1.7,7.5,4.5,8.6,3.1,3.1,22.4,12.2,-0.1,0.1,0.0,0.029,-4.9,1.9,-2.9,0.0,0.0,2022-23
484,Jamaree Bouyea,23,WAS,PG,1,0,6,-6.9,0.0,1.0,0.0,0.0,17.9,9.3,0.0,0.0,0.0,0.0,7.2,0.0,0.0,0.0,-0.15,-16.1,-1.7,-17.8,0.0,0.0,2022-23
485,Trevelin Queen,25,IND,SG,7,0,70,6.0,0.337,0.517,0.172,12.7,14.2,13.5,11.1,1.4,6.1,18.3,22.9,-0.3,0.1,-0.2,-0.133,-5.6,-1.5,-7.2,-0.1,0.0,2022-23
486,Leandro Bolmaro,22,UTA,SF,14,0,68,-5.0,0.15,0.2,0.0,6.5,4.7,5.6,12.3,2.1,1.2,25.9,16.6,-0.4,0.0,-0.3,-0.231,-12.4,-2.3,-14.7,-0.2,0.0,2022-23
487,Jack White,25,DEN,SF,17,0,66,12.6,0.517,0.474,0.158,10.7,18.6,14.8,7.7,2.2,2.7,9.0,14.7,0.1,0.1,0.1,0.108,-2.6,0.7,-1.9,0.0,0.0,2022-23
488,Tyrese Martin,23,ATL,SG,16,0,66,7.7,0.44,0.304,0.087,8.2,11.7,10.0,3.9,0.7,0.0,7.7,16.5,0.0,0.0,0.0,-0.01,-4.2,-3.1,-7.4,-0.1,0.0,2022-23
489,JD Davison,20,BOS,SG,12,0,66,10.1,0.478,0.368,0.105,3.4,11.4,7.4,22.4,1.5,2.6,16.8,15.8,0.0,0.1,0.1,0.059,-4.5,0.4,-4.2,0.0,0.0,2022-23
490,Ryan Rollins,20,GSW,PG,12,0,62,-1.4,0.508,0.45,0.3,5.4,15.7,10.6,12.4,0.8,1.4,41.4,26.1,-0.3,0.1,-0.3,-0.218,-11.3,-3.7,-15.0,-0.2,0.0,2022-23
491,Isaiah Todd,21,WAS,PF,6,1,61,-1.0,0.226,0.526,0.105,3.8,17.6,10.9,7.9,0.8,0.0,9.1,15.6,-0.2,0.0,-0.2,-0.147,-10.3,-3.9,-14.2,-0.2,0.0,2022-23
492,Sam Merrill,26,CLE,SG,5,0,59,15.5,0.546,0.818,0.091,0.0,18.0,9.0,12.0,3.4,0.0,0.0,17.3,0.1,0.1,0.2,0.16,-1.2,2.5,1.2,0.0,0.0,2022-23
493,Carlik Jones,25,CHI,PG,7,0,56,11.1,0.54,0.4,0.533,2.1,8.0,5.1,13.9,1.7,0.0,9.7,16.2,0.0,0.1,0.1,0.078,-2.8,0.4,-2.5,0.0,0.0,2022-23
494,Gabe York,29,IND,SG,3,0,56,11.8,0.548,0.857,0.095,0.0,11.9,5.9,12.3,1.7,0.0,0.0,16.4,0.1,0.0,0.1,0.091,-1.7,-1.8,-3.5,0.0,0.0,2022-23
495,Devon Dotson,23,WAS,PG,6,0,53,4.8,0.15,0.4,0.0,13.1,8.1,10.5,17.6,4.6,0.0,23.1,10.7,-0.1,0.1,0.0,-0.025,-7.0,1.8,-5.3,0.0,0.0,2022-23
496,Facundo Campazzo,31,DAL,PG,8,0,52,7.8,0.36,0.846,0.154,0.0,4.5,2.2,22.6,5.7,0.0,17.8,14.7,-0.1,0.1,0.0,-0.012,-4.8,3.6,-1.2,0.0,0.0,2022-23
497,Micah Potter,24,UTA,PF,7,0,52,18.6,0.8,0.467,0.0,6.3,26.7,16.6,11.2,0.9,0.0,11.8,13.7,0.2,0.0,0.2,0.186,2.4,1.2,3.5,0.1,0.0,2022-23
498,Joe Wieskamp,23,TOR,SF,9,0,50,-0.4,0.321,0.857,0.0,0.0,9.8,4.5,7.4,0.0,0.0,6.7,12.8,-0.1,0.0,-0.1,-0.076,-7.0,-3.6,-10.6,-0.1,0.0,2022-23
499,Ron Harper Jr.,22,TOR,PF,9,0,48,15.7,0.608,0.563,0.063,6.6,10.2,8.3,11.9,0.0,2.0,0.0,14.6,0.1,0.0,0.2,0.158,2.4,-1.2,1.2,0.0,0.0,2022-23
500,Xavier Sneed,25,CHO,SF,4,0,48,9.5,0.723,0.6,0.4,0.0,11.3,5.6,13.9,0.0,1.8,20.3,12.9,0.1,0.0,0.1,0.086,-3.1,-0.4,-3.6,0.0,0.0,2022-23
501,Michael Carter-Williams,31,ORL,PG,4,0,44,9.0,0.498,0.214,0.5,2.6,10.3,6.4,22.6,1.1,2.2,19.0,20.6,0.0,0.0,0.0,-0.003,-5.1,-1.2,-6.3,0.0,0.0,2022-23
502,Cole Swider,23,LAL,SF,7,0,41,7.4,0.5,0.889,0.0,2.7,15.2,9.1,12.0,0.0,0.0,0.0,9.3,0.0,0.0,0.1,0.08,-2.9,-0.5,-3.4,0.0,0.0,2022-23
503,Mac McClung,24,PHI,SG,2,0,41,19.2,0.563,0.55,0.25,8.8,19.8,14.4,35.3,0.0,0.0,11.9,27.5,0.1,0.0,0.1,0.14,2.2,-1.7,0.5,0.0,0.0,2022-23
504,Jacob Gilyard,24,MEM,PG,1,0,41,7.3,0.5,1.0,0.0,0.0,10.3,5.2,19.4,3.5,0.0,40.0,5.1,0.0,0.1,0.1,0.079,-7.8,1.7,-6.1,0.0,0.0,2022-23
505,Kendall Brown,19,IND,SG,6,0,40,9.1,0.571,0.143,0.286,5.6,11.1,8.3,9.7,4.7,0.0,20.2,10.4,0.0,0.1,0.1,0.071,-7.0,4.0,-2.9,0.0,0.0,2022-23
506,Jarrell Brantley,26,UTA,PF,4,0,39,18.5,0.739,0.643,0.143,2.8,13.7,8.3,11.4,0.0,4.3,11.8,18.1,0.1,0.0,0.1,0.16,3.1,0.4,3.5,0.1,0.0,2022-23
507,Mfiondu Kabengele,25,BOS,PF,4,0,36,8.1,0.381,0.429,0.286,15.4,14.9,15.2,0.0,2.7,0.0,11.3,10.8,0.0,0.1,0.1,0.067,-6.6,-2.4,-8.9,-0.1,0.0,2022-23
508,RaiQuan Gray,23,BRK,PF,1,0,35,15.5,0.621,0.417,0.167,9.9,18.8,14.4,29.0,0.0,2.4,23.7,21.4,0.0,0.0,0.1,0.106,-0.6,-1.4,-2.0,0.0,0.0,2022-23
509,Justin Champagnie,21,2TM,SF,5,0,34,10.3,0.367,0.333,0.0,9.6,17.1,13.1,16.3,1.4,0.0,0.0,19.2,0.0,0.0,0.0,0.009,-5.1,-2.8,-7.9,-0.1,0.0,2022-23
509,Justin Champagnie,21,TOR,SF,3,0,11,28.9,1.0,0.0,0.0,9.6,33.3,20.6,15.3,0.0,0.0,0.0,11.6,0.1,0.0,0.1,0.332,6.1,1.9,8.1,0.0,0.0,2022-23
509,Justin Champagnie,21,BOS,SF,2,0,23,1.5,0.208,0.417,0.0,9.6,9.3,9.5,16.7,2.1,0.0,0.0,22.8,-0.1,0.0,-0.1,-0.145,-10.5,-5.1,-15.5,-0.1,0.0,2022-23
510,Tony Bradley,25,CHI,C,12,0,33,21.7,0.69,0.417,0.333,3.5,33.8,18.9,4.4,1.5,2.9,6.8,19.8,0.1,0.1,0.2,0.22,4.4,0.5,4.9,0.1,0.0,2022-23
511,Scotty Pippen Jr.,22,LAL,PG,6,0,32,9.6,0.439,0.25,0.75,6.9,6.5,6.7,8.2,3.0,2.6,11.1,23.7,-0.1,0.0,0.0,-0.017,-5.1,-0.8,-5.9,0.0,0.0,2022-23
512,Alize Johnson,26,SAS,PF,4,0,30,4.3,0.509,0.333,0.333,7.0,30.3,18.2,4.2,1.6,0.0,36.8,15.0,-0.1,0.0,-0.1,-0.099,-7.4,-1.7,-9.1,-0.1,0.0,2022-23
513,Jay Scrubb,22,ORL,SG,2,0,30,14.2,0.825,0.286,0.286,0.0,22.7,11.3,5.0,3.2,0.0,27.6,15.6,0.0,0.0,0.1,0.083,-2.9,1.0,-1.9,0.0,0.0,2022-23
514,Neemias Queta,23,SAC,C,5,0,29,17.0,0.607,0.0,0.222,19.8,23.5,21.7,5.0,0.0,6.0,9.2,16.1,0.1,0.0,0.1,0.149,-2.6,-0.8,-3.4,0.0,0.0,2022-23
515,Louis King,23,PHI,PF,1,0,29,21.3,0.744,0.615,0.077,8.3,8.0,8.1,12.2,1.7,0.0,13.0,23.8,0.1,0.0,0.1,0.157,3.3,-1.0,2.3,0.0,0.0,2022-23
516,Vernon Carey Jr.,21,WAS,C,11,0,28,10.8,0.338,0.0,0.25,12.4,30.6,21.8,13.3,3.5,6.0,18.4,16.9,-0.1,0.1,0.0,0.014,-7.1,2.1,-5.0,0.0,0.0,2022-23
517,Trevor Hudgins,23,HOU,PG,5,0,28,4.2,0.436,0.889,0.333,0.0,0.0,0.0,13.9,0.0,0.0,8.8,16.8,0.0,0.0,0.0,-0.035,-3.8,-4.7,-8.4,0.0,0.0,2022-23
518,Kobi Simmons,25,CHO,SG,5,0,28,9.0,0.363,0.833,0.333,3.7,11.7,7.6,21.8,0.0,6.2,12.7,11.8,0.0,0.0,0.0,0.019,-1.0,0.1,-0.9,0.0,0.0,2022-23
519,Darius Days,23,HOU,SF,4,0,25,18.3,0.582,0.833,0.167,4.3,22.2,13.2,6.2,0.0,3.9,0.0,21.4,0.1,0.0,0.1,0.156,4.7,-1.2,3.5,0.0,0.0,2022-23
520,Sterling Brown,27,LAL,SF,4,0,24,7.0,0.0,0.5,0.0,13.9,21.6,17.8,9.4,5.9,0.0,0.0,7.0,0.0,0.1,0.0,0.04,-7.7,4.3,-3.3,0.0,0.0,2022-23
521,Chance Comanche,26,POR,C,1,0,21,12.2,0.518,0.0,0.8,10.9,5.5,8.2,0.0,0.0,4.2,0.0,14.0,0.0,0.0,0.0,0.043,-2.6,-4.9,-7.5,0.0,0.0,2022-23
522,Marko Simonovic,23,CHI,C,7,0,20,-0.1,0.381,0.571,0.286,5.8,5.6,5.7,0.0,0.0,0.0,0.0,17.4,0.0,0.0,0.0,-0.052,-10.5,-3.8,-14.4,-0.1,0.0,2022-23
523,Xavier Moon,28,LAC,SG,4,0,20,7.2,0.389,0.333,0.0,0.0,16.6,8.4,35.7,0.0,0.0,10.0,21.8,0.0,0.0,0.0,-0.03,-4.1,-1.0,-5.1,0.0,0.0,2022-23
524,Lester Quinones,22,GSW,SG,4,0,18,8.6,0.654,0.8,1.2,6.2,12.0,9.2,14.2,2.6,0.0,39.6,29.4,-0.1,0.0,0.0,-0.103,-6.4,-3.7,-10.2,0.0,0.0,2022-23
525,Dereon Seabron,22,NOP,SG,5,0,12,4.6,0.4,0.0,0.0,9.5,0.0,4.7,0.0,0.0,0.0,0.0,17.9,0.0,0.0,0.0,-0.034,-6.6,-4.7,-11.3,0.0,0.0,2022-23
526,Dylan Windler,26,CLE,SF,3,0,10,19.0,0.833,0.667,0.0,0.0,0.0,0.0,15.2,5.0,0.0,25.0,17.9,0.0,0.0,0.0,0.149,3.2,3.5,6.7,0.0,0.0,2022-23
527,Malcolm Hill,27,CHI,SF,5,0,9,15.4,0.625,0.75,0.0,0.0,37.2,18.9,0.0,0.0,0.0,0.0,19.7,0.0,0.0,0.0,0.125,1.6,0.8,2.4,0.0,0.0,2022-23
528,Braxton Key,25,DET,SF,3,0,9,18.6,1.064,0.0,2.0,0.0,12.7,6.2,0.0,0.0,0.0,0.0,8.9,0.0,0.0,0.0,0.242,2.1,0.8,2.9,0.0,0.0,2022-23
529,Tyler Dorsey,26,DAL,SF,3,0,8,45.5,0.9,0.4,0.0,14.4,14.7,14.5,0.0,0.0,0.0,0.0,28.3,0.1,0.0,0.1,0.367,17.0,0.8,17.8,0.0,0.0,2022-23
530,Trevor Keels,19,NYK,SG,3,0,8,3.7,0.375,1.0,0.0,0.0,27.6,13.7,0.0,0.0,0.0,0.0,21.4,0.0,0.0,0.0,-0.062,-7.4,-5.6,-13.0,0.0,0.0,2022-23
531,Chima Moneke,27,SAC,SF,2,0,8,-3.5,0.347,0.0,1.0,28.8,0.0,14.3,16.1,0.0,0.0,41.0,26.2,0.0,0.0,0.0,-0.288,-12.7,-8.0,-20.7,0.0,0.0,2022-23
532,Deonte Burton,29,SAC,PF,2,0,6,-12.6,0.0,0.5,0.0,0.0,0.0,0.0,0.0,0.0,0.0,0.0,14.3,0.0,0.0,0.0,-0.347,-13.9,-10.4,-24.2,0.0,0.0,2022-23
533,Jordan Schakel,24,WAS,SF,2,0,6,24.3,0.75,0.5,0.0,0.0,0.0,0.0,23.5,8.1,0.0,0.0,14.5,0.0,0.0,0.0,0.314,7.7,9.3,17.0,0.0,0.0,2022-23
534,Frank Jackson,24,UTA,PG,1,0,5,-6.8,0.0,0.333,0.0,21.9,21.3,21.6,22.7,0.0,0.0,0.0,25.1,0.0,0.0,0.0,-0.378,-12.5,-9.8,-22.2,0.0,0.0,2022-23
535,Alondes Williams,23,BRK,SG,1,0,5,-20.9,0.0,0.0,0.0,0.0,22.0,11.2,0.0,0.0,0.0,100.0,17.7,-0.1,0.0,-0.1,-0.517,-21.3,-5.2,-26.5,0.0,0.0,2022-23
536,Donovan Williams,21,ATL,SG,2,0,4,14.5,0.4,0.4,0.0,0.0,55.4,27.4,0.0,0.0,0.0,0.0,52.5,0.0,0.0,0.0,-0.225,-9.1,-6.1,-15.2,0.0,0.0,2022-23
537,Chris Silva,26,DAL,PF,1,0,3,-2.2,1.0,0.0,0.0,0.0,0.0,0.0,0.0,0.0,0.0,50.0,30.1,0.0,0.0,0.0,-0.26,-22.5,-0.1,-22.6,0.0,0.0,2022-23
538,Stanley Umude,23,DET,SG,1,0,2,65.6,0.532,1.0,2.0,0.0,0.0,0.0,0.0,24.2,44.1,0.0,40.0,0.0,0.0,0.0,0.626,15.9,32.7,48.6,0.0,0.0,2022-23
539,Michael Foster Jr.,20,PHI,PF,1,0,1,0.0,0.0,0.0,0.0,0.0,0.0,0.0,0.0,0.0,0.0,0.0,0.0,0.0,0.0,0.0,0.01,-7.2,-1.9,-9.2,0.0,0.0,2022-23
