Rk,Player,Age,Team,Pos,G,GS,MP,PER,TS%,3PAr,FTr,ORB%,DRB%,TRB%,AST%,STL%,BLK%,TOV%,USG%,OWS,DWS,WS,WS/48,OBPM,DBPM,BPM,VORP
1,Amen Thompson,23,HOU,PG,79,79,2953,18.9,0.594,0.111,0.374,8.9,14,11.5,20.4,2,1.5,13.5,20,6.5,3.8,10.3,0.167,1.6,1,2.6,3.4
2,Kevin Durant,37,HOU,SF,78,78,2840,21.1,0.641,0.327,0.339,1.6,14.8,8.3,20.7,1.1,2.3,13.5,27.1,7.5,3.2,10.7,0.18,4.4,0.1,4.5,4.7
3,Desmond Bane,27,ORL,SG,82,82,2756,16.9,0.607,0.354,0.287,3.9,9.8,6.8,19.3,1.5,1.2,10.8,23.3,4.8,2.6,7.4,0.129,1.6,-0.2,1.4,2.3
4,Toumani Camara,25,POR,PF,82,82,2731,11.3,0.578,0.664,0.154,5,11.7,8.4,10.4,1.6,1.1,13.1,16.3,2.1,2.7,4.8,0.084,-1,0,-1,0.7
5,Jabari Smith Jr.,22,HOU,PF,77,77,2705,13.5,0.57,0.501,0.215,4.5,17,10.8,7.3,1,2.4,9,18.2,3.4,3.3,6.6,0.118,-0.5,-0.2,-0.7,0.9
6,Mikal Bridges,29,NYK,SF,82,82,2692,15.3,0.587,0.436,0.102,3.3,9.7,6.5,15.9,2,2.4,7.6,17.3,4.7,3.3,8,0.143,1.3,1.4,2.7,3.2
7,Scottie Barnes,24,TOR,PF,80,80,2681,19.2,0.577,0.199,0.264,6.3,19.3,12.7,26.3,2.1,4.2,14.3,23.4,3.3,4.5,7.8,0.14,1.9,2.3,4.2,4.2
8,Tyrese Maxey,25,PHI,PG,70,70,2661,21.9,0.588,0.399,0.278,1,11,5.9,28.9,2.4,1.9,9.2,29.4,5.9,2.8,8.7,0.156,5,0.5,5.4,4.9
9,Jamal Murray,28,DEN,PG,75,75,2652,21.8,0.622,0.414,0.287,1.4,12,7,31.1,1.2,1,10,27.9,7.8,1.7,9.5,0.173,5.5,-1.4,4.1,4.1
10,Derrick White,31,BOS,SG,77,77,2625,16,0.529,0.578,0.184,3.7,10.4,7.1,22.2,1.7,3.8,10.1,22,3.5,3.5,7,0.129,2.2,1,3.2,3.5
11,VJ Edgecombe,20,PHI,SG,75,75,2623,14,0.54,0.409,0.176,5,12.7,8.8,17.4,2,1.4,11,20.1,1.9,2.5,4.4,0.081,-0.4,-0.1,-0.5,1
12,Julius Randle,31,MIN,PF,79,79,2610,18.4,0.585,0.287,0.411,5.7,16.5,11.2,23.1,1.6,0.6,13.2,26.5,4.3,3.1,7.4,0.135,1.5,0,1.5,2.3
13,Brandon Ingram,28,TOR,SF,77,77,2604,16.3,0.573,0.274,0.276,2.7,16.1,9.4,16.8,1.1,2,11.5,26.9,1.5,3.1,4.6,0.084,1,-0.5,0.5,1.7
14,Nickeil Alexander-Walker,27,ATL,SG,78,71,2603,16.5,0.61,0.526,0.257,2.1,9.1,5.6,15.8,1.9,1.5,10.9,23.9,3.6,2.7,6.3,0.116,1.6,-0.4,1.2,2.1
15,Jalen Brunson,29,NYK,PG,74,74,2590,20.1,0.58,0.358,0.285,1.3,9.4,5.3,31.3,1.1,0.3,9.5,30.4,6.5,2.2,8.8,0.163,4,-0.9,3.1,3.3
16,Payton Pritchard,28,BOS,PG,79,50,2556,17.1,0.584,0.515,0.125,3,10.2,6.7,23.5,1.1,0.4,8.7,21.4,6.1,2.4,8.5,0.16,2.6,-0.3,2.3,2.8
17,Kon Knueppel,20,CHO,SF,81,80,2551,17.1,0.633,0.592,0.208,4.4,14.6,9.6,16.6,1.1,0.7,12,22.3,5.6,2.5,8,0.151,3.1,-0.4,2.8,3.1
18,Jalen Johnson,24,ATL,SF,72,72,2532,20.4,0.581,0.278,0.311,4.3,27.8,15.9,33.5,1.7,1.1,14.9,27,3.6,3.9,7.5,0.141,2.8,1.4,4.2,4
19,Dyson Daniels,22,ATL,SG,76,76,2520,15.5,0.542,0.151,0.157,7.8,14.7,11.2,23.9,2.8,1.1,14,16,3.1,3.6,6.6,0.126,-0.6,1.8,1.3,2.1
20,Paolo Banchero,23,ORL,PF,72,72,2502,17.6,0.566,0.239,0.512,3.8,23.4,13.5,23.4,1,1.4,13.6,27.6,2,3,5,0.095,1.4,0,1.4,2.1
21,Donte DiVincenzo,29,MIN,SG,82,82,2494,12.5,0.567,0.771,0.126,3,11.6,7.4,16.8,2,1.2,11.8,16.9,2.3,2.9,5.2,0.1,0,0.7,0.8,1.7
22,Jaylen Brown,29,BOS,SF,71,71,2443,22,0.573,0.262,0.347,3.7,18.1,11.1,25.9,1.5,1.1,12.7,36.2,3.5,3.4,6.9,0.135,3.5,-0.1,3.3,3.3
23,James Harden,36,2TM,PG,70,70,2438,20.7,0.61,0.51,0.467,1.9,13.6,7.9,34.7,1.6,1.1,15.3,28.6,5.6,2.1,7.7,0.151,4.6,-0.8,3.9,3.6
23,James Harden,36,LAC,PG,44,44,1559,21.7,0.598,0.505,0.485,2.1,13.4,7.9,36.3,1.8,1,14.8,31.2,3.5,1.3,4.8,0.148,4.8,-1,3.8,2.3
23,James Harden,36,CLE,PG,26,26,879,18.9,0.639,0.523,0.426,1.6,13.8,7.8,31.8,1.2,1.3,16.6,24,2.1,0.8,2.9,0.158,4.4,-0.4,4,1.3
24,DeMar DeRozan,36,SAC,PF,77,77,2406,17.8,0.594,0.146,0.429,1.6,9.1,5.3,20,1.6,0.9,7.4,22.8,5.2,0.4,5.6,0.112,0.9,-1,-0.1,1.1
25,Alperen Şengün,23,HOU,C,72,72,2398,21.4,0.569,0.117,0.335,10.1,19.4,14.8,28.9,1.8,3,15,26.6,4.4,3.6,8,0.161,2.7,1.5,4.2,3.7
26,Miles Bridges,27,CHO,PF,77,77,2387,16,0.57,0.427,0.243,3.6,17.4,10.6,15.9,1,1.3,8.5,22.3,4,2.5,6.5,0.13,1.2,-0.1,1.1,1.9
27,Rudy Gobert,33,MIN,C,76,76,2380,17.5,0.664,0.01,0.615,14.1,25.9,20.1,7.2,1.2,4.5,14.5,12.9,4.8,4,8.7,0.176,0,0.9,1,1.8
28,Ryan Rollins,23,MIL,PG,74,67,2376,16.2,0.583,0.44,0.152,2.6,13.4,8,27.1,2.3,1.3,15.5,24.2,1.7,1.8,3.4,0.069,0.7,-0.5,0.2,1.3
29,Bam Adebayo,28,MIA,C,73,73,2365,18.7,0.551,0.349,0.369,6.5,25.7,16.1,14.1,1.7,1.8,8.3,25,2.8,3.6,6.4,0.129,1.5,0.4,2,2.4
30,Cooper Flagg,19,DAL,SF,70,70,2344,17.9,0.548,0.204,0.286,3.9,17,10.5,21.5,1.7,2.3,10.7,26.9,1.3,2.5,3.8,0.078,1,0.4,1.4,2
31,Donovan Mitchell,29,CLE,SG,70,70,2342,22.9,0.613,0.439,0.306,2.4,12.4,7.4,27.9,2.1,0.8,11.1,32.2,5.8,2.4,8.2,0.169,5.2,-0.2,5.1,4.2
32,Trey Murphy III,25,NOP,SF,66,66,2341,18.3,0.613,0.538,0.234,2.9,14.6,8.7,16.2,2,1,9.4,22.7,4.5,1.6,6,0.123,3,-0.6,2.4,2.6
33,Brandin Podziemski,22,GSW,SG,82,43,2333,15,0.583,0.476,0.278,3.4,16.9,10,19.2,1.8,0.6,11.9,20.1,2.8,2.3,5.1,0.105,0.3,-0.1,0.2,1.3
34,Karl-Anthony Towns,30,NYK,C,75,75,2322,22,0.619,0.297,0.403,11.2,31.7,21.4,14.7,1.4,1.8,13.3,25.9,5.5,4,9.5,0.197,2.7,0.6,3.3,3.1
35,Jaden McDaniels,25,MIN,PF,73,73,2316,14,0.611,0.309,0.218,3.7,10.9,7.4,12.2,1.7,2.7,12.9,18.5,2.5,2.7,5.2,0.109,-0.9,0.6,-0.3,1
36,Onyeka Okongwu,25,ATL,C,74,63,2297,15.9,0.592,0.445,0.235,6.5,20.3,13.3,13.9,1.7,3.1,11.8,19.5,2.6,3.3,6,0.125,-0.1,0.8,0.7,1.6
37,Luka Dončić,26,LAL,PG,64,64,2289,27.9,0.616,0.476,0.443,2.2,22.5,12.7,40.5,2.2,1.4,12.8,38.1,6.6,2.9,9.5,0.199,8,1.3,9.3,6.6
38,Wendell Carter Jr.,26,ORL,C,78,78,2288,14.1,0.617,0.355,0.392,7.8,20.5,14.1,9.5,1.3,1.9,11.8,15.6,3.4,2.8,6.2,0.131,-1,0.5,-0.6,0.8
39,Collin Gillespie,26,PHO,PG,80,58,2282,15.3,0.575,0.686,0.103,4.2,12,8,23.3,2.1,0.7,12.4,18.7,3.6,2.5,6.2,0.13,1.9,0.6,2.5,2.6
40,Bub Carrington,20,WAS,PG,82,48,2271,9.9,0.556,0.559,0.15,1.5,11.7,6.5,23,1.1,0.7,19.5,18,-0.3,-0.1,-0.4,-0.009,-2.2,-2.5,-4.7,-1.6
41,A.J. Green,26,MIL,SG,78,68,2270,9.4,0.627,0.896,0.1,1.5,9.1,5.3,9.2,0.8,0.4,10.4,14,2,0.4,2.4,0.05,-1.5,-1.8,-3.3,-0.8
42,Julian Champagnie,24,SAS,SF,82,68,2266,13.1,0.609,0.743,0.196,3.6,18.4,11.2,7.3,1.3,1.5,8.4,15.2,2.8,3.4,6.2,0.132,0.5,0.8,1.4,1.9
43,Nikola Jokić,30,DEN,C,65,65,2265,32.3,0.67,0.261,0.424,10,30.4,20.7,50.3,2,2.2,15.3,30.4,11.5,3.4,14.9,0.316,10.1,4.1,14.2,9.2
44,CJ McCollum,34,2TM,PG,76,60,2264,15.9,0.566,0.442,0.205,2.9,9.2,6,19.7,1.3,1.4,9.7,25.7,1.9,1,3,0.063,1.4,-1.7,-0.3,1
44,CJ McCollum,34,WAS,SG,35,35,1082,15.2,0.573,0.461,0.193,2.2,10.2,6.2,18,1.1,0.7,9.2,24.4,1.1,-0.1,0.9,0.042,1.2,-2.7,-1.5,0.1
44,CJ McCollum,34,ATL,PG,41,25,1182,16.5,0.56,0.426,0.216,3.5,8.3,5.9,21.3,1.6,2,10.1,26.9,0.9,1.2,2,0.082,1.6,-0.7,0.9,0.9
45,Shai Gilgeous-Alexander,27,OKC,PG,68,68,2259,30.8,0.665,0.226,0.465,1.9,11.7,7,35,2,2.3,8.7,33.4,11.1,4.1,15.2,0.323,8.7,3,11.7,7.8
46,Matas Buzelis,21,CHI,PF,77,77,2248,14.8,0.586,0.514,0.247,3.7,17.3,10.6,10.3,1.1,4.5,13,22.8,0.4,2.1,2.6,0.055,-0.6,-0.4,-1,0.5
47,Saddiq Bey,26,NOP,SF,72,64,2246,17.1,0.579,0.426,0.305,5.7,13.5,9.6,11.9,1.4,0.3,5.8,21.6,4.5,1,5.4,0.116,2.3,-1.8,0.5,1.4
48,Max Christie,22,DAL,SG,77,68,2244,11,0.601,0.615,0.192,0.7,10.9,5.9,9.3,1,1,10.9,16.5,1.3,1.4,2.7,0.058,-1,-0.6,-1.5,0.3
49,De'Aaron Fox,28,SAS,PG,72,72,2231,17.6,0.578,0.377,0.235,2.1,10.7,6.5,29.6,1.9,0.8,12.4,24.9,3.4,3,6.4,0.138,1.5,0.6,2.2,2.4
50,Immanuel Quickley,26,TOR,PG,70,70,2231,16.6,0.577,0.526,0.229,1.9,12.5,7.2,26.4,2,0.2,9.3,21.1,3.9,2.6,6.5,0.14,1.9,0.6,2.4,2.5
51,Kris Dunn,31,LAC,PG,82,68,2230,11.3,0.581,0.449,0.17,3.1,10.8,7.1,17.9,2.9,0.6,17.8,12.4,1.7,2.3,4,0.085,-2.3,1.5,-0.8,0.6
52,OG Anunoby,28,NYK,PF,67,67,2224,15.8,0.62,0.506,0.275,4.3,13.4,8.8,9.2,2.3,2.2,12,19.7,3.1,3.2,6.3,0.135,0.9,1.1,2,2.3
53,Royce O'Neale,32,PHO,SF,78,67,2213,11.6,0.596,0.832,0.061,2.9,16.3,9.3,12.8,1.9,1.4,13.8,14.3,1.9,2.7,4.6,0.1,-0.3,1,0.7,1.5
54,Quentin Grimes,25,PHI,SG,75,19,2206,12.9,0.585,0.503,0.314,2.2,11.4,6.7,15.7,1.4,1.2,13.4,19,1.9,1.7,3.6,0.078,-0.9,-0.6,-1.6,0.2
55,Deni Avdija,25,POR,SF,66,66,2199,20.3,0.6,0.369,0.573,3.6,19,11.2,32.2,1.1,1.7,16,29.3,4.5,2.4,7,0.152,3.7,0.6,4.3,3.5
56,Naji Marshall,28,DAL,SF,74,47,2184,15.4,0.592,0.259,0.365,3.2,13.6,8.4,16.4,1.8,0.2,11.1,20.5,2.5,1.8,4.3,0.095,-0.7,0.1,-0.6,0.8
57,Cade Cunningham,24,DET,PG,64,64,2172,21.6,0.564,0.308,0.321,2.9,15.2,9.2,45.2,2,2.5,14.8,30.5,4.2,3.6,7.9,0.174,4.8,1.5,6.3,4.6
58,Reed Sheppard,21,HOU,SG,82,21,2147,15.7,0.564,0.609,0.091,1.5,10.7,6.1,18.6,2.8,2.3,11.1,21.7,2.7,3.1,5.9,0.131,1.2,1.5,2.7,2.5
59,Devin Booker,29,PHO,SG,64,64,2146,20.4,0.585,0.309,0.434,2.4,10.7,6.4,30.2,1.2,0.8,12.3,32.2,4.7,1.8,6.5,0.145,3.2,-1,2.2,2.3
60,Anthony Edwards,24,MIN,SG,61,60,2137,21.8,0.617,0.418,0.355,1.9,13.4,7.8,17.6,1.9,2,10.9,31.5,3.9,2.7,6.5,0.147,4.7,-0.1,4.5,3.5
61,Tim Hardaway Jr.,33,DEN,SG,80,6,2127,13.5,0.624,0.706,0.252,0.9,9.5,5.4,6.9,1,0.4,4.7,18.5,3.5,1,4.4,0.1,1.3,-1.9,-0.7,0.7
62,Jaime Jaquez Jr.,24,MIA,SF,75,1,2121,15.7,0.57,0.2,0.236,4.7,13.7,9.2,24,1.1,0.9,13.1,22.3,2.2,2,4.2,0.094,0.3,-0.1,0.1,1.1
63,Duncan Robinson,31,DET,SG,77,77,2113,12.4,0.629,0.768,0.158,1.6,9.2,5.4,10.1,1,1,6.7,15.8,3.8,2.3,6.1,0.139,0.8,-0.1,0.8,1.5
64,Jeremiah Fears,19,NOP,PG,82,49,2112,13.8,0.525,0.304,0.245,3,12.4,7.7,19.9,2.2,1.3,13.8,25.5,-0.8,1.4,0.6,0.015,-1.4,-1.3,-2.7,-0.4
65,Donovan Clingan,21,POR,C,77,77,2094,20.9,0.604,0.36,0.297,17.7,28.6,23.1,11.4,1,5.5,10.9,16.9,5.1,3.5,8.6,0.197,2.4,0.6,3,2.6
66,Kawhi Leonard,34,LAC,SF,65,65,2085,27.9,0.629,0.354,0.331,4.1,18.6,11.5,21,2.9,1.2,8.4,33.5,6.5,2.7,9.2,0.212,7.4,0.6,8,5.3
67,Evan Mobley,24,CLE,PF,65,63,2074,20,0.596,0.243,0.346,8.3,22.7,15.5,16.8,1.1,5.2,11,22.6,3.6,2.9,6.5,0.15,1.8,1.2,3,2.6
68,Andrew Wiggins,30,MIA,SF,68,68,2063,15.1,0.586,0.406,0.197,5.7,10.8,8.3,12.3,1.7,3,10.3,19.7,2.2,2.3,4.6,0.106,0.7,0.5,1.2,1.7
69,Jake LaRavia,24,LAL,PF,82,43,2061,11.9,0.571,0.465,0.291,6.8,11.5,9.3,9.3,2.5,1.7,12.9,14.4,1.7,2.1,3.8,0.089,-1.6,0.5,-1.2,0.4
70,Pascal Siakam,31,IND,PF,62,62,2057,18.6,0.562,0.254,0.327,4.6,17.4,10.9,19.9,1.6,1,9.5,30.1,1.1,1.5,2.6,0.062,1.8,-1,0.7,1.4
71,Cason Wallace,22,OKC,SG,77,58,2046,12.1,0.538,0.493,0.116,3.5,8.9,6.3,12.7,3.5,1.3,10.6,14.5,1,4.2,5.2,0.122,-2.1,3.3,1.2,1.7
72,Devin Vassell,25,SAS,SG,67,65,2044,13,0.574,0.572,0.172,2.1,11.8,7.1,11,1.3,1.1,6.9,18,2.3,2.6,4.9,0.115,0.1,0.3,0.5,1.3
73,Stephon Castle,21,SAS,PG,68,67,2038,17.4,0.575,0.299,0.47,5.3,13.5,9.5,34.5,1.8,0.8,18,24.9,2.8,2.9,5.8,0.136,1,0.9,1.9,2
74,Derik Queen,21,NOP,C,81,48,2023,15.9,0.546,0.118,0.365,7.2,23.5,15.2,21.1,2,3.5,18,21.8,0.4,2.3,2.7,0.063,-1.5,0.7,-0.8,0.6
75,LaMelo Ball,24,CHO,PG,72,69,2017,19.7,0.546,0.595,0.144,3.7,15.5,9.7,42.6,2.1,0.8,13.2,32,3.6,2.6,6.2,0.147,4.8,-0.1,4.7,3.4
76,Naz Reid,26,MIN,C,77,3,2007,15.4,0.565,0.514,0.141,5,20.8,13.1,12.4,1.8,3.4,12,22.1,0.9,3.2,4,0.097,-0.1,1,0.9,1.5
77,Davion Mitchell,27,MIA,PG,70,70,2000,12.1,0.582,0.428,0.122,1.6,8,4.8,29.1,1.6,0.5,16.1,13.6,2.6,1.7,4.3,0.104,-1.3,0.4,-0.9,0.6
78,Bruce Brown,29,DEN,SG,82,4,1998,10.8,0.562,0.284,0.241,5,12.5,8.9,11.3,2.1,0.9,13.6,14.5,1.2,1.8,2.9,0.071,-2.5,0.1,-2.4,-0.2
79,Chet Holmgren,23,OKC,PF,69,69,1997,21.6,0.653,0.312,0.365,7.4,25.3,16.7,8.6,1,6.4,10.6,21.9,4.4,4.7,9.1,0.219,2.4,1.9,4.2,3.1
80,Josh Hart,30,NYK,SF,66,52,1994,15.7,0.612,0.409,0.211,5.2,22.1,13.6,21.6,1.9,0.9,16.5,16.7,3.1,3,6.1,0.147,1,2,3,2.5
81,LeBron James,41,LAL,SF,60,60,1989,20.8,0.594,0.264,0.344,2.6,18.3,10.7,34.1,1.8,1.6,14.5,27.2,3.4,2.1,5.4,0.131,3.3,0.2,3.5,2.8
82,Ace Bailey,19,UTA,SF,72,61,1988,11.6,0.533,0.446,0.099,5.5,11,8.2,9.7,1.4,2.4,10.3,21.4,-0.4,0.3,-0.1,-0.001,-1.9,-2.5,-4.4,-1.2
83,Harrison Barnes,33,SAS,PF,77,52,1986,11.8,0.608,0.623,0.214,3.5,7.9,5.8,9.7,1.2,0.5,8.8,14.6,2.7,2.1,4.8,0.117,-0.2,0.1,-0.1,1
84,Jalen Duren,22,DET,C,70,70,1976,26.1,0.688,0,0.535,15.3,26.4,20.9,11,1.4,3,11.6,23.6,7.2,3.8,11,0.266,4.4,0.5,5,3.5
85,Brandon Miller,23,CHO,SF,65,65,1968,16.8,0.574,0.511,0.214,4.1,14,9.2,17.8,1.7,2.1,12.5,28.1,2.1,2.4,4.5,0.109,1.7,-0.1,1.6,1.8
86,Maxime Raynaud,22,SAC,C,74,56,1964,16,0.619,0.11,0.25,7.9,24.3,15.8,7.6,0.9,1.8,11.2,18.2,2.6,1,3.6,0.088,-0.9,-1.6,-2.4,-0.2
87,Deandre Ayton,27,LAL,C,72,72,1958,18.2,0.676,0,0.235,11.5,22.6,17.2,4.5,1,3.3,11.1,16.7,4,2.2,6.2,0.152,0,-0.9,-0.9,0.6
88,Jarace Walker,22,IND,PF,76,41,1953,11.5,0.543,0.486,0.25,2.7,19.5,10.9,14.3,1.5,1.1,14.6,20.7,-1,1.5,0.5,0.013,-1.8,-0.7,-2.4,-0.2
89,Sam Hauser,28,BOS,PF,78,49,1934,11.9,0.59,0.839,0.033,3.3,13.6,8.5,7.9,1,1.2,5.4,14.5,2.9,2.1,5,0.124,0.6,0,0.6,1.3
90,Rui Hachimura,27,LAL,PF,68,41,1927,11.6,0.62,0.439,0.121,2.6,10.9,6.9,4.1,1,1,6.3,15.2,2.1,1.1,3.2,0.08,-0.8,-1.5,-2.2,-0.1
91,Neemias Queta,26,BOS,C,76,75,1926,20.3,0.674,0.016,0.351,13.4,22.7,18.1,9.3,1.6,5.2,11.5,14.7,5.4,3.6,9,0.224,0.9,2,2.8,2.4
92,Nic Claxton,26,BRK,C,69,68,1920,17.6,0.592,0.033,0.393,9.6,19.9,14.5,21.8,1.2,3.7,12.3,17.7,3.3,1.5,4.8,0.121,0.3,0.6,0.9,1.4
93,Myles Turner,29,MIL,C,71,71,1912,14.2,0.584,0.594,0.274,4.5,17.8,11.2,7.7,1.3,6,10.3,18.6,1.2,1.8,3,0.076,-0.9,0,-0.9,0.5
94,Keldon Johnson,26,SAS,SF,82,0,1911,17.3,0.613,0.343,0.243,7.9,16.6,12.4,8.5,1.2,0.5,7.4,21,3.9,2.6,6.4,0.161,1.2,-0.3,0.9,1.4
95,Anthony Black,22,ORL,PG,64,40,1910,13.7,0.549,0.389,0.299,2.7,11.6,7.1,18.5,2.3,2.1,13.1,22.2,0.3,2.4,2.6,0.067,-1.2,0.7,-0.6,0.7
96,Tristan Da Silva,24,ORL,SF,77,34,1899,12,0.576,0.518,0.153,3.4,13.4,8.3,9.3,1.7,1.2,9.4,16.2,1.3,2.1,3.3,0.084,-0.7,0.1,-0.6,0.7
97,Moussa Diabaté,24,CHO,C,73,47,1899,17.2,0.653,0.006,0.485,16.5,21.1,18.9,10.2,1.5,3.5,14.2,11.4,4.7,2.8,7.4,0.188,0.4,1.2,1.7,1.8
98,Ausar Thompson,23,DET,SF,73,72,1896,16.2,0.545,0.042,0.331,9,15.6,12.4,16.3,3.7,3.6,14.3,16.9,1.5,4.1,5.7,0.144,-0.6,3.6,3.1,2.4
99,Nique Clifford,23,SAC,SG,75,28,1882,9,0.505,0.388,0.163,3.8,13.3,8.4,13,1.7,1.2,15.4,17,-1.2,0.6,-0.6,-0.014,-3.7,-1.2,-4.9,-1.4
100,Ayo Dosunmu,26,2TM,SG,69,19,1881,16.5,0.63,0.375,0.194,2.7,10.7,6.8,19.6,1.5,0.8,10.6,20.2,3.5,1.3,4.9,0.124,1.3,-0.3,1,1.4
100,Ayo Dosunmu,26,CHI,SG,45,10,1187,17,0.636,0.397,0.216,3,9.1,6.1,20.6,1.3,0.9,10.3,20.8,2.4,0.6,3,0.12,1.6,-0.9,0.8,0.8
100,Ayo Dosunmu,26,MIN,SG,24,9,694,15.6,0.619,0.333,0.153,2.3,13.5,8,17.8,1.7,0.7,11.2,19,1.1,0.8,1.9,0.132,0.7,0.8,1.5,0.6
101,John Collins,28,LAC,PF,69,56,1872,16.3,0.643,0.332,0.234,7,15.6,11.4,5.8,1.6,2.6,11.6,19.5,2.7,1.8,4.6,0.117,0,-0.5,-0.5,0.7
102,Draymond Green,35,GSW,PF,68,68,1869,10.4,0.54,0.631,0.171,3.2,19.5,11.2,27.3,1.6,2.1,25.5,16.1,-0.4,2.1,1.7,0.044,-2.4,1,-1.4,0.3
103,Victor Wembanyama,22,SAS,C,64,55,1866,29.9,0.626,0.324,0.417,7.7,33.9,21.2,17.6,1.7,9.4,10.8,32.4,5,5,10,0.257,6.5,4.2,10.7,6
104,Russell Westbrook,37,SAC,SF,64,58,1853,15.1,0.528,0.452,0.218,4.7,16.6,10.5,34.3,2.2,0.6,18.5,25.9,-0.6,0.9,0.4,0.009,0.6,-1,-0.4,0.7
105,Jamal Shead,23,TOR,PG,82,12,1852,10.5,0.491,0.52,0.23,1.6,7.2,4.4,30.6,2,0.8,16.8,15.5,0.8,2,2.7,0.07,-2.3,0,-2.3,-0.1
106,Pelle Larsson,24,MIA,SG,70,54,1849,13.1,0.605,0.343,0.413,3.8,9.9,6.8,16.8,1.2,0.8,13.3,16.8,2.6,1.5,4.1,0.106,-1.2,0,-1.2,0.4
107,Luguentz Dort,26,OKC,SF,69,69,1849,8.3,0.524,0.71,0.111,3.4,10.7,7.2,5.9,1.6,1.4,8.9,14.1,0,3,3,0.078,-2.8,0.8,-2,0
108,Sion James,23,CHO,SG,82,19,1843,8.3,0.531,0.634,0.263,3.1,14.3,8.8,11.4,1.4,1,13.5,11,1.1,1.9,3.1,0.08,-3,1.1,-2,0
109,Zion Williamson,25,NOP,PF,62,55,1841,22.6,0.644,0.005,0.576,7.2,13.5,10.3,17.7,1.6,1.7,11.1,25.7,5,1,6.1,0.159,3.5,-0.6,2.9,2.3
110,Jaylen Wells,22,MEM,SG,69,69,1821,11.5,0.559,0.523,0.245,3.6,9.6,6.5,8.8,1.6,0.5,8.7,19.3,0.9,0.7,1.6,0.042,-1.8,-1.4,-3.1,-0.5
111,Nikola Vučević,35,2TM,C,64,49,1818,17.7,0.574,0.339,0.116,7.5,23.9,15.8,17.7,1,2,9.2,21.4,2.5,1.9,4.4,0.116,1.4,0.1,1.5,1.6
111,Nikola Vučević,35,CHI,C,48,48,1480,18.2,0.585,0.33,0.112,7.3,23.4,15.5,18.7,1,1.8,9.1,21.5,2.2,1.3,3.5,0.115,1.9,-0.1,1.8,1.4
111,Nikola Vučević,35,BOS,C,16,1,338,15.8,0.526,0.381,0.137,8.3,25.8,17.2,13.6,1,3,9.8,21,0.3,0.6,0.9,0.124,-0.8,1,0.2,0.2
112,Oso Ighodaro,23,PHO,PF,82,24,1808,13.8,0.636,0.003,0.32,8.2,17.8,12.8,14.2,2,3,19.5,12.2,2.1,2.6,4.7,0.125,-2.2,2.3,0.1,0.9
113,Kyle Kuzma,30,MIL,PF,69,43,1806,14.1,0.581,0.347,0.27,3.6,15.9,9.8,15.5,1.3,1.5,13.4,21.8,0.9,1,1.9,0.051,-1,-1.3,-2.3,-0.1
114,Kyle Filipowski,22,UTA,C,77,41,1801,16,0.586,0.347,0.323,8.4,25.1,16.6,15.7,1.9,2.1,14.3,20,1.8,1.3,3.1,0.082,-0.6,-0.5,-1.1,0.4
115,Andrew Nembhard,26,IND,PG,57,57,1786,15.7,0.564,0.393,0.311,1.5,8.4,4.9,37,1.4,0.4,13.8,23.6,2.2,0.7,2.8,0.077,1.1,-1.9,-0.8,0.6
116,Keyonte George,22,UTA,PG,54,54,1786,18.5,0.609,0.41,0.429,1.4,10.9,6,28.4,1.5,0.8,13.7,27.9,3.1,0.1,3.3,0.088,3,-2.1,0.9,1.3
117,Noah Clowney,21,BRK,PF,66,60,1780,11.2,0.554,0.621,0.355,3.2,15.3,8.9,9.5,1.4,2.3,12.3,20.4,-0.1,1.2,1.1,0.029,-2.3,-1.1,-3.4,-0.6
118,Jaylon Tyson,23,CLE,SG,66,42,1777,14.8,0.608,0.445,0.16,7.3,13.6,10.5,11.6,1.5,1.5,12.1,19.3,2.3,1.7,4,0.108,0.6,-0.5,0.1,0.9
119,Marcus Smart,31,LAL,SG,62,54,1769,9.9,0.543,0.616,0.271,2.5,8.7,5.7,13.6,2.4,1.2,14.7,15.4,0.4,1.6,2,0.054,-2.9,0.6,-2.2,-0.1
120,Brice Sensabaugh,22,UTA,SF,75,22,1762,14.4,0.59,0.516,0.235,3.4,11,7.1,12.4,1.4,0.7,11.6,24.9,1,0.1,1.1,0.029,0.4,-3,-2.6,-0.3
121,Austin Reaves,27,LAL,SG,51,45,1762,20.2,0.641,0.43,0.487,2.3,13.3,8,24,1.6,1.1,14,26.7,4.2,1.4,5.6,0.153,3.4,-0.6,2.8,2.1
122,Tre Jones,26,CHI,PG,65,41,1752,18.7,0.637,0.211,0.368,2.3,9.9,6.2,29.2,2,0.5,11.4,19.2,4.6,1.1,5.7,0.157,1.2,0.1,1.3,1.5
123,Sandro Mamukelashvili,26,TOR,C,80,13,1751,18.1,0.637,0.469,0.25,6.9,18.8,12.8,12.4,1.8,2.3,8.7,18.8,3.6,2.5,6.2,0.169,2.1,0.7,2.8,2.1
124,Tobias Harris,33,DET,PF,63,63,1746,15,0.574,0.338,0.238,3.6,16.9,10.4,12.5,1.6,1.5,8,18.8,2.6,2.7,5.3,0.145,0.6,0.8,1.4,1.5
125,Precious Achiuwa,26,SAC,C,73,57,1745,16.2,0.558,0.162,0.232,11,20.8,15.8,8.5,1.8,2.6,9,17.6,1.8,1.2,2.9,0.081,-0.5,-1.1,-1.6,0.2
126,P.J. Washington,27,DAL,PF,56,53,1736,13.1,0.537,0.356,0.277,5.2,18.7,12,8.1,1.5,2.9,11.3,20.1,-0.3,2,1.7,0.046,-1.7,0.1,-1.6,0.2
127,Josh Giddey,23,CHI,PG,54,51,1731,18,0.562,0.395,0.318,4.2,23.1,13.7,41.1,1.5,1.4,19.3,24.4,1.6,1.7,3.2,0.09,2.3,0.4,2.7,2
128,RJ Barrett,25,TOR,SF,57,57,1726,17,0.585,0.347,0.342,3.6,16.3,9.9,16.8,1.2,1.1,9.5,25.8,2,2,4,0.111,1,-0.7,0.2,1
129,Jay Huff,27,IND,C,82,47,1719,15.2,0.598,0.61,0.162,4.5,16.2,10.3,10.4,1.1,7.6,10.4,18,1.3,1.9,3.2,0.089,-0.9,1.3,0.4,1.1
130,Norman Powell,32,MIA,SG,58,52,1717,17.5,0.609,0.458,0.355,1.3,11,6.1,12.5,1.7,0.7,9.7,27.2,2.3,1.7,4,0.112,1.8,-0.3,1.6,1.5
131,Cam Spencer,25,MEM,SG,72,20,1714,17.2,0.649,0.585,0.241,2.5,9.2,5.8,33.1,1.4,0.6,13.1,17.2,4.7,0.6,5.3,0.149,3,-0.8,2.2,1.8
132,Kel'el Ware,21,MIA,C,77,34,1704,20,0.616,0.359,0.148,13.1,29.2,21.1,4.6,1.6,4.4,8.2,18,3.2,3,6.2,0.175,2.1,0.1,2.1,1.8
133,Dillon Brooks,30,PHO,SF,56,56,1702,14.1,0.54,0.385,0.211,2.7,10.8,6.6,9.6,1.7,0.5,8.6,28.6,0.4,1.6,2.1,0.058,-1,-1.3,-2.3,-0.1
134,Dennis Schröder,32,2TM,PG,70,17,1697,12.9,0.526,0.362,0.326,2.1,10.5,6.2,27.7,1.6,0.6,14.7,21,0.8,0.7,1.5,0.043,-0.9,-1.3,-2.2,-0.1
134,Dennis Schröder,32,SAC,PG,40,14,1056,13.6,0.531,0.393,0.315,2.3,10.9,6.5,28.6,1.5,0.5,14.1,22.5,0.5,0.2,0.7,0.03,0,-1.8,-1.9,0
134,Dennis Schröder,32,CLE,PG,30,3,641,11.8,0.515,0.3,0.348,1.9,9.7,5.8,26.3,1.7,0.7,15.9,18.6,0.3,0.5,0.9,0.066,-2.3,-0.5,-2.8,-0.1
135,Isaac Okoro,25,CHI,SG,63,62,1695,9.8,0.574,0.481,0.244,4.4,6.4,5.4,7.8,1.3,1.5,8.3,13.6,1.4,0.7,2.2,0.061,-3,-0.8,-3.8,-0.8
136,Jerami Grant,31,POR,PF,57,38,1695,15.4,0.608,0.479,0.441,3.5,9.3,6.3,11,1.2,1.9,12,23.8,2.6,1.4,4,0.114,0.9,-0.9,0,0.9
137,Dominick Barlow,22,PHI,PF,71,59,1689,13.2,0.597,0.206,0.328,8.5,13.5,11,7,1.8,2.9,10.9,12.8,2.2,1.8,3.9,0.112,-1.5,0.4,-1.1,0.4
138,Michael Porter Jr.,27,BRK,SF,52,52,1689,19.9,0.595,0.506,0.237,4.5,21.7,12.6,18.2,1.6,0.7,10.3,30.5,1.7,1.3,2.9,0.083,4.2,-1.2,3,2.1
139,Luke Kennard,29,2TM,SG,78,6,1681,13.5,0.689,0.553,0.156,2.1,10,6.1,13.8,1.6,0.4,11.2,13.5,3.2,1.4,4.5,0.13,0.1,0.1,0.1,0.9
139,Luke Kennard,29,ATL,SG,46,0,944,13.5,0.713,0.621,0.146,2.2,9.3,5.7,13.2,1.7,0.5,11.1,12.7,1.9,0.9,2.7,0.139,0.2,0.3,0.5,0.6
139,Luke Kennard,29,LAL,SG,32,6,737,13.4,0.661,0.473,0.167,2.1,10.8,6.6,14.5,1.5,0.4,11.4,14.6,1.3,0.5,1.8,0.118,-0.1,-0.3,-0.4,0.3
140,Cameron Johnson,29,DEN,SF,54,54,1647,12.8,0.629,0.539,0.236,3.1,10.6,7,10.6,1.2,1.2,8.2,15.1,2.7,1,3.7,0.108,0.3,-0.9,-0.6,0.6
141,Brook Lopez,37,LAC,C,75,40,1635,12.3,0.552,0.585,0.137,3.4,15.7,9.7,8.5,1.4,5,9.6,17.2,0.5,1.8,2.3,0.068,-1.3,0.4,-0.9,0.5
142,Will Riley,19,WAS,SF,74,18,1633,12.1,0.548,0.4,0.291,3.6,10.4,7,12.7,1.6,0.5,11.9,20.2,0.4,0,0.4,0.012,-1.9,-2.6,-4.5,-1
143,Cody Williams,21,UTA,SG,67,41,1631,9.6,0.524,0.257,0.234,3.9,9.3,6.6,11.4,1.5,1.5,11.5,16,0,0.1,0.1,0.004,-3.6,-1.9,-5.5,-1.5
144,Bennedict Mathurin,23,2TM,SF,54,25,1620,14.7,0.575,0.352,0.496,3.9,16.5,10.2,12,1.3,0.7,12.5,25.2,1,1.1,2.1,0.062,-1.1,-1.4,-2.5,-0.2
144,Bennedict Mathurin,23,IND,SF,28,24,891,12.6,0.589,0.436,0.408,2.6,16.1,9.2,10.5,0.9,0.4,13.2,23.2,0.3,0.4,0.7,0.038,-1.1,-1.7,-2.8,-0.2
144,Bennedict Mathurin,23,LAC,SF,26,1,729,17.2,0.561,0.257,0.596,5.4,16.9,11.3,13.9,1.8,1.2,11.8,27.8,0.7,0.7,1.4,0.092,-1,-1,-2.1,0
145,Bobby Portis,30,MIL,PF,67,9,1619,17.1,0.587,0.395,0.091,6.3,23.5,14.9,10.5,1.2,0.7,7.8,23.1,1.6,1.2,2.8,0.083,1.5,-1.6,0,0.8
146,Collin Sexton,27,2TM,SG,68,22,1614,17.4,0.615,0.376,0.344,2.8,7.6,5.3,21.7,2.3,0.6,14.2,25.9,2.5,1.4,3.9,0.117,1.1,-0.5,0.6,1.1
146,Collin Sexton,27,CHO,SG,42,12,938,17.7,0.619,0.35,0.372,2.2,7.3,4.8,26.4,1.9,0.7,15.6,25.7,1.9,0.9,2.8,0.141,1.6,-0.4,1.2,0.7
146,Collin Sexton,27,CHI,SG,26,10,676,17,0.609,0.409,0.308,3.7,8.1,5.9,15.1,2.8,0.4,12.3,26.2,0.7,0.5,1.2,0.084,0.3,-0.5,-0.2,0.3
147,Cedric Coward,22,MEM,SG,62,47,1598,15.3,0.585,0.424,0.256,5.5,19.4,12.3,16,1.2,1.6,12.7,21.5,1.4,1.1,2.5,0.076,0.4,-0.6,-0.2,0.7
148,Peyton Watson,23,DEN,SF,54,40,1598,14.3,0.594,0.339,0.325,3.6,14.4,9.3,9.7,1.5,3.6,12.3,20.6,1,1.6,2.6,0.078,-0.8,-0.5,-1.2,0.3
149,Herbert Jones,27,NOP,SF,56,56,1588,9.1,0.491,0.542,0.13,3.2,9.8,6.4,12.9,2.7,1.6,12.6,15.2,-0.4,1.1,0.7,0.022,-3.7,0.6,-3.1,-0.5
150,Jalen Suggs,24,ORL,PG,57,56,1574,15.6,0.561,0.555,0.18,2.5,13.2,7.8,29.6,3.2,2.3,17.8,22.9,0.3,2.4,2.7,0.083,0.7,1.8,2.5,1.8
151,Kelly Oubre Jr.,30,PHI,SF,50,41,1574,13,0.58,0.439,0.267,3.4,14.2,8.7,7.3,2.1,1.4,10.2,18.2,1.1,1.6,2.7,0.083,-1.3,-0.1,-1.4,0.2
152,Jordan Goodwin,27,PHO,PG,70,10,1572,14.7,0.525,0.544,0.101,9.4,14.8,12,13.6,3.3,0.9,10.5,17.5,1.5,2.4,3.9,0.118,0.3,1.5,1.8,1.5
153,Jrue Holiday,35,POR,PG,53,51,1560,16.4,0.573,0.511,0.148,4.9,12.3,8.5,32.1,1.7,0.3,16.2,23.5,2.1,1.5,3.6,0.109,2.4,-0.5,1.9,1.6
154,Dylan Harper,19,SAS,SG,69,4,1558,16.2,0.574,0.271,0.181,3.8,12.1,8.1,24.7,1.7,1.4,12.3,21.8,2,2.2,4.2,0.13,0.3,1.1,1.4,1.3
155,Ron Holland,20,DET,SF,78,5,1551,11.7,0.525,0.364,0.274,6.1,16.5,11.4,8.2,2.9,1.7,13.6,18.9,-0.1,2.9,2.8,0.087,-3.3,1.4,-2,0
156,Tari Eason,24,HOU,PF,60,34,1549,12.9,0.514,0.448,0.116,9,17.8,13.5,8,2.3,1.7,11.7,18.7,0.6,2.3,2.9,0.091,-1.8,0.2,-1.6,0.2
157,Kevin Huerter,27,2TM,SF,69,14,1549,13.2,0.552,0.545,0.119,2.4,14.2,8.4,16.1,1.9,1.9,10.3,18.8,0.8,1.7,2.5,0.078,-1.1,0.5,-0.6,0.6
157,Kevin Huerter,27,CHI,SF,44,11,1037,13.2,0.559,0.552,0.139,2.4,14.8,8.7,15.9,1.6,2.2,10.3,19.2,0.5,0.8,1.3,0.06,-1.1,0.1,-1,0.3
157,Kevin Huerter,27,DET,SG,25,3,512,13.4,0.539,0.531,0.078,2.5,12.9,7.8,16.5,2.6,1.4,10.4,18,0.4,0.9,1.2,0.114,-1.1,1.4,0.3,0.3
158,Moses Moody,23,GSW,SG,60,49,1540,13.5,0.6,0.677,0.203,3.6,11,7.2,9.2,1.8,2,8.6,18.3,1.7,1.4,3.1,0.096,0.2,-0.3,-0.1,0.7
159,Terance Mann,29,BRK,SG,63,51,1529,10.2,0.564,0.418,0.217,5,10.5,7.6,18.6,1.3,0.9,15,13.5,1.2,0.6,1.8,0.056,-2.7,-0.7,-3.4,-0.6
160,Jarrett Allen,27,CLE,C,56,56,1519,22.1,0.669,0.019,0.494,10.5,24,17.2,9.7,1.7,2.9,10.4,19.9,4.2,2.2,6.4,0.202,2.2,0.4,2.6,1.8
161,Isaiah Collier,21,UTA,PG,59,19,1517,14.8,0.567,0.194,0.406,1.5,9.4,5.3,39.2,2,1.3,19.6,20.4,1.3,0.3,1.7,0.053,-0.7,-1.8,-2.4,-0.2
162,Isaiah Joe,26,OKC,SG,71,9,1507,15.5,0.657,0.788,0.227,2.5,10.2,6.5,8.6,1.6,0.7,7,18.4,3.2,2.4,5.5,0.176,2,0.5,2.5,1.7
163,Jock Landale,30,2TM,C,68,27,1506,16.6,0.595,0.352,0.23,12.9,14.9,13.9,11.1,1.1,2.2,9,18.3,2.7,1.1,3.8,0.122,0.9,-1,-0.1,0.7
163,Jock Landale,30,MEM,C,45,25,1060,16.8,0.594,0.332,0.229,14.2,15.7,14.9,10.6,1.1,1.9,9.7,18.6,1.9,0.6,2.5,0.114,1,-1.3,-0.2,0.5
163,Jock Landale,30,ATL,C,23,2,446,16,0.596,0.403,0.233,10.1,13.1,11.6,12.4,1.1,2.8,7.4,17.7,0.8,0.5,1.3,0.141,0.5,-0.4,0.1,0.2
164,Zaccharie Risacher,20,ATL,SF,67,46,1503,11.8,0.557,0.481,0.168,5,13.6,9.3,6.8,1.9,2.2,9.2,17.6,0.5,1.9,2.3,0.074,-2.3,-0.2,-2.5,-0.2
165,Klay Thompson,35,DAL,SF,69,8,1497,11.4,0.541,0.724,0.065,1.3,8.8,5.1,9.5,1,1.2,7.8,22.7,-0.3,0.9,0.5,0.018,0.2,-1.5,-1.4,0.2
166,Ryan Kalkbrenner,24,CHO,C,69,31,1479,17.9,0.762,0.017,0.399,13,15.7,14.4,5.2,1.1,6.3,15.3,11.6,3.6,2.1,5.7,0.185,0.5,1.3,1.8,1.4
167,Keon Ellis,26,2TM,SG,72,11,1478,10.8,0.579,0.654,0.182,2.8,7.3,5.1,6.3,2.7,2.9,9,13,1,1.2,2.2,0.072,-1.8,1.3,-0.5,0.6
167,Keon Ellis,26,SAC,SG,43,5,758,9.1,0.536,0.689,0.153,2.2,6.1,4.1,4.6,2.9,2.7,8.6,13.7,0,0.4,0.4,0.025,-2.8,0.9,-1.9,0
167,Keon Ellis,26,CLE,SG,29,6,720,12.5,0.629,0.611,0.217,3.5,8.7,6.1,8.2,2.5,3.2,9.4,12.4,1,0.8,1.8,0.121,-0.7,1.7,1.1,0.6
168,Ja'Kobe Walter,21,TOR,SG,72,19,1474,11.8,0.61,0.666,0.223,4.3,10,7.1,7.7,2.4,0.9,7.7,14,1.9,1.9,3.7,0.121,-1.3,1,-0.3,0.6
169,Patrick Williams,24,CHI,PF,72,6,1474,8.2,0.494,0.573,0.157,3.6,11.8,7.7,9.4,1.6,1.5,12.8,16.6,-1.1,1,-0.1,-0.005,-3.4,-1.1,-4.5,-0.9
170,Ajay Mitchell,23,OKC,SG,57,16,1473,16.8,0.585,0.298,0.275,3.1,10.6,7,20.1,2.3,1.2,10.9,21.8,2.2,2.6,4.8,0.156,0.3,1.6,1.9,1.4
171,Shaedon Sharpe,22,POR,SG,50,42,1471,15.3,0.546,0.353,0.227,3.7,12.4,8,15.4,2.3,0.4,13.3,30.5,-0.4,1.6,1.3,0.041,-0.4,-0.9,-1.4,0.2
172,Bilal Coulibaly,21,WAS,SG,56,56,1468,13.5,0.531,0.377,0.327,3.5,14.5,8.9,13.9,2.4,3.2,11.6,19.9,0.2,0.8,1,0.031,-1.7,-0.4,-2.1,-0.1
173,Grayson Allen,30,PHO,SG,51,27,1467,16.1,0.568,0.682,0.252,2.7,9.2,5.9,19.9,2.3,0.8,10.1,23.8,2.3,1.6,3.9,0.127,1.9,0.2,2.1,1.5
174,Brandon Williams,26,DAL,PG,66,15,1463,16.8,0.572,0.251,0.493,2.2,11.6,6.9,26.3,2,1.2,14.3,25.1,1.2,1.3,2.5,0.083,0.1,0.3,0.4,0.9
175,Daniss Jenkins,24,DET,PG,72,19,1455,13.4,0.525,0.343,0.283,4,8.7,6.4,25.8,2.1,1,15.3,21.5,0.9,2,2.9,0.095,-0.8,0.1,-0.7,0.5
176,Jaren Jackson Jr.,26,2TM,C,48,48,1454,15.7,0.576,0.327,0.282,3.1,17.4,10.1,10.4,1.7,4.4,11.7,26.2,0.1,1.3,1.4,0.047,-1.1,0.5,-0.6,0.5
176,Jaren Jackson Jr.,26,MEM,C,45,45,1382,15.4,0.574,0.328,0.279,3.2,17.4,10.1,9.9,1.6,4.5,11.7,25.6,0,1.3,1.3,0.046,-1.2,0.4,-0.8,0.4
176,Jaren Jackson Jr.,26,UTA,C,3,3,72,23.2,0.598,0.306,0.327,1.5,18.5,9.8,20.3,3.9,1.3,11.1,36,0.1,0.1,0.1,0.082,2.4,2.2,4.6,0.1
177,Javonte Green,32,DET,SG,82,6,1446,14.1,0.607,0.597,0.302,4.9,12.8,8.9,5,3.4,1.7,8.8,14.8,2,2.7,4.7,0.156,-0.3,2.4,2.1,1.5
178,Ivica Zubac,28,2TM,C,48,47,1446,18.6,0.622,0,0.295,13.3,27.2,20.4,11.3,0.6,2.6,13.6,19.2,2.6,1.6,4.2,0.139,0.7,-0.9,-0.3,0.6
178,Ivica Zubac,28,LAC,C,43,42,1328,18.8,0.635,0,0.308,13.3,27.7,20.7,11.3,0.6,2.6,14.4,19,2.6,1.5,4,0.146,0.9,-0.7,0.1,0.7
178,Ivica Zubac,28,IND,C,5,5,118,16.2,0.505,0,0.189,12.6,20.7,16.6,12,0.8,2.9,6.5,22.1,0.1,0.1,0.2,0.064,-1.8,-2.7,-4.5,-0.1
179,Tre Johnson,19,WAS,SG,60,42,1443,10.6,0.535,0.496,0.134,2.1,10.7,6.3,12.4,1.1,1.1,11.9,22.5,-0.6,-0.1,-0.7,-0.024,-2.1,-2.9,-5,-1.1
180,Lauri Markkanen,28,UTA,PF,42,42,1443,21.1,0.608,0.402,0.333,6.1,15.7,10.8,10.1,1.4,1.4,6.4,28.1,3.2,0.3,3.5,0.118,4.6,-2,2.6,1.6
181,Khris Middleton,34,2TM,SF,63,50,1439,10.9,0.533,0.344,0.252,3.8,13.4,8.6,17.3,1.3,0.5,15.3,20.6,-0.3,0.5,0.3,0.008,-2.8,-1.5,-4.4,-0.9
181,Khris Middleton,34,WAS,SF,34,34,827,11.5,0.531,0.33,0.23,3.8,13.8,8.7,18.9,1.5,1,14.7,19.6,0,0.1,0.2,0.009,-2.6,-1.4,-4,-0.4
181,Khris Middleton,34,DAL,SF,29,16,612,10.2,0.536,0.363,0.279,3.7,13,8.4,15,1.2,0,15.9,21.9,-0.3,0.4,0.1,0.008,-3.2,-1.7,-4.9,-0.4
182,Sidy Cissoko,21,POR,SF,75,26,1435,7.1,0.514,0.593,0.263,4.6,8,6.3,10.2,1.7,1.5,15.8,12.5,0,1.3,1.3,0.045,-4.6,0.5,-4,-0.7
183,Luke Kornet,30,SAS,C,68,25,1430,17.9,0.689,0,0.419,14,17,15.5,11.3,1.1,4,8,10.3,4.6,2.3,6.9,0.231,1.6,2.1,3.6,2
184,Baylor Scheierman,25,BOS,SG,77,20,1429,11.6,0.616,0.73,0.093,4.5,16,10.3,10.5,1.5,0.4,11.7,11.9,2.1,1.8,3.8,0.129,-0.7,1.3,0.6,0.9
185,Spencer Jones,24,DEN,SF,64,37,1417,9.3,0.619,0.55,0.195,6.2,10.1,8.3,4.5,1.8,1.9,9.8,9.7,1.5,1.2,2.6,0.089,-2.4,0,-2.4,-0.1
186,Mark Williams,24,PHO,C,60,55,1416,21.8,0.68,0.002,0.4,14,23.7,18.7,6.3,1.9,3.7,11.2,17.4,4,2.3,6.3,0.215,1.5,0.5,2,1.4
187,Aaron Wiggins,27,OKC,SG,65,21,1414,11.7,0.538,0.504,0.134,3.3,11.7,7.6,10.6,2.1,1.9,12.5,19.9,-0.4,2.5,2.1,0.072,-1.7,0.7,-0.9,0.4
188,Walter Clayton,22,2TM,PG,69,6,1410,10.3,0.523,0.529,0.262,1.9,8.9,5.3,26.6,1.5,1.3,18.4,18.5,0,0.3,0.3,0.009,-2.2,-2.1,-4.3,-0.8
188,Walter Clayton,22,UTA,PG,45,0,811,10.4,0.54,0.559,0.242,1.9,10,5.9,23.4,1.4,1.4,16.8,17.2,0.3,0.1,0.3,0.019,-1.9,-1.4,-3.2,-0.2
188,Walter Clayton,22,MEM,PG,24,6,599,10.1,0.502,0.493,0.288,1.8,7.5,4.6,30.9,1.6,1.1,20.3,20.1,-0.3,0.2,-0.1,-0.005,-2.7,-3.1,-5.8,-0.6
189,Christian Braun,24,DEN,SG,44,44,1399,12.6,0.607,0.368,0.26,5.1,11.5,8.4,11.4,1,0.8,9,14.8,2.2,0.8,3,0.103,-0.4,-0.9,-1.2,0.3
190,Gui Santos,23,GSW,PF,68,30,1395,14.2,0.609,0.483,0.261,5.9,15.6,10.6,16.7,2.1,1.5,16.6,18.7,1.2,1.5,2.7,0.094,-0.9,0.3,-0.6,0.5
191,Vít Krejčí,25,2TM,PG,65,8,1392,11.1,0.609,0.765,0.119,2.4,9.3,5.8,9.6,1.6,1.2,8.3,14.6,1.5,1.3,2.9,0.099,-1.5,0,-1.6,0.1
191,Vít Krejčí,25,ATL,PG,46,8,1028,11.3,0.639,0.776,0.117,2,8.4,5.1,8.6,1.7,1.1,8.5,14.3,1.2,1,2.2,0.103,-1.3,0,-1.3,0.2
191,Vít Krejčí,25,POR,PG,19,0,364,10.5,0.533,0.736,0.124,3.5,11.8,7.6,12.3,1.3,1.2,7.9,15.5,0.3,0.3,0.7,0.086,-2.2,-0.2,-2.4,0
192,Kyshawn George,22,WAS,SF,48,48,1391,13.8,0.559,0.451,0.227,3.3,15.9,9.5,22.4,1.6,2.7,16.5,22.8,0.1,0.5,0.6,0.022,-0.5,-0.6,-1.2,0.3
193,Ben Sheppard,24,IND,SG,65,20,1390,9.7,0.561,0.599,0.132,3.3,12.2,7.6,11.3,1.3,0.4,9.1,13.8,0.8,0.7,1.4,0.05,-2.4,-0.6,-3,-0.4
194,Justin Champagnie,24,WAS,SF,69,19,1377,17.3,0.589,0.359,0.221,11.1,19,15,8.7,2,2.7,8.2,16.7,2.4,0.8,3.1,0.109,0.6,-1,-0.4,0.6
195,Will Richard,23,GSW,SG,69,21,1377,11,0.596,0.613,0.156,5.3,8.7,7,9.3,2.8,0.6,12.5,13,1.2,1.4,2.5,0.089,-2.5,0.9,-1.7,0.1
196,Gary Trent Jr.,27,MIL,SG,65,21,1377,8,0.533,0.723,0.11,0.7,4.8,2.8,8,1.2,0.2,7.6,17.2,-0.2,0.2,-0.1,-0.002,-3.2,-2.2,-5.4,-1.2
197,Sam Merrill,29,CLE,SG,52,38,1377,13.6,0.644,0.775,0.143,2.2,8.4,5.3,12.3,1.2,0.5,7.5,17,2.8,0.9,3.7,0.127,1,-1,0.1,0.7
198,Anfernee Simons,26,2TM,SG,55,5,1372,14.4,0.576,0.585,0.119,2.5,8.1,5.4,14.6,1,0.6,9.1,23.6,1.8,1.1,2.9,0.101,1.2,-1.3,-0.1,0.7
198,Anfernee Simons,26,BOS,SG,49,0,1202,15,0.579,0.579,0.127,2.4,8.2,5.4,14.5,1.1,0.5,8.4,23.7,1.9,1.1,2.9,0.117,1.6,-1,0.6,0.8
198,Anfernee Simons,26,CHI,SG,6,5,170,10.2,0.554,0.625,0.063,3.2,7.4,5.3,15.7,0,1,13.7,23.3,-0.1,0,-0.1,-0.015,-1.3,-3.7,-5,-0.1
199,Jose Alvarado,27,2TM,PG,69,3,1370,12.1,0.543,0.639,0.102,2.1,11.6,6.8,23.1,2.3,0.6,14.1,16.8,1,1.2,2.2,0.077,-1.3,0.3,-1,0.3
199,Jose Alvarado,27,NOP,PG,41,0,896,11.1,0.558,0.689,0.086,1.9,11.9,6.9,19.3,2,0.4,13.9,15.7,0.5,0.5,1,0.055,-1.5,-0.5,-2,0
199,Jose Alvarado,27,NYK,PG,28,3,474,14,0.52,0.556,0.13,2.4,11.1,6.7,30.3,3,0.9,14.4,18.9,0.5,0.7,1.2,0.119,-0.9,1.8,0.9,0.4
200,Malik Monk,27,SAC,SG,62,3,1364,14.2,0.568,0.497,0.169,1.2,8.6,4.8,20.6,1.3,1.6,11.8,24,0.8,0.2,1,0.034,0.8,-2.1,-1.3,0.2
201,Ryan Dunn,23,PHO,SF,70,16,1355,11.7,0.532,0.467,0.13,7.8,16.8,12.2,10.3,2.2,2,12.8,13.7,0.7,1.9,2.6,0.093,-2.1,1.2,-0.9,0.4
202,Josh Okogie,27,HOU,SG,78,32,1354,9.9,0.544,0.548,0.235,6.7,9.6,8.2,6.4,2.3,1.1,11.2,11.3,1.1,1.6,2.7,0.095,-2.3,1.1,-1.2,0.3
203,Kobe Sanders,23,LAC,SG,68,16,1351,10,0.597,0.51,0.18,2.6,10.4,6.6,11.4,1.8,0.7,16.4,16.3,0.4,1,1.4,0.051,-2.7,-0.2,-2.9,-0.3
204,Derrick Jones Jr.,28,LAC,SF,50,45,1350,13.3,0.6,0.404,0.245,5.4,9.4,7.5,7.3,1.7,3.5,8.7,15.1,1.7,1.1,2.8,0.1,-0.6,-0.1,-0.7,0.5
205,Darius Garland,26,2TM,PG,45,43,1344,17.1,0.582,0.458,0.182,1.5,7.4,4.5,34.9,1.6,0.6,15.2,27.4,1.7,0.9,2.6,0.092,2.2,-2.4,-0.2,0.6
205,Darius Garland,26,CLE,PG,26,26,792,15.6,0.567,0.435,0.21,1.7,7.1,4.4,33.2,1.3,0.4,15.1,25.8,0.9,0.5,1.4,0.084,0.9,-2.5,-1.6,0.1
205,Darius Garland,26,LAC,PG,19,17,552,19.4,0.602,0.488,0.146,1.3,7.8,4.6,37.3,2,0.9,15.4,29.8,0.8,0.4,1.2,0.104,4,-2.2,1.8,0.5
206,Aaron Nesmith,26,IND,SF,45,42,1335,10.8,0.554,0.541,0.217,3.8,11.6,7.6,9.4,0.9,1.5,10.1,19.8,0.1,0.6,0.7,0.026,-1.7,-1.6,-3.4,-0.5
207,Kris Murray,25,POR,SF,57,15,1333,9.6,0.55,0.442,0.207,7.2,9.6,8.4,8.1,1.8,1.5,13.5,10.6,0.9,1.3,2.2,0.079,-2.3,0.8,-1.5,0.2
208,Stephen Curry,37,GSW,PG,43,41,1329,22.6,0.637,0.606,0.277,1.4,11.7,6.5,27,1.8,1.2,11.9,32.5,2.9,1.2,4.1,0.147,6.3,-1,5.4,2.5
209,Jordan Miller,26,LAC,SF,60,1,1325,15.9,0.628,0.276,0.439,4.5,11.3,8,15.1,1.7,0.8,11.7,18,2.5,1,3.5,0.125,0.6,-0.4,0.2,0.8
210,Drake Powell,20,BRK,SG,63,24,1320,7.3,0.521,0.508,0.215,1.8,8.4,4.9,10.3,1.3,1,13.3,14.9,-0.5,0.5,-0.1,-0.003,-4.6,-1.3,-6,-1.3
211,Jericho Sims,27,MIL,C,67,19,1318,12.9,0.772,0,0.384,12.7,19,15.9,10.7,0.7,1.3,25.8,9.8,2.5,0.7,3.2,0.117,-2.1,-0.9,-3.1,-0.4
212,Dean Wade,29,CLE,PF,59,38,1318,10.9,0.58,0.705,0.137,4.4,16.1,10.3,8.3,1.6,1.7,5.1,9.9,1.7,1.4,3.1,0.114,-0.8,1,0.2,0.7
213,Isaiah Stewart,24,DET,C,58,13,1317,15.2,0.632,0.299,0.326,8.3,16.3,12.4,6.9,0.6,7,12.7,16.6,1.9,2.1,4.1,0.149,-1.1,1.1,0,0.7
214,Egor Dёmin,19,BRK,PG,52,45,1308,11.3,0.561,0.717,0.145,1.8,13.5,7.3,20.7,1.6,1.2,15.3,18.8,0.1,0.7,0.9,0.032,-0.9,-0.7,-1.6,0.1
215,Alex Sarr,20,WAS,C,48,48,1305,19.4,0.544,0.229,0.223,8.5,20.9,14.6,15.9,1.4,6.4,10.2,25.7,0.7,0.9,1.6,0.059,0.8,-0.1,0.7,0.9
216,Yves Missi,21,NOP,C,66,14,1297,15,0.556,0.003,0.347,15,17,16,8.6,0.7,7.4,13.7,12.6,1.6,1.1,2.7,0.098,-1.4,-0.3,-1.7,0.1
217,Nicolas Batum,37,LAC,PF,74,6,1295,8.4,0.603,0.958,0.046,2.1,14.1,8.3,6.5,1.8,1.7,13.2,9.6,0.6,1.2,1.8,0.066,-1.7,0.7,-1,0.3
218,Ziaire Williams,24,BRK,SF,56,13,1281,12.4,0.579,0.58,0.323,2.6,10,6.1,7.4,2.9,1.5,10.7,18.9,0.5,1.1,1.6,0.059,-2,0.4,-1.7,0.1
219,Jordan Clarkson,33,NYK,SG,72,1,1279,11.6,0.548,0.407,0.179,5.4,5.7,5.6,10.7,1.2,0.7,10,21.1,0.9,1,1.9,0.072,-1.9,-1.4,-3.3,-0.4
220,Jaylin Williams,23,OKC,PF,65,11,1277,13.8,0.597,0.727,0.261,2.8,26.6,15.2,16,1.2,3.2,14.6,15.6,1.3,2.8,4.1,0.155,0,2.8,2.7,1.5
221,Kevin Porter Jr.,25,MIL,PG,38,36,1261,18.7,0.567,0.278,0.304,3.1,14.6,8.9,33.8,3.2,1.5,15.9,24.3,1.5,1.3,2.8,0.106,0.8,1.2,2.1,1.3
222,Coby White,25,2TM,SG,50,26,1249,16.1,0.595,0.51,0.387,1.5,13.1,7.4,24.8,0.9,0.4,14.9,28.8,1.2,0.7,2,0.076,0.6,-1.9,-1.3,0.2
222,Coby White,25,CHI,SG,29,26,843,14.2,0.586,0.529,0.392,0.9,12.6,6.8,23.9,1.1,0.2,16,27.1,0.3,0.4,0.7,0.038,-1,-2.3,-3.3,-0.3
222,Coby White,25,CHO,SG,21,0,406,20.1,0.611,0.478,0.378,2.8,14.2,8.6,26.8,0.6,0.7,13,32.1,1,0.3,1.3,0.154,4,-1.1,2.9,0.5
223,Collin Murray-Boyles,20,TOR,PF,57,22,1246,16.4,0.621,0.146,0.316,12,14,13,11.7,2,4.1,13.2,15.5,2.1,1.9,4,0.154,-0.5,1.5,1,1
224,Nolan Traoré,19,BRK,PG,56,31,1243,7.9,0.479,0.401,0.196,1.2,8.4,4.6,27.2,1.8,1.7,19.9,22.8,-2.3,0.6,-1.6,-0.063,-4.8,-2,-6.8,-1.5
225,Adem Bona,22,PHI,C,71,18,1234,12.8,0.638,0.027,0.514,11.2,16,13.6,3.4,1.2,6.2,17.2,11.1,1.4,1.5,2.9,0.112,-3.2,0.3,-2.9,-0.3
226,Andre Drummond,32,PHI,C,63,25,1231,16.4,0.539,0.267,0.249,17.5,29.8,23.6,8.9,1.5,3.7,14,14.9,1.5,1.9,3.4,0.133,-0.4,-0.2,-0.6,0.4
227,Pat Spencer,29,GSW,PG,66,14,1229,12.1,0.516,0.385,0.131,4.5,9.9,7.2,27.1,1.9,0.4,15.6,18.9,0.5,1,1.4,0.056,-1.7,-0.6,-2.3,-0.1
228,Zach LaVine,30,SAC,SG,39,37,1224,14.7,0.614,0.464,0.26,0.7,9.4,4.9,11.2,1.1,0.8,10.8,23.7,1.3,0,1.3,0.051,0.6,-2.2,-1.5,0.2
229,Jordan Walsh,21,BOS,PF,68,25,1212,13.1,0.623,0.468,0.213,7.9,16.6,12.3,5.8,2,2.6,10.7,11.7,1.9,1.9,3.8,0.15,-1.4,1.6,0.2,0.7
230,Jaxson Hayes,25,LAL,C,66,9,1207,18.3,0.758,0.011,0.573,10,16.1,13.2,6.9,1.2,4,8.6,13,3.8,1.2,5,0.199,0.8,0.4,1.2,1
231,Joel Embiid,31,PHI,C,38,38,1201,24.7,0.605,0.228,0.481,6.7,20,13.3,21.7,0.8,3.6,11.4,33.5,2.8,1.3,4.1,0.163,5.1,-0.2,4.9,2.1
232,Marvin Bagley III,26,2TM,PF,60,12,1201,20.2,0.661,0.127,0.35,13.2,19.3,16.3,10.8,1.1,3.1,11.4,18.6,3,0.8,3.8,0.15,1.8,-1,0.8,0.8
232,Marvin Bagley III,26,WAS,PF,38,8,731,20.5,0.667,0.077,0.394,14,17.8,15.9,11.7,1.3,3.2,13.2,19,1.9,0.3,2.1,0.14,1.8,-1.1,0.7,0.5
232,Marvin Bagley III,26,DAL,PF,22,4,470,19.7,0.652,0.2,0.285,12,21.7,16.9,9.5,0.8,2.9,8.4,18,1.1,0.5,1.6,0.165,1.8,-0.8,1,0.3
233,Santi Aldama,25,MEM,PF,43,11,1198,16.3,0.572,0.42,0.239,6,20.2,13,15.7,1.5,2.4,9.5,20.2,1.3,1,2.3,0.092,1.3,0.4,1.7,1.1
234,Daniel Gafford,27,DAL,C,55,44,1195,18.8,0.677,0,0.509,12.3,21.1,16.7,7,1.7,4.9,14,15.8,2.5,1.7,4.1,0.167,-0.5,1.2,0.7,0.8
235,Danny Wolf,21,BRK,PF,57,15,1187,12.3,0.521,0.48,0.248,5.3,23.2,13.8,17.1,1.2,2.5,13,20.6,-0.2,1,0.8,0.032,-2.2,-0.3,-2.5,-0.2
236,Jimmy Butler,36,GSW,SF,38,38,1182,23.5,0.646,0.184,0.621,8.2,11.8,10,24.3,2.3,0.6,9.3,23.3,4.6,1.1,5.7,0.233,5,0.5,5.5,2.3
237,Mouhamed Gueye,23,ATL,PF,77,8,1179,12,0.539,0.448,0.214,8.1,17.4,12.7,7.4,2.4,3,9.4,12.4,0.9,1.8,2.7,0.11,-2.6,1.3,-1.3,0.2
238,GG Jackson II,21,MEM,PF,55,28,1178,15.6,0.591,0.375,0.294,4.4,17.4,10.8,10.7,1.2,3.4,12.8,23.5,0.4,0.9,1.3,0.052,0,-1.2,-1.2,0.2
239,Bones Hyland,25,MIN,PG,71,3,1177,15.1,0.599,0.639,0.175,2.2,9.5,5.9,22.7,1.8,1.3,12.2,20.6,1.8,1.3,3.1,0.126,1.2,0.5,1.7,1.1
240,De'Andre Hunter,28,2TM,SF,45,25,1176,11.4,0.545,0.491,0.285,2.8,14.5,8.7,10.6,1.2,0.5,11.7,22.9,0.1,1,1.1,0.044,-2.5,-1.5,-3.9,-0.6
240,De'Andre Hunter,28,CLE,SF,43,23,1125,12.1,0.553,0.492,0.284,2.8,14.9,8.9,11,1.3,0.5,11.6,22.9,0.3,1,1.3,0.056,-2.1,-1.3,-3.4,-0.4
240,De'Andre Hunter,28,SAC,SF,2,2,51,-3.4,0.347,0.474,0.316,2.1,4.5,3.3,2.5,0,0,15.6,21.4,-0.2,0,-0.2,-0.225,-11,-5.5,-16.5,-0.2
241,Mitchell Robinson,27,NYK,C,60,16,1175,21.1,0.676,0,0.5,23.9,26.1,25,5.8,2.4,6.1,14,10.7,3.3,2.5,5.8,0.236,1.9,1.5,3.5,1.6
242,Simone Fontecchio,30,MIA,SF,70,9,1173,13.8,0.579,0.696,0.217,4.9,13.8,9.3,11.6,1.5,0.7,8.7,19.6,1.4,1.2,2.6,0.106,0.7,-0.2,0.5,0.7
243,Ryan Nembhard,22,DAL,PG,60,27,1171,10.9,0.492,0.346,0.079,1.2,10.8,6,37.2,1,0.1,17.4,17.5,0.1,0.7,0.8,0.031,-2.4,-1.7,-4.1,-0.6
244,Landry Shamet,28,NYK,SG,51,12,1171,11.2,0.598,0.723,0.209,2.2,6.6,4.4,8.2,1.3,0.8,7,15.7,1.6,1,2.6,0.106,-0.4,0.1,-0.3,0.5
245,Day'Ron Sharpe,24,BRK,C,62,7,1160,20.5,0.638,0.11,0.427,16.2,25.7,20.7,21.1,2.9,2.1,20,19.9,2,1.5,3.5,0.144,0.4,1,1.4,1
246,Jared McCain,21,2TM,SG,67,3,1160,11.6,0.551,0.535,0.123,2.2,10.6,6.4,11,1.5,0.4,10,20.7,0.2,1.2,1.5,0.06,-1.6,-0.8,-2.4,-0.1
246,Jared McCain,21,PHI,SG,37,1,620,9.4,0.506,0.515,0.108,1,12.3,6.6,13.9,1.7,0.3,11,18.5,-0.2,0.5,0.3,0.024,-3,-0.7,-3.7,-0.3
246,Jared McCain,21,OKC,SG,30,2,540,14,0.593,0.554,0.137,3.6,8.7,6.2,7.7,1.2,0.5,9,23.2,0.4,0.7,1.1,0.101,0,-1,-0.9,0.1
247,Quinten Post,25,GSW,PF,67,35,1159,13,0.56,0.631,0.098,6.4,19.7,12.9,11.9,1.1,2.8,10.9,18.8,0.7,1.2,1.9,0.078,-1,-0.1,-1.1,0.3
248,Svi Mykhailiuk,28,UTA,SF,50,41,1156,11.4,0.626,0.663,0.077,3.3,8.4,5.8,11,1.1,0.3,10.1,14.8,1.3,-0.2,1.1,0.048,0.3,-2,-1.7,0.1
249,Caris LeVert,31,DET,SG,60,0,1154,10.9,0.518,0.46,0.215,2.3,9,5.7,18.2,2.1,3.5,16.1,18.4,-0.2,1.8,1.6,0.066,-1.8,1.5,-0.4,0.5
250,Jakob Poeltl,30,TOR,C,46,44,1149,18.1,0.698,0,0.316,11.2,20.8,16,11.7,1.7,2.7,13.9,15.3,2.6,1.8,4.3,0.18,0.2,1.4,1.6,1
251,Craig Porter Jr.,25,CLE,PG,64,3,1148,13.7,0.524,0.36,0.155,8.2,12.9,10.5,22.4,2.4,3.1,17.6,12.3,1.3,1.5,2.8,0.116,0,1.9,2,1.2
252,Gary Payton II,33,GSW,SG,73,1,1142,18.3,0.632,0.306,0.096,9.7,16.3,12.9,16.9,2.8,1.7,12.5,18.4,2,1.5,3.5,0.149,0.7,1.3,1.9,1.1
253,Dru Smith,28,MIA,SG,70,1,1141,14.5,0.532,0.397,0.323,5.6,10.2,7.9,20,4.1,1.6,12.9,15.2,1.2,1.9,3,0.127,-1.5,3.6,2.2,1.2
254,Isaiah Hartenstein,27,OKC,C,47,46,1137,19.8,0.631,0.024,0.355,14.8,27,21.1,20.1,2,3.1,19.3,16.1,2.5,2.8,5.3,0.223,1,3.2,4.2,1.8
255,Paul George,35,PHI,PF,37,37,1135,16.7,0.57,0.497,0.216,1.9,17.1,9.4,17.7,2.6,1.3,10.2,23.3,1.1,1.4,2.5,0.108,1,0.7,1.7,1.1
256,Jarred Vanderbilt,26,LAL,PF,65,3,1128,11.2,0.544,0.413,0.233,8.6,21.3,15.2,9.6,2.4,1.6,17.5,12.4,0.4,1.5,1.8,0.079,-2.4,0.9,-1.5,0.1
257,De'Anthony Melton,27,GSW,PG,49,24,1125,13.4,0.518,0.464,0.229,3.8,12,7.8,16.9,3.3,1.6,13.5,25.4,-0.7,1.5,0.7,0.031,-2.6,0.1,-2.5,-0.1
258,Luka Garza,27,BOS,C,69,6,1118,19.9,0.682,0.356,0.328,15.7,12,13.8,8.5,1.2,2.5,10.1,17.7,3.9,1.4,5.3,0.226,2.2,0.2,2.4,1.2
259,Taylor Hendricks,22,2TM,PF,59,17,1118,12.2,0.566,0.518,0.203,6.2,15.4,10.7,6.8,2.1,2.5,11.5,16.2,0.4,0.8,1.1,0.049,-1.5,-0.9,-2.4,-0.1
259,Taylor Hendricks,22,UTA,PF,33,6,492,10.2,0.574,0.547,0.25,6.2,15.8,10.9,6.4,1.2,1.6,12.3,13.5,0.3,0.1,0.4,0.034,-1.8,-1.7,-3.5,-0.2
259,Taylor Hendricks,22,MEM,PF,26,11,626,13.7,0.562,0.502,0.176,6.1,15.1,10.5,7.2,2.8,3.2,10.9,18.2,0.1,0.7,0.8,0.061,-1.3,-0.2,-1.5,0.1
260,John Konchar,29,2TM,SG,56,8,1115,13.6,0.568,0.497,0.221,7,16.5,11.6,13.4,3.5,3.2,13.8,9.4,1.2,1.2,2.4,0.104,-1.3,2.2,0.9,0.8
260,John Konchar,29,MEM,SG,30,1,435,12.9,0.619,0.549,0.183,4.9,18.2,11.4,11.9,3.4,2.7,15.4,8.7,0.4,0.6,1,0.109,-1.2,3.5,2.3,0.5
260,John Konchar,29,UTA,SG,26,7,680,14,0.54,0.469,0.242,8.4,15.3,11.8,14.4,3.6,3.6,12.9,9.8,0.8,0.6,1.4,0.1,-1.4,1.4,0,0.3
261,Ousmane Dieng,22,2TM,C,57,20,1099,10.2,0.516,0.465,0.113,3,15.2,9.2,17.7,1.1,1.5,15.2,19.7,-0.6,0.9,0.3,0.012,-2.6,-1.2,-3.8,-0.5
261,Ousmane Dieng,22,OKC,C,27,0,295,10,0.534,0.538,0.066,3.1,12,7.7,12.5,0.3,2.3,7.9,14.9,0.2,0.4,0.6,0.098,-1.6,0.2,-1.4,0.1
261,Ousmane Dieng,22,MIL,C,30,20,804,10.3,0.511,0.443,0.127,3,16.3,9.7,19.6,1.4,1.2,17.1,21.5,-0.8,0.5,-0.3,-0.02,-3,-1.7,-4.6,-0.5
262,Jalen Smith,25,CHI,C,53,21,1095,16.6,0.608,0.545,0.23,9.6,24.6,17.2,8.5,1,3.3,10.6,19,1.5,1.1,2.6,0.114,0.2,-0.9,-0.7,0.4
263,Kentavious Caldwell-Pope,32,MEM,SG,51,14,1088,11,0.533,0.475,0.219,2,10.6,6.2,17.7,1.9,0.7,13.2,17.7,0.2,0.5,0.7,0.032,-2.3,-0.2,-2.5,-0.1
264,Hugo González,19,BOS,SF,74,3,1084,10.2,0.561,0.472,0.106,6.4,18.3,12.5,4.8,2,2,12.9,11.8,0.5,1.7,2.2,0.099,-3.1,1.6,-1.5,0.1
265,Jusuf Nurkić,31,UTA,C,41,36,1083,16.4,0.548,0.198,0.316,10.3,32.6,21.2,25.4,2.3,2,19.9,19.3,0.4,1.1,1.5,0.068,-0.5,1.6,1.1,0.9
266,Miles McBride,25,NYK,SG,41,15,1080,13.1,0.578,0.671,0.116,2.5,7.9,5.2,13.5,1.6,0.9,7.2,18.2,1.6,1.1,2.7,0.119,1,0.2,1.2,0.9
267,Corey Kispert,26,2TM,SF,58,10,1080,13.1,0.609,0.602,0.246,2.7,10.7,6.6,11.8,0.7,0.7,9.3,18.6,1.4,0.5,1.8,0.082,0.1,-2,-1.9,0
267,Corey Kispert,26,WAS,SF,19,2,370,14,0.649,0.639,0.286,1.7,11.2,6.4,12.2,1,0.7,9.5,16.7,0.7,0,0.6,0.08,1,-2.1,-1.1,0.1
267,Corey Kispert,26,ATL,SF,39,8,710,12.6,0.591,0.585,0.229,3.2,10.4,6.7,11.6,0.5,0.8,9.3,19.6,0.7,0.5,1.2,0.082,-0.4,-1.9,-2.3,-0.1
268,Rayan Rupert,21,2TM,SG,64,8,1072,8.2,0.493,0.435,0.173,4.8,14.4,9.5,8.6,2.4,0.8,14,15,-0.5,1.1,0.6,0.026,-5,-0.1,-5.1,-0.8
268,Rayan Rupert,21,POR,SG,48,0,577,5.8,0.447,0.483,0.095,4.3,12,8.1,7.8,2.4,0.3,15.5,12.8,-0.5,0.6,0.2,0.014,-5.9,0.8,-5.1,-0.4
268,Rayan Rupert,21,MEM,SG,16,8,495,11,0.531,0.392,0.241,5.4,17.1,11.2,9.6,2.5,1.3,12.8,17.7,0,0.5,0.4,0.041,-4,-1.1,-5.1,-0.4
269,Gradey Dick,22,TOR,SG,76,1,1067,10.7,0.538,0.484,0.229,4.4,11.3,7.8,6.5,2.1,0.6,9.2,18.7,0.2,1.3,1.4,0.064,-3.2,-0.4,-3.6,-0.4
270,Giannis Antetokounmpo,31,MIL,PF,36,36,1039,32.6,0.658,0.075,0.597,10.7,27.4,19.2,38.7,1.6,2.3,13.2,37,3.9,1.1,5,0.231,7.7,1.8,9.5,3
271,Tyler Herro,26,MIA,SG,33,28,1033,17.1,0.602,0.431,0.21,1.4,14.6,7.9,19.7,1,1,10.2,24.7,1.4,1,2.4,0.112,2.4,-0.4,2,1.1
272,Jamir Watkins,24,WAS,SG,50,7,1032,11.8,0.554,0.534,0.277,5,15.4,10.1,8.8,2.5,2.1,10.8,15.1,0.5,0.5,1.1,0.049,-2.9,-0.5,-3.3,-0.3
273,Alex Caruso,31,OKC,SG,56,0,1020,12.8,0.54,0.603,0.17,3.1,13,8.2,14.1,3.4,1.6,13,15.7,0.3,2.2,2.5,0.12,-1.4,3.3,1.9,1
274,Franz Wagner,24,ORL,SF,34,32,1019,19.2,0.588,0.274,0.391,4.7,14.8,9.7,18.2,1.5,1,8.9,27,1.8,1.1,2.8,0.134,2.6,-0.2,2.5,1.2
275,Caleb Love,24,POR,SG,49,1,1013,10.7,0.497,0.596,0.1,2.6,9.7,6.1,18.4,1.3,0.4,10.8,23,-0.1,0.8,0.6,0.031,-1.5,-1.6,-3.1,-0.3
276,Robert Williams,28,POR,C,59,1,1008,22.1,0.722,0.092,0.228,14.9,29.9,22.3,8.9,1.7,7.7,15.1,13.1,2.4,2,4.5,0.213,2,2.4,4.5,1.7
277,Guerschon Yabusele,30,2TM,C,67,19,1007,11.1,0.543,0.628,0.231,6.1,19,12.6,8.3,1.2,1.5,10.7,16.1,0.4,1,1.4,0.067,-1.7,-0.5,-2.2,-0.1
277,Guerschon Yabusele,30,NYK,C,41,0,366,8.6,0.499,0.636,0.112,7.3,19.3,13.3,6.4,0.8,1.4,11.8,14.9,0,0.4,0.4,0.056,-3.2,-0.5,-3.7,-0.2
277,Guerschon Yabusele,30,CHI,C,26,19,641,12.5,0.564,0.624,0.293,5.4,18.8,12.2,9.4,1.5,1.5,10.1,16.7,0.5,0.5,1,0.074,-0.8,-0.5,-1.3,0.1
278,Aaron Gordon,30,DEN,PF,36,33,1005,18.5,0.62,0.394,0.41,6,16.8,11.6,13.7,1,0.9,7.5,21.9,2.4,0.7,3.2,0.153,2.9,-1.2,1.7,0.9
279,Nae'Qwan Tomlin,25,CLE,PF,64,3,1004,12.9,0.549,0.366,0.194,9.5,10.9,10.2,7,2,3.2,7.8,15.5,1.1,1.1,2.2,0.107,-2.2,0.1,-2.1,0
280,Mike Conley,38,MIN,PG,54,15,991,9.4,0.517,0.772,0.233,2,8.2,5.2,19.5,1.7,1.2,12.5,11.5,0.9,1,1.9,0.092,-2.3,1,-1.3,0.2
281,Olivier-Maxence Prosper,23,MEM,PF,53,24,984,16.9,0.662,0.423,0.326,6.4,14.3,10.3,7.8,1.9,1.2,10.5,18.9,1.8,0.7,2.4,0.119,1.1,-1.2,-0.1,0.5
282,Tyus Jones,29,3TM,PG,67,12,979,8.3,0.448,0.628,0.041,1.4,7.2,4.3,20.9,1.8,0.3,10.1,10.7,0.2,0.8,1,0.051,-2.9,0.5,-2.4,-0.1
282,Tyus Jones,29,ORL,PG,48,8,754,8.4,0.448,0.646,0.038,1.3,6.6,3.9,19.8,2.1,0.4,8,9.8,0.3,0.7,1,0.064,-2.8,1.1,-1.7,0.1
282,Tyus Jones,29,DAL,PG,8,2,133,8.7,0.444,0.559,0.059,0.8,6.3,3.6,29.4,1.1,0,12.5,12.5,0,0.1,0.1,0.029,-3,-1.3,-4.3,-0.1
282,Tyus Jones,29,DEN,PG,11,2,92,6.5,0.454,0.615,0.038,2.6,13.9,8.5,17.7,0.5,0,18.5,15.3,-0.1,0,-0.1,-0.026,-3.5,-2.2,-5.7,-0.1
283,Justin Edwards,22,PHI,SF,64,12,977,12.1,0.572,0.563,0.122,2.9,7.7,5.2,11.5,2.7,1.1,9.6,16.1,0.8,0.9,1.7,0.086,-1.8,0.6,-1.3,0.2
284,Ochai Agbaji,25,2TM,SG,62,13,973,8.9,0.525,0.457,0.154,5.3,11.5,8.3,6.8,1.2,1.7,9.4,14.6,0.1,0.8,0.9,0.046,-3.5,-0.5,-4,-0.5
284,Ochai Agbaji,25,TOR,SG,42,13,650,7.5,0.495,0.382,0.171,5.7,10.9,8.3,6,1.3,1.6,9.4,13.3,0,0.7,0.6,0.048,-4.8,0.1,-4.7,-0.5
284,Ochai Agbaji,25,BRK,SG,20,0,323,11.7,0.572,0.573,0.127,4.4,12.6,8.3,8.5,1.1,1.7,9.4,17.3,0.1,0.1,0.3,0.042,-1,-1.7,-2.7,-0.1
285,Goga Bitadze,26,ORL,C,64,3,972,20.1,0.7,0.049,0.431,15.6,21.2,18.4,12.5,1.8,5.7,13.8,13.5,2.8,1.6,4.4,0.218,0.8,2,2.8,1.2
286,Rob Dillingham,21,2TM,PG,65,0,970,7.7,0.469,0.323,0.133,2.1,12.2,7.2,20.6,2.3,0.5,18.6,23.1,-2,0.9,-1.1,-0.056,-6.3,-0.9,-7.3,-1.3
286,Rob Dillingham,21,MIN,PG,35,0,326,6,0.404,0.234,0.142,1.7,11.9,6.9,24.1,2.8,0.8,19.4,24,-1,0.4,-0.5,-0.079,-7.9,-0.3,-8.2,-0.5
286,Rob Dillingham,21,CHI,PG,30,0,644,8.5,0.503,0.369,0.129,2.3,12.4,7.4,18.9,2,0.4,18.3,22.7,-1.1,0.5,-0.6,-0.044,-5.5,-1.3,-6.8,-0.8
287,Al Horford,39,GSW,C,45,13,969,14.7,0.554,0.633,0.08,5,20.5,12.6,17,1.5,4.9,11.1,16.5,0.8,1.3,2.1,0.105,0.3,1.3,1.6,0.9
288,T.J. McConnell,33,IND,PG,56,4,963,20.5,0.567,0.111,0.064,2.4,11.8,7,50,2.8,0.9,12.1,23.2,1.8,0.8,2.6,0.132,2.1,0.4,2.5,1.1
289,Kobe Brown,26,2TM,PF,61,10,963,12,0.594,0.513,0.218,7.8,13.6,10.7,11.6,1.2,1.1,15.1,15.6,0.8,0.6,1.3,0.066,-1.2,-1.4,-2.7,-0.2
289,Kobe Brown,26,LAC,PF,34,0,295,11.2,0.524,0.583,0.31,7.3,13.4,10.4,12.6,1.5,0.6,13.6,16.6,0.1,0.2,0.3,0.056,-1.2,-1.1,-2.3,0
289,Kobe Brown,26,IND,PF,27,10,668,12.4,0.628,0.481,0.176,8,13.6,10.7,11.2,1,1.3,15.9,15.2,0.6,0.3,1,0.07,-1.2,-1.6,-2.8,-0.1
290,Anthony Gill,33,WAS,PF,55,8,951,13.4,0.682,0.223,0.214,6.4,11.5,8.9,10,1.5,1.9,13.3,11.9,1.6,0.1,1.7,0.087,-1.3,-1.3,-2.6,-0.2
291,Kasparas Jakučionis,19,MIA,PG,53,12,945,11.9,0.614,0.655,0.277,4.7,10.5,7.6,18.1,1.6,0.7,15.8,13.7,1.4,0.9,2.3,0.114,-1,0.6,-0.4,0.4
292,Jalen Williams,24,OKC,SG,33,33,936,19,0.56,0.173,0.289,3.3,13.9,8.8,29.3,2,0.9,11.1,26.2,1.3,1.7,3,0.156,1.1,1,2.1,1
293,Jordan Poole,26,NOP,PG,39,8,933,11.5,0.53,0.649,0.257,1,7.9,4.4,18.3,1.1,1.5,12.3,25.1,0,0.2,0.2,0.01,-0.9,-2.6,-3.5,-0.4
294,Clint Capela,31,HOU,C,75,3,926,17.9,0.54,0.009,0.344,19.4,21.8,20.6,7.1,1.9,6.3,13.6,13.7,1.3,1.7,3,0.156,-0.5,0.9,0.4,0.6
295,Ben Saraf,19,BRK,SG,44,11,916,7.8,0.486,0.297,0.29,2.4,9.7,5.8,24.5,2.1,0.8,22.5,21,-1.6,0.5,-1.1,-0.057,-5.6,-1.7,-7.3,-1.2
296,Micah Peavy,24,NOP,SG,61,4,913,8.3,0.455,0.393,0.105,5.4,8.5,6.9,8.8,2.3,0.9,6.5,14,-0.1,0.5,0.4,0.02,-4.4,-0.8,-5.2,-0.7
297,Karlo Matković,24,NOP,PF,62,2,912,16.5,0.696,0.383,0.174,8.4,18.8,13.5,7.7,1.3,5.6,11.8,13.1,1.8,0.9,2.7,0.141,0.2,0.4,0.7,0.6
298,Josh Green,25,CHO,SG,58,0,908,9.7,0.644,0.762,0.155,5.7,7,6.3,6.8,1.9,0.6,15.3,10.6,1,0.9,1.9,0.099,-1.7,1,-0.7,0.3
299,Micah Potter,27,IND,C,47,7,908,17,0.679,0.573,0.345,6.8,21.4,14,11.2,1.2,1.4,12.2,18,1.8,0.7,2.6,0.135,1.5,-0.8,0.7,0.6
300,Isaiah Jackson,24,2TM,C,55,14,908,17.3,0.653,0.013,0.443,13.6,21.8,17.7,8.5,1.9,4.8,17,16.2,1.4,1.2,2.6,0.139,-1.9,0.8,-1.2,0.2
300,Isaiah Jackson,24,IND,C,38,14,638,15.2,0.615,0.006,0.448,14.4,21.8,18,7,1.9,3.9,17.9,16,0.7,0.8,1.4,0.107,-3.1,0.4,-2.7,-0.1
300,Isaiah Jackson,24,LAC,C,17,0,270,22.2,0.741,0.028,0.431,11.9,21.8,17,12.2,1.8,7,14.9,16.5,0.8,0.4,1.2,0.213,0.7,1.8,2.6,0.3
301,Dylan Cardwell,24,SAC,C,44,1,907,15.8,0.591,0.022,0.285,17.6,23.5,20.5,9.2,1.6,6.8,16.2,11.3,1.4,0.9,2.3,0.122,-2.5,0.6,-1.9,0
302,Dwight Powell,34,DAL,C,63,12,904,12.6,0.699,0.069,1.109,11.3,18.7,15.1,9.5,1.8,2,21.4,8.9,1.6,1,2.6,0.138,-2.9,1.5,-1.4,0.1
303,Paul Reed,26,DET,C,65,11,901,24.2,0.65,0.118,0.324,16.5,20.1,18.3,13.3,3.1,6.6,13,20.6,2.4,2.1,4.5,0.239,2.4,2.9,5.3,1.6
304,Jaden Hardy,23,2TM,SG,57,4,898,10.9,0.566,0.611,0.175,1.8,8.5,5.1,9.7,0.8,0.6,11.8,24.4,-0.3,0.1,-0.2,-0.01,-1.5,-3.3,-4.8,-0.6
304,Jaden Hardy,23,DAL,SG,34,4,428,10.6,0.551,0.639,0.206,2.7,8.8,5.8,9.9,1,0.4,11.3,23.3,-0.1,0.2,0.1,0.012,-1.9,-1.9,-3.8,-0.2
304,Jaden Hardy,23,WAS,SG,23,0,470,11.1,0.579,0.587,0.149,0.9,8.1,4.5,9.5,0.7,0.7,12.3,25.4,-0.2,-0.1,-0.3,-0.03,-1.2,-4.5,-5.7,-0.4
305,Quenton Jackson,27,IND,PG,49,19,897,14.4,0.589,0.36,0.363,3.3,10.7,6.9,23.1,1.6,0.6,14,20.9,0.9,0.5,1.4,0.076,-1.1,-0.8,-1.8,0
306,Jaylen Clark,24,MIN,SG,68,1,888,10.3,0.534,0.443,0.294,6.8,8,7.4,6.3,2.5,0.9,8.2,13.3,0.6,1,1.7,0.09,-3.2,0.7,-2.4,-0.1
307,Cam Thomas,24,2TM,SG,42,8,881,12.6,0.53,0.364,0.367,1.4,8.1,4.6,21,0.5,0.4,12.1,30.3,-0.5,0.1,-0.4,-0.024,-1.2,-3.9,-5.2,-0.7
307,Cam Thomas,24,BRK,SG,24,8,582,12.3,0.527,0.38,0.351,1.7,7.2,4.3,22.5,0.3,0.3,11.9,30.3,-0.3,0,-0.3,-0.022,-0.8,-4.2,-5.1,-0.4
307,Cam Thomas,24,MIL,SG,18,0,299,13.1,0.534,0.333,0.399,0.8,9.8,5.3,18.2,0.8,0.7,12.6,30.4,-0.2,0.1,-0.2,-0.028,-1.9,-3.4,-5.3,-0.3
308,Bryce McGowens,23,NOP,SG,42,13,880,11.7,0.61,0.392,0.401,1.5,9.4,5.4,9.5,1.5,0.9,5.7,14,1.4,0.3,1.7,0.094,-2,-0.9,-2.9,-0.2
309,Gabe Vincent,29,2TM,PG,53,7,879,6.5,0.511,0.801,0.106,2.2,4.7,3.5,10.8,1.5,0.3,10.7,12.3,0.1,0.5,0.6,0.035,-3.8,-0.5,-4.3,-0.5
309,Gabe Vincent,29,LAL,PG,29,7,559,5.5,0.512,0.792,0.085,1.5,4.1,2.8,8.3,1.2,0.2,8.2,11.5,0.1,0.2,0.3,0.027,-3.9,-0.9,-4.8,-0.4
309,Gabe Vincent,29,ATL,PG,24,0,320,8.2,0.509,0.814,0.14,3.3,5.9,4.6,15.1,1.9,0.6,14.1,13.8,0,0.3,0.3,0.049,-3.6,0.1,-3.4,-0.1
310,Jonas Valančiūnas,33,DEN,C,65,6,871,22,0.63,0.067,0.349,14.2,27.5,21.2,14.1,0.8,4,14,26.1,1.8,1.1,2.9,0.162,0.5,-0.5,0,0.4
311,Jevon Carter,30,2TM,PG,53,1,867,10.7,0.537,0.7,0.062,1.8,9.6,5.6,14,2.2,1,10.2,17,0.1,0.8,0.9,0.052,-1.4,0.4,-1.1,0.2
311,Jevon Carter,30,CHI,PG,23,0,254,12.3,0.577,0.757,0.097,2.1,8.7,5.4,10.4,2.4,0.7,9.3,19.4,0.1,0.2,0.3,0.058,-0.7,-0.3,-1,0.1
311,Jevon Carter,30,ORL,PG,30,1,613,10,0.517,0.672,0.044,1.6,9.9,5.7,15.5,2.1,1.2,10.7,16,0,0.7,0.6,0.05,-1.7,0.6,-1.1,0.1
312,Trendon Watford,25,PHI,PF,53,7,864,13.1,0.573,0.187,0.287,4.7,17.5,11,21.8,0.9,2.4,17.5,17.9,0.6,0.8,1.4,0.078,-2.2,0.2,-1.9,0
313,Julian Strawther,23,DEN,SG,57,14,861,12.5,0.59,0.47,0.219,1.6,12.7,7.4,9.8,1.4,0.7,9.3,19.4,0.7,0.6,1.3,0.071,-1.2,-1.1,-2.3,-0.1
314,Jalen Wilson,25,BRK,PF,54,2,859,8.7,0.536,0.547,0.345,2.2,13.9,7.7,9,1.3,0.2,10.6,18.2,-0.2,0.4,0.2,0.012,-3.6,-2.1,-5.6,-0.8
315,Caleb Martin,30,DAL,SF,58,12,856,9.3,0.526,0.302,0.323,3.5,14.1,8.8,12.4,2.2,1.5,15.6,12.5,-0.1,0.9,0.9,0.048,-4,1.7,-2.2,0
316,Kenrich Williams,31,OKC,PF,56,2,855,14.2,0.569,0.436,0.176,7.8,15.6,11.9,12.7,1.8,0.6,11.9,18.3,0.8,1.5,2.3,0.13,-0.1,0.3,0.2,0.5
317,Kyle Anderson,32,3TM,SF,43,5,853,13.7,0.573,0.054,0.337,5.4,13.8,9.6,19.4,2.5,2.8,14.4,13.2,1,0.8,1.9,0.105,-1.3,1.7,0.4,0.5
317,Kyle Anderson,32,UTA,SF,20,0,401,14.2,0.565,0.046,0.349,5,13,8.9,20.6,2.7,2.4,11.9,14.6,0.5,0.2,0.7,0.087,-1,0.7,-0.3,0.2
317,Kyle Anderson,32,MEM,SF,4,3,89,15.1,0.821,0.053,0.421,3.6,13.6,8.5,4.9,3.2,4.1,23.7,13.8,0.1,0.1,0.2,0.105,-2.5,1.4,-1.1,0
317,Kyle Anderson,32,MIN,SF,19,2,363,12.7,0.52,0.068,0.297,6.2,14.8,10.6,21.7,2.1,2.9,15.2,11.5,0.4,0.5,1,0.126,-1.2,2.8,1.6,0.3
318,Daeqwon Plowden,27,SAC,SG,32,7,844,10.7,0.572,0.667,0.176,4.2,8.7,6.4,6.7,1.3,0.8,8,16.4,0.7,0.1,0.8,0.043,-2.1,-2.3,-4.4,-0.5
319,Josh Minott,23,2TM,PF,49,11,834,16,0.653,0.607,0.242,6.4,14.8,10.6,7.9,2.6,2.8,13.4,16.8,1.2,1.2,2.4,0.139,1.4,1.1,2.5,1
319,Josh Minott,23,BOS,PF,33,10,526,15.6,0.651,0.566,0.191,8.5,16,12.3,8.4,2.3,2.3,11.9,13.8,1.1,0.8,1.9,0.173,0.9,1.4,2.2,0.6
319,Josh Minott,23,BRK,SF,16,1,308,16.8,0.654,0.655,0.302,2.9,12.8,7.5,7.1,3.2,3.6,14.9,21.9,0.2,0.3,0.5,0.08,2.3,0.7,3,0.4
320,Javon Small,23,MEM,PG,41,12,830,16.1,0.611,0.493,0.285,4.6,12.2,8.3,26.1,1.9,1,14.7,19,1.4,0.5,1.9,0.112,1.7,-0.6,1,0.6
321,Jonathan Kuminga,23,2TM,PF,36,14,830,14.2,0.557,0.31,0.363,6.4,20.7,13.4,14.7,1.3,1.2,14.6,23.4,0.1,0.9,1,0.059,-1.5,-0.5,-2,0
321,Jonathan Kuminga,23,GSW,PF,20,13,476,12.5,0.543,0.273,0.34,6.7,21,13.7,15.9,0.8,1.2,17.1,24,-0.2,0.4,0.2,0.021,-2.5,-1.1,-3.6,-0.2
321,Jonathan Kuminga,23,ATL,PF,16,1,354,16.5,0.576,0.359,0.393,6,20.2,13,13.1,1.9,1.3,11,22.5,0.3,0.5,0.8,0.11,-0.2,0.4,0.1,0.2
322,Jalen Green,23,PHO,SG,32,27,828,14.8,0.516,0.443,0.17,2.1,13.9,7.8,18.6,2,0.9,11.6,31.9,-0.6,1,0.3,0.019,-0.2,-0.9,-1.1,0.2
323,Vince Williams Jr.,25,2TM,SG,40,12,820,10.7,0.478,0.606,0.171,5.1,15.6,10.2,27.5,1.7,1.8,18.2,19.5,-0.4,0.5,0.1,0.008,-1.5,0.5,-1,0.2
323,Vince Williams Jr.,25,MEM,PG,34,12,736,10.8,0.478,0.602,0.174,4.9,15.3,10,27.8,1.7,1.7,18.1,19.6,-0.4,0.5,0.2,0.01,-1.5,0.6,-0.9,0.2
323,Vince Williams Jr.,25,UTA,SG,6,0,84,9.8,0.47,0.643,0.143,6.3,18.5,12.2,25,1.1,2.3,19,18,0,0,0,-0.013,-1.8,-0.2,-2,0
324,Buddy Hield,33,2TM,SG,51,3,819,12.8,0.568,0.648,0.113,3.6,12.3,7.9,12.8,2.3,1,12.3,20.3,0.2,0.8,1,0.06,-0.9,-0.1,-1,0.2
324,Buddy Hield,33,GSW,SG,44,3,768,12.6,0.562,0.65,0.113,3.7,12.1,7.8,12.7,2.3,1.1,11.8,19.7,0.2,0.8,1,0.061,-1,0,-1,0.2
324,Buddy Hield,33,ATL,SG,7,0,51,16.5,0.636,0.63,0.111,2.1,15.1,8.5,15.1,1.9,0,17.5,28.1,0,0.1,0,0.044,1,-2.1,-1.1,0
325,Carter Bryant,20,SAS,PF,71,0,818,9.9,0.526,0.585,0.158,5.1,17.9,11.7,7.5,0.9,2.5,10.4,16.3,0.1,1.2,1.3,0.076,-3.1,0.2,-3,-0.2
326,Nikola Jović,22,MIA,PF,47,1,808,9.5,0.48,0.532,0.322,3.2,16.5,9.8,16.5,1.5,1.9,15.4,21.4,-0.9,1,0,0.001,-3.5,-0.1,-3.5,-0.3
327,Jalen Pickett,26,DEN,SG,50,18,807,10.3,0.541,0.547,0.082,2.6,12.7,7.9,18.4,0.8,0.6,12.4,14.8,0.6,0.4,1,0.059,-1.1,-1.1,-2.3,-0.1
328,Keegan Murray,25,SAC,PF,23,22,793,11.7,0.499,0.373,0.163,4.5,14.4,9.3,6.8,1.5,4.2,7.7,18.7,-0.2,0.4,0.2,0.011,-2,-1,-3.1,-0.2
329,Aaron Holiday,29,HOU,PG,57,1,781,10.1,0.578,0.675,0.163,1.9,6.3,4.1,10.2,1.7,0.6,12.3,16.6,0.7,0.7,1.4,0.088,-2.2,-0.2,-2.4,-0.1
330,Tyrese Martin,26,2TM,SG,46,6,777,10.3,0.501,0.596,0.101,4.8,12.9,8.6,15.6,1.6,0.7,12.1,18.4,-0.3,0.4,0.1,0.006,-2,-1.4,-3.4,-0.3
330,Tyrese Martin,26,BRK,SG,37,6,696,10.8,0.507,0.596,0.102,5.1,13.1,8.9,15.6,1.6,0.5,11,18.8,-0.2,0.3,0.2,0.013,-1.5,-1.5,-3.1,-0.2
330,Tyrese Martin,26,PHI,SG,9,0,81,6,0.437,0.591,0.091,2.7,10.9,6.7,14.8,1.8,2.3,23.4,15.6,-0.2,0.1,-0.1,-0.057,-5.6,-0.1,-5.7,-0.1
331,Kristaps Porziņģis,30,2TM,C,32,23,769,19.6,0.582,0.412,0.407,5.6,18.5,11.9,16.1,1.1,4.5,8.2,27.3,1.4,1,2.4,0.148,1.6,0.3,1.9,0.8
331,Kristaps Porziņģis,30,ATL,C,17,12,413,20.6,0.592,0.41,0.386,5.4,17.6,11.4,16.6,1,4.8,6.1,26.4,1,0.6,1.5,0.179,2.7,1,3.7,0.6
331,Kristaps Porziņģis,30,GSW,C,15,11,356,18.4,0.571,0.416,0.433,5.8,19.5,12.5,15.6,1.2,4.1,10.6,28.3,0.4,0.4,0.8,0.113,0.3,-0.5,-0.2,0.2
332,Jabari Walker,23,PHI,PF,64,6,762,12.5,0.568,0.446,0.319,10.2,17.4,13.7,6.1,1.5,1.6,10,15,0.9,0.8,1.7,0.106,-2.1,-0.6,-2.7,-0.1
333,Noah Penda,21,ORL,SF,59,2,757,11.3,0.506,0.458,0.236,9.8,17.9,13.8,12.5,1.9,2.2,15.8,14.8,0.1,1,1.1,0.07,-2,0.6,-1.5,0.1
334,Scoot Henderson,21,POR,PG,30,10,748,12.9,0.553,0.474,0.292,2.6,9.1,5.8,22.8,1.7,1.1,15.9,25,0.3,0.7,1,0.064,-1.7,-0.5,-2.2,0
335,Pete Nance,25,MIL,PF,47,6,737,11.6,0.639,0.613,0.057,4.2,14.9,9.6,9.2,0.9,1.9,11.6,13.5,0.8,0.4,1.1,0.072,-1,-1.2,-2.3,-0.1
336,Thomas Bryant,28,CLE,C,60,1,732,17.2,0.625,0.491,0.247,8.9,21.9,15.4,6.3,1.2,3.4,8.6,18.6,1.4,0.9,2.3,0.153,0.8,-0.7,0.1,0.4
337,Steven Adams,32,HOU,C,32,11,730,15.8,0.535,0,0.583,22.3,19.6,21,8.3,1.5,2.5,16.7,12.1,1.1,1,2.1,0.141,-0.1,-0.3,-0.5,0.3
338,Lonzo Ball,28,CLE,PG,35,3,728,9.5,0.432,0.835,0.119,3.9,17.2,10.6,22.6,3,1.2,21.9,13.7,-0.4,1,0.6,0.042,-2.9,1.8,-1.1,0.2
339,Tyler Kolek,24,NYK,PG,62,1,727,12.5,0.533,0.46,0.081,2.5,12.7,7.5,31.7,1.5,0.6,17.6,18.4,0.6,0.8,1.4,0.093,-0.8,0.2,-0.6,0.3
340,Leonard Miller,22,2TM,SF,46,12,719,15.9,0.633,0.378,0.202,8.1,18.6,13.4,8.2,1.1,1.8,11.2,18.7,1,0.6,1.6,0.105,-0.2,-1.1,-1.3,0.1
340,Leonard Miller,22,MIN,SF,19,0,95,12.2,0.581,0.364,0.333,8.3,20.4,14.5,7.6,2,0,19.2,20.8,0,0.1,0.1,0.049,-5.3,-0.6,-5.8,-0.1
340,Leonard Miller,22,CHI,SF,27,12,624,16.5,0.64,0.38,0.183,8.1,18.3,13.3,8.3,1,2.1,9.8,18.3,1,0.5,1.5,0.113,0.6,-1.2,-0.6,0.2
341,Grant Williams,27,CHO,PF,36,3,711,12.9,0.609,0.732,0.295,7.4,15,11.3,10.6,1.2,2.3,13,14.1,1.1,0.8,1.9,0.131,0.6,1,1.6,0.7
342,Nick Richards,28,2TM,C,48,6,701,11.9,0.562,0.09,0.502,11.8,25.6,18.7,3.2,0.7,4.1,19.4,18.2,-0.2,0.8,0.6,0.04,-4.9,-1.2,-6.1,-0.7
342,Nick Richards,28,PHO,C,28,2,254,11.4,0.534,0,0.394,14.8,25.3,19.9,4.4,0.8,5.3,23.1,18.1,-0.2,0.4,0.2,0.039,-6,-0.8,-6.8,-0.3
342,Nick Richards,28,CHI,C,20,4,447,12.2,0.577,0.138,0.562,10.1,25.8,18.1,2.5,0.6,3.5,17.3,18.3,-0.1,0.4,0.4,0.04,-4.3,-1.5,-5.8,-0.4
343,Sharife Cooper,24,WAS,PG,41,1,700,13.8,0.609,0.308,0.243,2.7,10.6,6.6,25.8,1.1,0.6,18.2,20,0.7,-0.1,0.6,0.041,-1,-2.9,-3.9,-0.3
344,Devin Carter,23,SAC,PG,38,12,700,13.8,0.508,0.39,0.322,5.6,14.6,10,20.9,2.3,1.2,13.9,23.5,-0.2,0.4,0.2,0.012,-1.5,-1.2,-2.6,-0.1
345,Jett Howard,22,ORL,SF,55,0,695,11.2,0.561,0.578,0.155,3.7,10.4,7,9.3,0.7,1.4,5.3,17.2,0.7,0.5,1.3,0.087,-0.8,-1.1,-1.8,0
346,Jordan Hawkins,23,NOP,SG,51,1,692,7.6,0.48,0.525,0.105,3.1,10.7,6.9,8.2,0.9,1.4,11.2,18.2,-0.6,0.2,-0.4,-0.029,-3.2,-3,-6.2,-0.7
347,Rasheer Fleming,21,PHO,PF,55,1,673,10.2,0.517,0.605,0.158,9.1,11.4,10.2,3.3,1.6,3,11.2,16.3,0,0.8,0.8,0.055,-3,-0.7,-3.8,-0.3
348,Jahmai Mashack,23,MEM,SG,31,7,673,7,0.456,0.385,0.179,3.6,9.5,6.5,13.8,2.6,1.9,18.9,16,-1,0.5,-0.5,-0.036,-6.1,-0.9,-7,-0.8
349,Tristan Vukcevic,22,WAS,C,49,12,671,17.8,0.603,0.454,0.35,5,18.7,11.8,12.8,1.6,4.3,14.5,26.6,0.4,0.4,0.8,0.054,0.8,-0.8,0,0.3
350,Jaden Ivey,23,2TM,SG,37,5,670,13,0.571,0.523,0.184,4,10.9,7.5,14,1.6,2,12.9,19.7,0.5,0.9,1.3,0.096,-0.2,0.2,0,0.3
350,Jaden Ivey,23,DET,SG,33,2,555,12.6,0.57,0.514,0.173,3.9,10.5,7.3,13,1.3,2.2,12.9,20.4,0.4,0.7,1.1,0.093,-0.1,0.1,0.1,0.3
350,Jaden Ivey,23,CHI,SG,4,3,115,14.9,0.576,0.583,0.25,4.7,12.8,8.8,18.6,3.3,1.5,13.1,16.7,0.1,0.1,0.3,0.11,-0.8,0.7,0,0.1
351,Tre Mann,24,CHO,PG,53,1,669,8.3,0.462,0.512,0.089,3.4,11.9,7.8,18.7,1.9,0.7,14.6,23.3,-0.8,0.7,0,-0.003,-4.5,-0.8,-5.3,-0.5
352,Gary Harris,31,MIL,SG,48,2,661,8,0.593,0.654,0.087,2.8,7.6,5.2,9.9,2,1.4,15,8.5,0.4,0.3,0.7,0.054,-3.2,0.7,-2.5,-0.1
353,Ethan Thompson,26,IND,SG,32,13,653,8.3,0.515,0.592,0.24,2.8,8.9,5.7,11.9,1.5,1.2,10.3,15.7,0,0.3,0.3,0.02,-4.1,-0.8,-4.9,-0.5
354,Jamaree Bouyea,26,PHO,PG,46,1,644,13.5,0.523,0.331,0.148,3,11.4,7.1,18.6,2.2,2.4,10.7,18.5,0.4,0.8,1.1,0.086,-1.4,1.1,-0.4,0.3
355,Johnny Furphy,21,IND,SG,35,21,643,9.2,0.547,0.477,0.235,5.3,20.9,12.9,8.6,1.5,0.9,15,12.8,0,0.5,0.5,0.036,-3.9,0.2,-3.7,-0.3
356,Mohamed Diawara,20,NYK,SF,69,7,634,10.3,0.55,0.61,0.113,2.6,14,8.3,11.2,1.3,1,11.8,17.1,0.2,0.7,0.9,0.072,-1.8,0.1,-1.7,0
357,Zeke Nnaji,25,DEN,PF,52,4,626,10.3,0.558,0.358,0.291,6.2,17.6,12.2,5.9,1.3,3.6,13.7,13.7,0.2,0.7,0.9,0.066,-3.6,0,-3.5,-0.3
358,Anthony Davis,32,DAL,PF,20,20,626,21.5,0.551,0.111,0.243,10.6,26.7,18.7,15.1,1.7,4.5,10,27.5,0.4,1,1.3,0.103,1.5,0.9,2.4,0.7
359,Dorian Finney-Smith,32,HOU,PF,37,1,620,5.8,0.452,0.758,0.068,6.3,10.2,8.3,7.1,1.3,0.9,13.9,10.7,0,0.6,0.5,0.042,-4.3,-0.1,-4.3,-0.4
360,Kam Jones,23,IND,SG,37,7,616,8.2,0.47,0.444,0.047,2.6,8.1,5.3,26.2,1.4,0,17.3,14.4,-0.2,0.2,0,0.002,-4.2,-1.9,-6.2,-0.6
361,Kevin Love,37,UTA,PF,37,5,613,14.7,0.568,0.714,0.221,9.5,28.9,18.9,14.6,1.1,1.4,12.1,16.6,0.8,0.3,1.1,0.088,1.1,-0.9,0.2,0.3
362,Taurean Prince,31,MIL,SF,26,7,611,10.5,0.617,0.733,0.031,0.7,14.1,7.5,10.7,1.3,1,13.8,16.2,0.2,0.3,0.5,0.039,-1.3,-1.8,-3.1,-0.2
363,Jase Richardson,20,ORL,SG,54,0,587,11.5,0.574,0.42,0.245,4,8.1,6,14.2,1.6,0.3,10.7,16.8,0.5,0.5,1,0.082,-1.9,-0.7,-2.5,-0.1
364,Tidjane Salaün,20,CHO,PF,37,0,575,12.9,0.629,0.522,0.252,5.2,23.7,14.6,6.6,1.4,1.1,12.8,14.9,0.6,0.8,1.4,0.117,-1.2,0.4,-0.8,0.2
365,Ja Morant,26,MEM,PG,20,20,569,16.6,0.521,0.264,0.363,1.5,11,6.2,45.1,1.7,1,16,32.5,0,0.3,0.3,0.024,0.5,-2,-1.5,0.1
366,Domantas Sabonis,29,SAC,C,19,15,564,19.2,0.59,0.122,0.348,12.3,31,21.4,21.3,1.5,0.7,16.7,23,0.7,0.4,1.1,0.095,0.7,-0.2,0.6,0.4
367,Dalton Knecht,24,LAL,SF,54,1,553,10.2,0.568,0.581,0.115,3.1,12.5,8,5.3,1,1.8,10.3,17.7,0.1,0.4,0.4,0.038,-2.1,-1.6,-3.6,-0.2
368,Drew Eubanks,28,SAC,C,42,11,552,13.6,0.605,0.045,0.365,7.7,18.3,12.9,5,1.3,4.3,14.2,16.3,0.3,0.3,0.6,0.053,-3,-0.7,-3.7,-0.2
369,Dalen Terry,23,2TM,SG,48,0,551,11.6,0.523,0.426,0.194,5.1,11.6,8.3,16,2.5,2.4,13.4,14.8,0.2,0.6,0.7,0.063,-2.4,0.8,-1.7,0
369,Dalen Terry,23,CHI,SG,34,0,377,11.6,0.539,0.451,0.167,5.4,12.5,9,15,2.7,2.5,16.1,14.4,0.1,0.4,0.5,0.058,-2.4,1.1,-1.3,0.1
369,Dalen Terry,23,PHI,SG,14,0,174,11.7,0.494,0.377,0.245,4.3,9.5,6.9,18.1,1.9,2.2,7.8,15.5,0.1,0.2,0.3,0.074,-2.3,-0.1,-2.4,0
370,Tyrese Proctor,21,CLE,PG,50,1,545,12.2,0.556,0.582,0.2,2.2,10.7,6.5,18.6,2.2,0,14,22,0.2,0.5,0.7,0.066,-2.3,-0.5,-2.8,-0.1
371,Elijah Harkless,25,UTA,SG,26,9,545,9.1,0.471,0.547,0.398,1.9,8.7,5.3,17.6,2.7,1.1,12.1,16.2,-0.1,0.2,0.1,0.005,-4.9,-0.7,-5.6,-0.5
372,Terrence Shannon Jr.,25,MIN,SG,43,2,538,11.1,0.597,0.444,0.409,2.1,7.8,5,9.5,1.2,0.2,10.6,17.7,0.6,0.4,1,0.09,-2.5,-1.1,-3.6,-0.2
373,Keaton Wallace,26,ATL,PG,53,3,536,10.4,0.52,0.596,0.105,0.6,10.9,5.7,22.5,2.1,0.8,13.5,16.1,0.1,0.6,0.7,0.066,-3,0.3,-2.7,-0.1
374,Moussa Cisse,23,DAL,C,38,1,530,16,0.564,0,0.704,17.9,25.2,21.6,2.3,1.7,7.2,16.6,14.3,0.4,0.9,1.3,0.116,-3.6,0.7,-2.9,-0.1
375,Cole Anthony,25,MIL,PG,35,0,527,10.7,0.483,0.312,0.113,3.5,15.1,9.3,34.8,1.9,2.1,21.1,25.8,-0.9,0.4,-0.5,-0.042,-3.9,-0.9,-4.7,-0.4
376,Jayson Tatum,27,BOS,PF,16,16,522,20.3,0.541,0.498,0.275,1.7,31.3,16.8,25.1,2.1,0.6,10.8,30,0.6,1,1.6,0.148,2.9,1.8,4.8,0.9
377,Jonathan Isaac,28,ORL,PF,52,0,521,11.5,0.498,0.349,0.532,9.1,19.3,14.1,5.6,1.8,5.4,11.8,12.4,0.1,0.8,0.9,0.085,-2.9,1.3,-1.6,0.1
378,Jamison Battle,24,TOR,SF,61,2,517,10.6,0.635,0.586,0.097,4.4,15.3,9.8,6.3,0.7,0.6,11.2,14.1,0.4,0.5,0.9,0.086,-1.6,-1,-2.6,-0.1
379,Asa Newell,20,ATL,PF,44,2,500,14.2,0.624,0.444,0.172,9.4,11.5,10.4,7.2,1.5,2.7,11.2,17.1,0.6,0.6,1.2,0.113,-1,-0.5,-1.5,0.1
380,Ariel Hukporti,23,NYK,C,54,5,498,11.9,0.619,0.05,0.413,12.5,23.2,17.9,7.3,0.9,5.3,25.3,10.9,0.4,0.8,1.2,0.115,-3.7,1.4,-2.3,0
381,Trayce Jackson-Davis,25,2TM,C,53,1,496,16.6,0.578,0.008,0.597,14.7,18.1,16.4,11.1,1.7,4.5,12.3,15.3,0.8,0.7,1.4,0.138,-0.8,0.4,-0.4,0.2
381,Trayce Jackson-Davis,25,GSW,C,36,1,411,16,0.601,0.01,0.51,12.5,18,15.2,11.1,1.5,4.3,12.6,14.8,0.7,0.5,1.2,0.136,-1,0.6,-0.4,0.2
381,Trayce Jackson-Davis,25,TOR,C,17,0,85,19.3,0.489,0,1,25.2,18.9,22,10.9,2.3,5.7,11.2,18,0.1,0.2,0.3,0.148,0.1,-0.6,-0.5,0
382,D'Angelo Russell,29,DAL,PG,26,3,495,12.3,0.511,0.483,0.259,1.7,11.2,6.5,31.2,1.1,0.3,15.9,26,-0.3,0.3,0,-0.004,-0.7,-1.6,-2.3,0
383,Taelon Peter,23,IND,SG,38,0,492,8.6,0.518,0.791,0.101,2.2,11.1,6.5,11.2,2.5,0.7,14.1,16.6,-0.4,0.4,0,-0.001,-4.1,-0.4,-4.6,-0.3
384,Bez Mbeng,22,UTA,SG,15,5,492,10.5,0.55,0.31,0.25,3.9,8.8,6.3,16.2,3.2,1,16.5,11.1,0.2,0.2,0.5,0.047,-5,0.1,-4.9,-0.4
385,Amir Coffey,28,2TM,SG,46,3,490,10.2,0.594,0.434,0.248,4.2,8.8,6.5,7.5,0.9,1,6.7,11.9,0.6,0.2,0.8,0.083,-2.2,-0.9,-3.1,-0.1
385,Amir Coffey,28,MIL,SG,30,2,265,8.4,0.584,0.455,0.273,2.6,8.5,5.5,5.5,0.6,1.1,6.1,10.9,0.2,0,0.3,0.048,-3.2,-2,-5.2,-0.2
385,Amir Coffey,28,PHO,SG,16,1,225,12.4,0.604,0.414,0.224,6.2,9.2,7.6,9.8,1.3,0.8,7.3,13,0.4,0.2,0.6,0.125,-0.9,0.4,-0.5,0.1
386,Branden Carlson,26,OKC,C,42,4,488,17.7,0.613,0.462,0.14,6.7,20.3,13.8,8.6,0.8,5.4,7.5,18.9,0.8,1,1.7,0.171,0.5,0.3,0.8,0.4
387,Jamal Cain,26,ORL,SF,40,1,486,13,0.624,0.48,0.303,6.4,11.6,9,8.6,1.1,0.7,9.9,16.6,0.8,0.4,1.2,0.116,-0.4,-1,-1.4,0.1
388,Cam Christie,20,LAC,SG,55,0,480,9.2,0.484,0.353,0.36,4.7,13.9,9.4,8.9,1.7,0.6,12,16.9,-0.2,0.4,0.2,0.016,-3.5,-1.1,-4.6,-0.3
389,Matisse Thybulle,28,POR,SG,30,0,480,14.5,0.6,0.694,0.187,3.8,9.6,6.7,7.7,6,3,16.2,14.7,0.2,1,1.3,0.126,-1.7,6.1,4.4,0.8
390,Jeremy Sochan,22,2TM,PF,44,0,469,12.2,0.563,0.349,0.202,8.7,16,12.4,11.2,1.8,1.4,13,14.6,0.5,0.7,1.2,0.12,-2.3,1.1,-1.2,0.1
390,Jeremy Sochan,22,SAS,PF,28,0,358,9.7,0.538,0.354,0.162,8,13.7,11,10.1,1.3,1.2,14.5,14.6,0.1,0.5,0.6,0.084,-3.5,0.5,-3,-0.1
390,Jeremy Sochan,22,NYK,PF,16,0,111,20.2,0.64,0.333,0.333,11,23.3,17.1,14.8,3.1,1.8,8,14.4,0.3,0.2,0.6,0.239,1.7,3.1,4.8,0.2
391,Maxi Kleber,34,LAL,PF,43,1,461,8.1,0.509,0.356,0.356,9.5,11.8,10.7,7.3,1.9,2.2,16.8,9.6,0.2,0.4,0.6,0.063,-4.2,0.3,-3.9,-0.2
392,Marcus Sasser,25,DET,PG,38,5,457,11.2,0.533,0.599,0.102,1.7,7.7,4.8,21.9,2.1,0.9,14.4,19.6,0.2,0.6,0.8,0.085,-1.6,-0.2,-1.7,0
393,AJ Johnson,21,2TM,SG,48,0,454,5.6,0.413,0.324,0.227,3.3,9.7,6.5,14,1.1,0.6,13.4,20.6,-1,0.1,-0.9,-0.09,-6.4,-2.5,-8.9,-0.8
393,AJ Johnson,21,WAS,SG,25,0,214,4.3,0.396,0.301,0.145,3.9,11.8,7.8,13.9,1.5,0,16.9,20.7,-0.6,0,-0.6,-0.137,-7.2,-3.3,-10.5,-0.5
393,AJ Johnson,21,DAL,SG,23,0,240,6.7,0.427,0.344,0.301,2.7,7.9,5.3,14.1,0.8,1.1,10.2,20.5,-0.4,0.1,-0.2,-0.049,-5.6,-1.8,-7.4,-0.3
394,Bogdan Bogdanović,33,LAC,SG,23,3,452,8.9,0.525,0.625,0.164,1.6,13.3,7.6,15.9,1.1,0.6,14.2,18.6,-0.1,0.3,0.2,0.02,-2.3,-0.8,-3.1,-0.1
395,Tony Bradley,28,2TM,C,41,4,450,12.8,0.596,0.034,0.368,14.2,13.8,14,6.9,0.6,1.3,11.7,14.5,0.7,0.2,0.9,0.099,-2.5,-1.7,-4.2,-0.3
395,Tony Bradley,28,IND,C,38,3,416,13,0.604,0.019,0.406,14.3,13.6,14,6.8,0.7,1.4,12,14.5,0.7,0.2,0.9,0.102,-2.4,-1.6,-4.1,-0.2
395,Tony Bradley,28,ATL,C,3,1,34,10.2,0.5,0.182,0,12.6,16.2,14.4,7.8,0,0,8.3,14.7,0,0,0,0.061,-2.9,-3.3,-6.2,0
396,Larry Nance Jr.,33,CLE,PF,35,3,449,9.5,0.505,0.508,0.105,7.1,15.6,11.4,9.7,2.2,1.3,13.4,14,0,0.5,0.6,0.06,-3.9,0.5,-3.4,-0.2
397,Oscar Tshiebwe,26,UTA,C,27,6,448,20.2,0.633,0,0.338,18.1,25.2,21.6,10.6,1.7,1.1,11.2,17.2,1.1,0.3,1.3,0.141,1,-2.8,-1.8,0
398,Doug McDermott,34,SAC,SF,29,0,439,8.6,0.574,0.885,0.065,1.7,7.9,4.7,6.8,0.7,0.8,8.3,15.1,0.2,-0.1,0.2,0.018,-1.4,-3,-4.4,-0.3
399,Leaky Black,26,WAS,SF,15,9,433,7.8,0.498,0.534,0.078,3.7,15.2,9.3,6.6,2,1.6,11.6,11.6,-0.1,0.1,0,0.004,-4.2,-1.1,-5.3,-0.4
400,Julian Phillips,22,2TM,SF,48,2,428,9.3,0.534,0.537,0.19,5.8,6.4,6.1,3.1,2.4,1.4,7.7,13.9,0.1,0.3,0.5,0.051,-3.3,-0.3,-3.6,-0.2
400,Julian Phillips,22,CHI,SF,35,2,334,9.3,0.533,0.557,0.125,7.1,6.9,7,2.7,2.4,1.6,7,12.5,0.1,0.2,0.4,0.054,-2.9,0,-2.9,-0.1
400,Julian Phillips,22,MIN,SF,13,0,94,9.2,0.536,0.485,0.364,1.2,4.6,2.9,4.3,2.5,0.9,9.5,19,0,0.1,0.1,0.041,-4.7,-1.3,-6,-0.1
401,Moritz Wagner,28,ORL,C,36,0,427,15.3,0.545,0.359,0.369,7,23.2,15,9.7,1.7,0.4,7.7,24.3,0.4,0.6,0.9,0.104,-1.4,-0.8,-2.2,0
402,Yanic Konan Niederhäuser,22,LAC,C,41,0,424,16.4,0.691,0.05,0.62,10.4,21.4,16,4.1,0.6,6.7,15.3,15.7,0.8,0.5,1.3,0.152,-2.6,0.4,-2.2,0
403,Obi Toppin,27,IND,PF,24,3,424,19.7,0.636,0.528,0.231,3.3,24.4,13.6,21.2,1.3,0.2,11.3,24.8,0.7,0.3,1.1,0.124,3.4,-0.4,3,0.5
404,Khaman Maluach,19,PHO,C,46,1,411,14,0.586,0.2,0.295,12.8,23.5,18,2,0.6,7.7,17.4,14.8,0.2,0.6,0.8,0.099,-3.7,0,-3.7,-0.2
405,Myron Gardner,24,MIA,SF,45,7,411,15.2,0.606,0.52,0.211,9.8,21.1,15.4,14,2.3,1.7,11.2,15,0.8,0.6,1.4,0.163,-1.1,1.9,0.9,0.3
406,Andre Jackson Jr.,24,MIL,SG,48,1,408,6.8,0.425,0.504,0.269,7,12.9,10,14,2.3,1,18.9,17.8,-0.7,0.3,-0.4,-0.047,-5.7,-1.4,-7.1,-0.5
407,Killian Hayes,24,SAC,PG,23,3,406,8.8,0.422,0.457,0.203,1.1,14.2,7.4,26.3,2.5,0.9,15.7,18.7,-0.5,0.2,-0.3,-0.031,-5.1,-0.9,-6,-0.4
408,Jae'Sean Tate,30,HOU,SF,46,1,405,10.7,0.567,0.294,0.101,9.2,10.8,10,8.3,1.2,0.7,12.3,13.5,0.4,0.4,0.8,0.095,-3.2,-0.7,-3.9,-0.2
409,Julian Reese,22,WAS,PF,13,10,402,14.4,0.557,0,0.37,14.4,22.3,18.3,8.4,2.1,1.7,18.8,17.7,0.1,0.3,0.3,0.041,-2.9,-2.2,-5.1,-0.3
410,Dejounte Murray,29,NOP,PG,14,14,389,18.1,0.58,0.341,0.247,1.1,19.9,10.4,35.4,2.8,0.7,18.9,26.6,0.2,0.4,0.6,0.072,0.8,0.5,1.4,0.3
411,Trae Young,27,2TM,PG,15,15,384,21.1,0.612,0.452,0.548,1.1,7.4,4.2,45.8,1.6,0.5,15.1,28.1,1.2,0.2,1.4,0.174,4.2,-1.4,2.8,0.5
411,Trae Young,27,ATL,PG,10,10,280,19.8,0.577,0.437,0.541,0,5.9,2.9,45.1,1.7,0.3,13.5,28.8,0.7,0.2,1,0.163,3.5,-1.7,1.8,0.3
411,Trae Young,27,WAS,PG,5,5,104,24.5,0.723,0.5,0.571,4.1,11.6,7.7,47.5,1.4,0.8,19.8,26.3,0.4,0,0.4,0.202,6.3,-0.7,5.6,0.2
412,Tyson Etienne,26,BRK,PG,24,2,380,11.9,0.588,0.745,0.248,1.4,7.1,4.1,16.9,1.4,0,9,20.3,0.4,0.1,0.5,0.069,-0.8,-2,-2.8,-0.1
413,Bronny James,21,LAL,SG,42,1,375,9,0.517,0.496,0.061,1.6,5.4,3.6,18.1,2.5,1,17.5,16.7,-0.2,0.3,0.1,0.018,-3.4,-0.9,-4.3,-0.2
414,Nick Smith Jr.,21,LAL,SG,30,1,375,10.2,0.552,0.534,0.093,1,6,3.6,12,1.2,0.5,11.1,22,-0.1,0.2,0.1,0.013,-2.1,-2.6,-4.7,-0.3
415,Cameron Payne,31,PHI,PG,22,1,374,14.4,0.514,0.651,0.148,0.9,12.1,6.4,21.8,3.1,1.8,6.5,19.2,0.4,0.5,0.8,0.106,-0.7,1,0.3,0.2
416,Liam McNeeley,20,CHO,SF,31,0,368,10.6,0.588,0.632,0.411,4.1,18.1,11.2,8.7,0.7,0.8,10.4,14.4,0.5,0.4,0.9,0.112,-1.3,0,-1.3,0.1
417,Blake Wesley,22,POR,SG,31,0,361,10.8,0.511,0.29,0.379,2.4,9.4,5.9,24.8,2.1,1.2,17.6,19.8,-0.1,0.4,0.3,0.038,-3.7,0.1,-3.6,-0.1
418,Jeremiah Robinson-Earl,25,2TM,PF,22,3,361,9.3,0.468,0.41,0.18,10.6,20.4,15.5,5.6,1.2,0.2,10,14.1,0,0.3,0.2,0.03,-3.5,-1.7,-5.2,-0.3
418,Jeremiah Robinson-Earl,25,IND,PF,17,3,300,8.6,0.443,0.398,0.169,11.4,20.8,16,5.3,1.1,0.3,10.1,14,-0.1,0.2,0.1,0.016,-3.6,-1.9,-5.4,-0.3
418,Jeremiah Robinson-Earl,25,DAL,PF,5,0,61,12.9,0.586,0.471,0.235,7,18.9,13,6.7,1.5,0,9.6,14.2,0.1,0.1,0.1,0.097,-3,-1.1,-4.1,0
419,Kelly Olynyk,34,SAS,C,42,0,360,13.5,0.59,0.49,0.396,7.4,15.1,11.3,17.6,2,0.7,17.6,16,0.4,0.6,1,0.13,-1.3,1.3,-0.1,0.2
420,Malachi Smith,26,BRK,SG,15,4,359,13.7,0.605,0.465,0.081,3.7,13.4,8.3,21.2,1.7,1,12,14.2,0.5,0.2,0.7,0.094,-0.1,-0.8,-0.8,0.1
421,Christian Koloko,25,3TM,C,27,4,357,8.8,0.453,0.122,0.203,9.3,15.4,12.3,6.4,1.9,5.9,16.6,11.3,-0.2,0.4,0.3,0.038,-5.9,1.2,-4.7,-0.2
421,Christian Koloko,25,LAL,C,2,0,6,-0.3,,,,0,18.9,9.8,0,0,0,,0,0,0,0,0.026,-6.7,-1.6,-8.4,0
421,Christian Koloko,25,MEM,C,11,2,195,9,0.394,0.029,0.114,10.4,14.1,12.2,6.5,2.4,6.1,16,9.3,-0.1,0.2,0.1,0.029,-4.8,1.7,-3.1,-0.1
421,Christian Koloko,25,ATL,C,14,2,156,8.8,0.502,0.205,0.282,8.2,17,12.5,6.4,1.2,5.8,17,14.1,-0.1,0.2,0.2,0.05,-7.2,0.7,-6.6,-0.2
422,Kennedy Chandler,23,UTA,PG,11,2,355,13,0.529,0.277,0.314,1.8,9.7,5.6,29.4,1.5,0.5,12.9,20.7,0.2,0,0.2,0.029,-2.5,-3.1,-5.7,-0.3
423,Cam Whitmore,21,WAS,SF,21,0,354,13.7,0.528,0.331,0.183,5.7,12,8.8,6.5,2,2,9,23.7,-0.1,0.1,0,-0.002,-1.1,-2.1,-3.3,-0.1
424,E.J. Liddell,25,BRK,PF,26,5,349,12.6,0.6,0.468,0.234,4.4,19.4,11.5,11,0.9,2.7,10.9,17.2,0.3,0.2,0.5,0.074,-2.2,-1.2,-3.3,-0.1
425,Brooks Barnhizer,23,OKC,SG,40,0,348,7.9,0.451,0.338,0.141,6.2,17.7,12.2,7.8,1.5,1.4,11.7,10.6,-0.1,0.6,0.6,0.082,-4.1,1,-3.1,-0.1
426,Chaney Johnson,23,BRK,SF,17,1,348,16,0.635,0.319,0.372,10.4,16.3,13.2,16.4,2.1,2.4,15.5,16.2,0.6,0.3,0.9,0.128,-0.3,0.4,0.1,0.2
427,Isaiah Livers,27,PHO,PF,36,0,347,7.6,0.469,0.625,0.188,5.9,13.9,9.8,7.7,1.9,2.2,14.8,9.9,0,0.4,0.4,0.057,-3.7,1.2,-2.5,0
428,Lachlan Olbrich,22,CHI,C,37,2,344,12,0.47,0.247,0.519,14.1,20.4,17.3,15.8,1.6,2,14.5,13.4,0.2,0.3,0.5,0.075,-3.3,-0.2,-3.4,-0.1
429,Ty Jerome,28,MEM,SG,15,15,339,25.6,0.616,0.465,0.26,3.5,10.1,6.7,44.9,2.2,1.1,10.1,32.7,1.1,0.2,1.3,0.191,8.2,-0.6,7.7,0.8
430,Ron Harper Jr.,25,BOS,SF,29,3,318,13.1,0.55,0.727,0.036,5.3,11.2,8.3,9.5,1.6,2.9,6.7,16.4,0.4,0.4,0.8,0.119,0.2,0.9,1.1,0.3
431,Joan Beringer,19,MIN,PF,40,3,314,21.3,0.683,0,0.378,16.1,16.1,16.1,5.6,1.1,7.2,8.8,16.8,1,0.5,1.5,0.222,0.2,0.2,0.4,0.2
432,Jalen Slawson,26,IND,SF,13,6,311,12.6,0.562,0.519,0.221,2.4,17.9,10,15.7,3.1,3.8,16.8,13.9,0,0.4,0.5,0.07,-2.2,1.8,-0.4,0.1
433,Kevon Looney,29,NOP,C,21,8,308,13.6,0.458,0.217,0.167,16.6,24.8,20.6,14,1.4,3.1,12.3,9.9,0.4,0.3,0.7,0.109,-1.2,-0.6,-1.8,0
434,Tyler Burton,25,MEM,SF,12,0,307,9.5,0.521,0.589,0.241,2.8,15.1,8.8,5.4,1.7,1.2,8.2,18.3,-0.1,0.2,0.1,0.023,-3.4,-1.9,-5.3,-0.3
435,Yang Hansen,20,POR,C,43,1,300,3.7,0.413,0.42,0.34,7.1,16.8,11.9,9.8,0.5,3,21.8,19.9,-0.8,0.3,-0.5,-0.075,-8.9,-0.6,-9.5,-0.6
436,Pat Connaughton,33,CHO,SG,42,0,297,12.9,0.586,0.612,0.235,5.8,17.2,11.6,8.4,1.8,0.3,10.5,14.9,0.3,0.4,0.7,0.113,-0.2,0.3,0.1,0.2
437,LJ Cryer,24,GSW,PG,18,1,292,9.9,0.59,0.803,0.162,1.5,9.3,5.3,9,0.5,0,10,20.3,0.2,0.1,0.3,0.045,-1.8,-2.9,-4.7,-0.2
438,Max Strus,29,CLE,SF,12,5,288,12.8,0.609,0.774,0.085,3.5,21.3,12.4,11.3,0.5,0,7.6,17.4,0.4,0.2,0.7,0.116,0.1,-1.3,-1.2,0.1
439,Lindy Waters III,28,SAS,SG,40,0,285,7.5,0.532,0.898,0.034,1.2,9.5,5.5,8.5,1,0.3,7.3,14.2,0.1,0.3,0.4,0.063,-2.9,-0.3,-3.2,-0.1
440,Blake Hinson,26,UTA,SF,14,3,285,16.5,0.684,0.687,0.139,4.1,8.6,6.3,8.3,0.8,0.7,3.9,18.3,0.7,0,0.7,0.112,2.5,-3,-0.6,0.1
441,Zach Edey,23,MEM,C,11,11,284,20.7,0.669,0.051,0.327,16.1,30.6,23.3,6.6,1.2,6.8,18.8,20.2,0.4,0.4,0.8,0.134,-0.6,1.1,0.5,0.2
442,Jordan McLaughlin,29,SAS,PG,44,0,282,12,0.542,0.506,0.089,2.7,9.3,6.1,17.2,3.4,0.6,15.5,14.5,0.1,0.5,0.6,0.1,-1.9,2.5,0.6,0.2
443,Keshad Johnson,24,MIA,SF,32,0,280,15.2,0.582,0.423,0.279,9.6,13.4,11.5,3.9,2.5,2.5,10,18.9,0.3,0.4,0.6,0.11,-1.3,0,-1.3,0.1
444,Malevy Leons,26,GSW,SF,25,2,276,12.2,0.516,0.222,0.264,11.9,9.5,10.7,11.4,2.5,3,13.9,14.4,0.2,0.3,0.5,0.087,-3,0.2,-2.8,-0.1
445,Malaki Branham,22,WAS,SG,28,0,275,14,0.604,0.407,0.374,4.6,12.7,8.6,11.8,1.7,1,12.4,18.4,0.3,0,0.4,0.064,-0.8,-1.5,-2.2,0
446,Cormac Ryan,27,MIL,SG,11,2,271,16.9,0.692,0.578,0.255,3.4,8.3,5.8,10.8,2,1.1,13,21.3,0.5,0.1,0.6,0.114,1,-1.8,-0.8,0.1
447,Chaz Lanier,24,DET,SG,34,0,262,6.6,0.436,0.753,0.067,3.5,6.3,4.9,8.2,1.3,0,3.2,15,0,0.3,0.3,0.046,-3.8,-1.3,-5.1,-0.2
448,Duop Reath,29,POR,C,32,0,258,10.6,0.613,0.743,0.081,4.1,11.9,8,5.4,0.9,2.8,8.4,13.2,0.3,0.2,0.6,0.103,-0.9,0,-0.9,0.1
449,KJ Simpson,23,2TM,PG,20,2,257,8.1,0.426,0.404,0.182,4.1,12,8.1,23,3.1,0,19,21.8,-0.5,0.3,-0.1,-0.023,-5.4,0.4,-5.1,-0.2
449,KJ Simpson,23,CHO,PG,14,2,223,7.8,0.437,0.438,0.18,2.6,11.9,7.3,22.1,3.3,0,20,22.8,-0.5,0.3,-0.2,-0.033,-5.6,0.3,-5.3,-0.2
449,KJ Simpson,23,DEN,PG,6,0,34,10.1,0.322,0.1,0.2,13.8,12.6,13.2,29.1,1.4,0,8.4,15.2,0,0,0,0.048,-4.1,0.7,-3.4,0
450,John Poulakidas,22,DAL,SG,13,0,253,12,0.611,0.846,0.077,1.7,10.8,6.3,6.1,1.3,1.3,4.1,16.2,0.3,0.2,0.5,0.095,-1,-1.2,-2.2,0
451,Jonathan Mogbo,24,TOR,PF,40,0,249,12.8,0.608,0.023,0.318,8.6,22.5,15.5,12.9,2.2,3.1,21.8,11.1,0.2,0.4,0.6,0.12,-2.6,1.9,-0.7,0.1
452,Adama-Alpha Bal,22,MEM,SG,8,1,241,9.6,0.573,0.647,0.147,2.6,8.7,5.6,10.6,1.8,0.4,7.7,13.5,0.2,0.1,0.3,0.065,-3.6,-1.8,-5.4,-0.2
453,Nate Williams,26,GSW,SG,14,2,239,11.3,0.592,0.341,0.17,9.2,4.8,7,8.8,1,0,13.7,19.5,0.2,0.1,0.3,0.052,-2.1,-2.9,-5,-0.2
454,Drew Timme,25,LAL,PF,27,1,235,12.6,0.658,0.379,0.136,5.2,11.1,8.2,13.7,1.2,0,15.7,15.4,0.3,0.1,0.4,0.092,-0.8,-1.4,-2.2,0
455,DeJon Jarreau,28,MEM,SG,11,0,231,9.7,0.473,0.361,0.277,5.5,18.6,12,21.8,2.1,3.2,21.8,21.4,-0.4,0.2,-0.2,-0.035,-4.9,-0.3,-5.2,-0.2
456,Chris Paul,40,LAC,PG,16,0,228,8.1,0.413,0.536,0.036,3.1,10.9,7.1,30.6,2.4,0,22,14.2,-0.1,0.2,0.1,0.017,-4,-0.2,-4.2,-0.1
457,A.J. Lawson,25,TOR,SG,24,0,226,13.4,0.588,0.577,0.231,4.5,17.2,10.8,4.2,2.6,1.7,6.5,17.5,0.2,0.4,0.6,0.121,-1.3,0.4,-1,0.1
458,Lucas Williamson,27,MEM,SG,7,2,224,8,0.465,0.707,0.107,5.2,13.3,9.2,10.8,2.3,0.4,11.3,16.4,-0.1,0.2,0,0.005,-5.4,-2.1,-7.6,-0.3
459,JD Davison,23,HOU,PG,28,0,218,11.4,0.477,0.5,0.297,1.5,15.5,8.6,20.7,1.4,2.5,8.8,15.3,0.2,0.3,0.5,0.102,-2.4,1.3,-1.1,0
460,Toby Okani,24,MEM,SG,6,4,217,4.1,0.408,0.443,0.114,4.4,6.1,5.2,3.7,0.9,1.3,3.9,14.7,-0.3,0,-0.2,-0.052,-6.8,-3.9,-10.7,-0.5
461,PJ Hall,23,2TM,C,19,2,214,15.9,0.599,0.085,0.492,17.6,21.7,19.7,6.6,0.7,4.3,18.2,17.3,0.3,0.3,0.6,0.125,-1.6,-0.7,-2.3,0
461,PJ Hall,23,MEM,C,7,0,27,18.9,0.63,0.333,0.333,11.8,24.5,18,11,0,6.8,8.8,17.4,0.1,0,0.1,0.151,1.7,0.1,1.8,0
461,PJ Hall,23,CHO,C,12,2,187,15.4,0.594,0.04,0.52,18.5,21.3,19.9,6,0.8,3.9,19.6,17.3,0.2,0.3,0.5,0.121,-2.1,-0.8,-2.9,0
462,Scotty Pippen Jr.,25,MEM,PG,10,6,212,14.7,0.537,0.333,0.24,4,7.3,5.6,33.8,4.2,1.7,20.3,26.1,-0.1,0.2,0.1,0.025,-2.5,-0.3,-2.8,0
463,DaRon Holmes,23,DEN,PF,25,6,210,13.4,0.692,0.738,0.23,4.5,13.8,9.3,10.2,0.2,2.7,15.2,16.4,0.3,0.1,0.4,0.103,0.7,-1.2,-0.5,0.1
464,Yuki Kawamura,24,CHI,PG,18,0,209,11.4,0.514,0.712,0.365,3.6,13,8.4,28.2,2,0,18.8,14.8,0.2,0.1,0.3,0.069,-2.7,-1,-3.7,-0.1
465,RayJ Dennis,24,3TM,PG,17,0,206,6.2,0.425,0.542,0.108,4.1,9.7,6.9,21.9,0.9,1.7,16.4,21.4,-0.4,0.1,-0.3,-0.072,-4.7,-1.3,-6,-0.2
465,RayJ Dennis,24,IND,PG,13,0,168,6.4,0.421,0.528,0.125,5.1,8.6,6.8,21.6,0.8,2,15.6,22.7,-0.4,0.1,-0.3,-0.085,-4,-1.3,-5.2,-0.1
465,RayJ Dennis,24,LAC,PG,1,0,4,-6,,,,0,56.7,29.1,0,0,0,100,11.1,0,0,0,-0.272,-15.3,-0.2,-15.5,0
465,RayJ Dennis,24,ATL,PG,3,0,34,6.5,0.455,0.636,0,0,9.7,4.8,26.2,1.4,0,15.4,15.9,0,0,0,0.017,-6.9,-1.6,-8.5,-0.1
466,DeAndre Jordan,37,NOP,C,12,7,199,15.7,0.671,0,0.531,13.9,27.4,20.6,7.2,1,4.7,18.6,10.1,0.3,0.2,0.6,0.134,-0.4,0.2,-0.2,0.1
467,Garrison Mathews,29,IND,SG,15,1,196,11.2,0.628,0.885,0.442,1.1,8.5,4.7,6.9,1.5,1.3,4.6,14.1,0.3,0.1,0.4,0.097,-1.3,0,-1.3,0
468,MarJon Beauchamp,25,PHI,SF,14,1,196,13.4,0.563,0.618,0.25,3.8,14.1,8.9,11.1,2.2,1.9,13.4,21,0,0.2,0.2,0.06,-0.6,-1,-1.6,0
469,Nigel Hayes-Davis,31,PHO,SF,27,0,195,4.2,0.356,0.348,0.087,6.6,12.4,9.4,4.6,2,1,14.3,12.1,-0.3,0.2,-0.1,-0.023,-6.4,-0.8,-7.3,-0.3
470,Chris Youngblood,23,2TM,SG,34,0,185,10.4,0.527,0.857,0.159,4.3,11.8,8.2,8.5,1,1.6,2.9,16.2,0.2,0.3,0.5,0.117,-2.2,-0.1,-2.3,0
470,Chris Youngblood,23,OKC,SG,32,0,174,10,0.505,0.85,0.167,4.5,12.6,8.7,8.2,1.1,1.7,3,16.5,0.1,0.3,0.4,0.109,-2.6,-0.3,-2.8,0
470,Chris Youngblood,23,POR,SG,2,0,11,17,1,1,0,0,0,0,13.6,0,0,0,11.1,0.1,0,0.1,0.243,4,1.6,5.6,0
471,Zach Collins,28,CHI,C,10,0,184,17.9,0.666,0.328,0.313,9.4,22.8,16.2,12,0.5,1.9,12.1,18.8,0.4,0.1,0.5,0.137,1,-0.7,0.2,0.1
472,Dariq Whitehead,21,MEM,SF,6,2,183,8.7,0.51,0.645,0.075,1.2,13.2,7.1,7.5,1,0,9.4,24.1,-0.2,0.1,-0.2,-0.047,-3.6,-4.4,-8,-0.3
473,Xavier Tillman Sr.,27,2TM,C,30,1,183,11,0.461,0.391,0.087,11.8,14.3,13.1,9.3,2.5,2.6,14.3,13.1,0,0.3,0.3,0.077,-2.8,1,-1.8,0
473,Xavier Tillman Sr.,27,BOS,C,14,1,111,11.2,0.5,0.484,0,10.1,14.5,12.4,6,2.7,1.8,13.9,14.1,0,0.2,0.2,0.081,-2.2,1,-1.2,0
473,Xavier Tillman Sr.,27,CHO,C,16,0,72,10.8,0.388,0.2,0.267,14.4,13.9,14.1,14.5,2.1,3.8,15.2,11.6,0,0.1,0.1,0.072,-3.8,1,-2.8,0
474,Tre Scott,29,BRK,PF,6,4,182,9.4,0.456,0.38,0.12,6.1,14.2,9.9,8.2,2.2,2.6,7.1,13.6,-0.1,0.1,0.1,0.025,-4.2,-1.1,-5.3,-0.2
475,Jeff Green,39,HOU,PF,30,0,175,8.5,0.477,0.647,0.074,4.5,11.2,7.9,6.2,0.6,1.1,5.4,17.8,0.1,0.1,0.2,0.054,-3.4,-2.2,-5.6,-0.2
476,Mason Plumlee,35,2TM,C,20,3,172,13,0.769,0,1,11.2,23,17.2,14.7,2.8,0,37.3,7.9,0.2,0.3,0.5,0.146,-2,2.6,0.5,0.1
476,Mason Plumlee,35,CHO,C,14,2,125,13.5,0.752,0,1,9.2,26.6,18.1,16.5,2.4,0,34.2,8.9,0.2,0.2,0.4,0.142,-1.5,2.7,1.1,0.1
476,Mason Plumlee,35,SAS,C,6,1,47,11.6,0.868,0,1,16.5,13.3,14.9,9.9,4.1,0,51,5.3,0.1,0.1,0.2,0.156,-3.4,2.2,-1.2,0
477,Andersson Garcia,25,UTA,SF,5,2,169,8.3,0.394,0.448,0.31,10.6,16.4,13.4,10,2.2,2.3,17.5,9.7,0,0.1,0.1,0.014,-5.2,-0.5,-5.7,-0.2
478,Tyler Smith,21,DAL,PF,12,0,166,9.6,0.532,0.7,0.12,7.7,13.3,10.5,4.1,1.7,0,10.2,14.8,0,0.1,0.1,0.043,-3.3,-1.6,-4.8,-0.1
479,Hunter Tyson,25,DEN,PF,21,2,162,6.4,0.398,0.635,0.25,2.9,21.1,12.4,13,0.6,0.6,8,16.8,-0.2,0.1,0,-0.013,-5.2,-1.6,-6.8,-0.2
480,Nikola Topić,20,OKC,PG,10,2,160,8.1,0.489,0.294,0.098,4.9,7.8,6.4,36.5,1.5,0,32,21.2,-0.3,0.2,0,-0.014,-5.3,-3.2,-8.4,-0.3
481,Kevin McCullar Jr.,24,NYK,SF,21,0,155,9.9,0.508,0.511,0.106,7.9,12.3,10.1,17,2.9,0,19.6,16.9,0,0.2,0.2,0.059,-3.7,1,-2.8,0
482,Walker Kessler,24,UTA,C,5,5,154,20.6,0.786,0.216,0.541,15.7,22.3,18.9,13.7,2.1,5.6,25.9,16.5,0.3,0.1,0.5,0.148,1.6,1.7,3.3,0.2
483,Joe Ingles,38,MIN,SF,27,2,153,13,0.735,0.593,0.074,0,13.4,6.8,28.5,2.8,1.1,33.4,11.5,0.2,0.2,0.4,0.12,-1.2,1.4,0.2,0.1
484,Charles Bassey,25,4TM,C,13,0,153,22.7,0.681,0,0.426,16.4,25,20.6,6.8,1.3,6.7,9.7,17.2,0.4,0.2,0.7,0.211,1.4,0.5,1.9,0.2
484,Charles Bassey,25,MEM,C,2,0,31,12.6,0.376,0,0.375,24,28.4,26.2,8.5,1.5,3,9.7,13.8,0,0,0,0.067,-3.1,-1.4,-4.4,0
484,Charles Bassey,25,PHI,C,1,0,5,21.3,1,0,0,0,0,0,0,0,18.8,0,8.4,0,0,0,0.193,2.8,4.2,7,0
484,Charles Bassey,25,BOS,C,5,0,17,38.5,0.799,0,0.571,26.4,12.7,19.4,0,3,11.9,10.2,24.9,0.1,0,0.1,0.349,7.1,3.3,10.3,0.1
484,Charles Bassey,25,GSW,C,5,0,100,23.2,0.722,0,0.419,13.1,27.3,20.1,7.8,1,6.5,9.8,17.3,0.3,0.2,0.5,0.233,1.8,0.4,2.2,0.1
485,Adou Thiero,21,LAL,SF,25,0,149,10.7,0.578,0.097,0.71,7.3,14.4,11,8.7,2.3,1.2,18.1,14.6,0.1,0.2,0.2,0.071,-4.2,-0.2,-4.4,-0.1
486,Thanasis Antetokounmpo,33,MIL,SF,34,0,148,14,0.52,0.125,0.938,9.2,13.7,11.5,13.6,4.3,4,18.1,16.5,0,0.2,0.2,0.076,-3.5,1.8,-1.7,0
487,Alijah Martin,24,TOR,SG,23,0,146,9.2,0.437,0.42,0.38,6.9,9.4,8.2,10.6,2.7,2.6,12.1,19.5,-0.2,0.2,0,0.015,-4.6,0.2,-4.3,-0.1
488,Amari Williams,24,BOS,PF,22,2,146,9.7,0.573,0,0.7,6.9,22.8,15.1,8.5,1,6.9,29.6,11.1,0,0.3,0.2,0.077,-5,2.9,-2.1,0
489,Bismack Biyombo,33,SAS,C,25,1,141,4.5,0.636,0,0.467,3.9,15.6,9.9,4.2,1.4,1.3,30.7,7.8,0,0.2,0.2,0.057,-7.2,1.4,-5.8,-0.1
490,Tolu Smith,25,DET,PF,15,0,137,16.9,0.569,0,0.833,18.3,21.8,20.1,12.4,0.7,4.4,12.5,17.1,0.3,0.2,0.5,0.185,-0.9,0.9,0,0.1
491,Pacôme Dadiet,20,NYK,SG,29,0,136,9.6,0.454,0.667,0.229,3.3,19,11.1,11.5,1.1,0.8,5.4,17.6,0,0.2,0.2,0.062,-3,-0.2,-3.3,0
492,Mac McClung,27,2TM,SG,11,0,135,10.4,0.501,0.508,0.305,1.6,6.4,4,10.4,3.8,1.9,11.9,23.6,-0.2,0.1,0,-0.007,-5.6,0.5,-5.1,-0.1
492,Mac McClung,27,IND,SG,3,0,34,12.8,0.481,0.556,0.222,0,13.1,6.4,4.6,7,2.5,9.2,27.2,-0.1,0.1,0,-0.016,-5.6,6.1,0.5,0
492,Mac McClung,27,CHI,SG,8,0,101,9.6,0.509,0.488,0.341,2.1,4.2,3.2,12.4,2.8,1.7,12.9,22.4,-0.1,0.1,0,-0.005,-5.6,-1.3,-6.9,-0.1
493,Miles Kelly,23,DAL,PG,14,0,134,8.2,0.484,0.75,0.023,4,14.9,9.5,12,1.4,0.6,11.9,15.8,-0.1,0.1,0,0.013,-4.6,-0.5,-5.1,-0.1
494,Seth Curry,35,GSW,SG,10,0,133,16,0.654,0.51,0.245,3.3,6.8,5,11.3,1.1,0,3.6,18,0.4,0.1,0.4,0.152,1.6,-1.3,0.2,0.1
495,Bradley Beal,32,LAC,SG,6,6,121,5.1,0.476,0.396,0.167,2,2.8,2.4,12,1.2,0,14.9,22.2,-0.2,0,-0.2,-0.07,-6.7,-3.9,-10.6,-0.3
496,Kobe Bufkin,22,LAL,SG,16,1,119,6.2,0.416,0.52,0.24,1,11.4,6.4,11.2,0.8,2.3,8.3,22.1,-0.2,0.1,-0.1,-0.056,-6.2,-3.2,-9.4,-0.2
497,Kyle Lowry,39,PHI,PG,14,0,118,1.4,0.308,1,0.24,0,8.4,4.2,11.3,0.8,1.6,12.6,11.3,-0.2,0.1,-0.2,-0.062,-8.2,-2.2,-10.4,-0.3
498,Dereck Lively II,21,DAL,C,7,4,115,15,0.67,0,0.556,13,21,17,14.7,1.6,8.1,30.9,11.8,0.1,0.2,0.3,0.127,-3,3.6,0.6,0.1
499,Trey Alexander,22,NOP,SG,9,0,111,13.2,0.599,0.324,0.135,1,9.8,5.3,11.6,2.6,1.7,7.1,15.8,0.1,0.1,0.2,0.09,-1.5,-0.1,-1.6,0
500,Omer Yurtseven,27,GSW,C,9,0,104,9.1,0.501,0.154,0.692,13.7,18.6,16.1,10.4,0.9,0.9,21,17.5,0,0.1,0.1,0.024,-5.6,-2,-7.6,-0.1
501,Luke Travers,24,CLE,SG,12,0,103,10.2,0.35,0.444,0.25,9.7,16,12.8,10.8,3.3,3.7,7,17.5,-0.1,0.2,0.1,0.024,-4.2,1,-3.2,0
502,Patrick Baldwin Jr.,23,3TM,SF,9,1,102,11.8,0.549,0.519,0.259,12.8,12.3,12.6,6.4,1.4,4.5,14.3,14.7,0,0.1,0.1,0.05,-2.9,-1.5,-4.4,-0.1
502,Patrick Baldwin Jr.,23,LAC,SF,2,0,12,23.6,1.025,0.75,0.5,0,9.4,4.8,0,0,0,17,21.7,0.1,0,0.1,0.214,5.2,-0.4,4.8,0
502,Patrick Baldwin Jr.,23,PHI,SF,1,0,2,6.3,,,,0,55.2,27.3,0,0,0,,0,0,0,0,0.085,-5,-3.1,-8.1,0
502,Patrick Baldwin Jr.,23,SAC,SF,6,1,88,10.3,0.456,0.478,0.217,14.8,11.8,13.3,7.4,1.6,5.2,13.7,14.1,0,0.1,0,0.027,-4,-1.6,-5.6,-0.1
503,Alondes Williams,26,WAS,SG,4,0,101,19.1,0.745,0.538,0.308,5.2,21.7,13.3,16.8,1.4,2.6,14.5,14.3,0.3,0,0.3,0.155,1.5,-0.5,1.1,0.1
504,Taj Gibson,40,MEM,C,10,1,97,13.6,0.576,0.231,0.308,12.1,18.2,15.1,8.4,1,0.9,3.3,13.1,0.2,0.1,0.3,0.134,-1.4,-2.1,-3.5,0
505,Javonte Cooke,26,POR,SG,19,0,94,-0.1,0.275,0.561,0.049,4.5,17.5,11,9.9,3,0,17.7,22,-0.5,0.1,-0.3,-0.175,-10.5,-1.1,-11.7,-0.2
506,Chris Boucher,33,BOS,PF,9,0,94,7.7,0.392,0.6,0.16,2.4,18.3,10.5,4,2.7,7.5,3.6,12.8,-0.1,0.2,0.1,0.064,-5.9,2.7,-3.1,0
507,Isaiah Crawford,24,HOU,SF,14,0,92,9.8,0.526,0.542,0.25,3.7,15.4,9.6,7,1.1,3,13.1,14,0,0.1,0.1,0.069,-3,0.1,-3,0
508,Haywood Highsmith,29,PHO,SF,7,0,91,17.6,0.729,0.609,0.304,7.1,8.8,7.9,10.7,2.2,0,0,12.2,0.4,0.1,0.5,0.238,2.7,1.2,3.8,0.1
509,Johnny Juzang,24,MIN,SG,21,0,88,12.1,0.518,0.632,0.211,6.4,14.7,10.6,9.7,1.1,1,10.7,22.3,0,0.1,0.1,0.038,-1.6,-1.7,-3.3,0
510,TyTy Washington Jr.,24,LAC,PG,16,0,88,13.4,0.553,0.421,0,1.4,6.4,4,26.2,3.4,3.2,13.6,11.1,0.1,0.1,0.2,0.121,-0.8,2.6,1.9,0.1
511,Curtis Jones,24,DEN,SG,10,0,88,10.8,0.52,0.667,0.074,2.7,10.9,7,14.7,2.2,0,6.7,14.7,0.1,0.1,0.1,0.072,-3,-0.5,-3.5,0
512,Tristan Enaruna,24,CLE,SF,9,0,85,16.2,0.587,0.357,0.286,9.1,9,9.1,11.2,2.8,0,8.7,17.1,0.2,0.1,0.2,0.137,-0.5,-0.4,-1,0
513,Koby Brea,23,PHO,SG,12,0,84,13.6,0.61,0.833,0.056,1.3,9.6,5.3,17.7,0.6,0,9.8,20.7,0.2,0.1,0.2,0.117,1.7,-1.4,0.2,0
514,Trey Jemison,26,NYK,C,13,0,82,4.3,0.623,0,0.1,10.9,13.7,12.3,7.5,0.6,2.5,48.9,10.7,-0.1,0.1,0,-0.018,-8.3,-0.3,-8.6,-0.1
515,Josh Oduro,25,NOP,PF,3,1,82,11.8,0.636,0.118,0.353,14.3,15.9,15.1,6.6,0,0,9.2,11,0.2,0,0.2,0.109,-3.5,-4.3,-7.7,-0.1
516,Caleb Houstan,23,ATL,SF,18,0,75,16.4,0.769,0.808,0.115,7.1,8.8,8,7.4,1.3,1.2,12.8,17.4,0.2,0.1,0.2,0.16,1.6,-1.2,0.3,0
517,Eric Gordon,37,PHI,SG,6,0,74,14.4,0.754,0.667,0.095,1.5,1.5,1.5,5.8,2.6,1.3,12.1,14.2,0.1,0.1,0.2,0.116,2.1,0.3,2.4,0.1
518,Keshon Gilbert,22,2TM,SG,4,0,74,8.5,0.564,0.25,0.583,2.9,4.4,3.6,21,1.9,4.8,34.7,13,0,0,0,-0.005,-4.1,-0.4,-4.6,0
518,Keshon Gilbert,22,WAS,PG,3,0,48,4.5,0.521,0.5,1,4.4,6.8,5.6,7.4,2,7.3,51,10.2,-0.1,0,-0.1,-0.089,-6.2,-0.4,-6.6,-0.1
518,Keshon Gilbert,22,ATL,SG,1,0,26,15.9,0.59,0.125,0.375,0,0,0,46.1,1.8,0,17.7,18.1,0.1,0,0.1,0.15,-0.3,-0.6,-0.9,0
519,Garrett Temple,39,TOR,SG,22,0,73,5.7,0.448,0.8,0.6,1.5,12.5,7,14.9,2.7,2.6,27,15.3,-0.1,0.1,0,-0.022,-5.9,1,-4.9,-0.1
520,David Roddy,24,DEN,PF,5,0,73,20.4,0.605,0.367,0.233,12.9,17.6,15.3,7.9,2.7,1.3,5.7,20.9,0.2,0.1,0.3,0.185,0.7,-0.7,0,0
521,Bobi Klintman,22,DET,SF,12,0,71,4.5,0.388,0.481,0.111,8,21.8,15,10.9,2,0,17.5,20.1,-0.2,0.1,-0.1,-0.043,-7.7,-1,-8.7,-0.1
522,David Jones García,24,SAS,SF,11,0,68,20.9,0.579,0.2,0.24,6.5,13.8,10.3,37.2,4.2,1.3,15.3,20.2,0.1,0.1,0.3,0.205,2.6,3.8,6.4,0.1
523,Antonio Reeves,25,CHO,SG,10,0,68,12.4,0.675,0.65,0,3.4,9.8,6.6,6.3,0.7,0,4.8,13.1,0.1,0,0.2,0.13,1.2,0.1,1.3,0.1
524,Kadary Richmond,24,WAS,SG,3,0,67,20,0.722,0.25,0.188,1.6,14.7,8,16.6,5.7,1.3,10.4,12,0.2,0.1,0.2,0.175,-0.8,4.4,3.6,0.1
525,Monte Morris,30,IND,PG,6,0,65,6.9,0.414,0.4,0.2,1.6,10.3,5.9,18.7,0.7,1.3,8.4,15.5,-0.1,0,0,-0.028,-4.5,-1.4,-5.9,-0.1
526,Drew Peterson,26,CHO,PF,6,0,64,0.6,0.148,0.75,0.125,5.4,10.4,7.9,3.8,2.3,1.4,0,11.2,-0.2,0.1,-0.1,-0.077,-8.3,-1.5,-9.8,-0.1
527,Payton Sandfort,23,OKC,SF,4,0,63,13.1,0.63,0.654,0.154,1.8,14.9,8.6,0,0.8,0,3.5,19.8,0.1,0.1,0.2,0.125,-2.5,-3.3,-5.8,-0.1
528,Dalano Banton,26,2TM,PG,6,0,62,7,0.436,0.083,0.333,3.7,5.2,4.5,22.9,1.6,8.1,36.8,15.3,-0.1,0.1,-0.1,-0.044,-5.3,1.3,-4,0
528,Dalano Banton,26,LAC,PG,2,0,10,27.8,0.75,0,0,11.9,0,5.8,37.1,5,0,20,22.2,0,0,0,0.227,7.3,5.2,12.5,0
528,Dalano Banton,26,BOS,PG,4,0,52,3,0.307,0.125,0.5,2.2,6.2,4.2,20.2,1,9.7,41.8,14,-0.2,0.1,-0.1,-0.095,-7.7,0.6,-7.1,-0.1
529,Wendell Moore Jr.,24,DET,SG,6,0,60,8.9,0.635,0.143,0.286,1.9,9.2,5.6,8,1.6,3.3,11.3,6.2,0.1,0.1,0.1,0.116,-3,1.8,-1.3,0
530,DaQuan Jeffries,28,SAC,SG,3,0,60,16.3,0.731,0.474,0.263,5.4,3.8,4.7,2.5,1.6,0,0,15,0.2,0,0.2,0.165,0.9,-1.1,-0.2,0
531,Jahmir Young,25,MIA,PG,14,0,58,8.5,0.483,0.36,0.08,3.6,3.6,3.6,21.1,0.8,0,10.4,20.3,0,0,0,0.016,-4.8,-1.9,-6.7,-0.1
532,James Wiseman,24,IND,C,4,1,58,4.1,0.597,0,0.2,9.2,5.8,7.5,7,0,1.5,31.5,11.6,0,0,0,-0.028,-8,-1,-9,-0.1
533,Riley Minix,25,2TM,SF,9,0,58,19.1,0.72,0.522,0.13,3.8,7.5,5.6,14.1,1.7,1.6,11,19.8,0.1,0.1,0.2,0.162,1.9,-0.1,1.8,0.1
533,Riley Minix,25,SAS,SF,3,0,8,44.7,0.75,0.5,0,13.8,13.1,13.4,31,6,0,0,31.6,0.1,0,0.1,0.43,18.1,7.5,25.5,0.1
533,Riley Minix,25,CLE,SF,6,0,50,15,0.71,0.529,0.176,2.2,6.6,4.4,11.4,1,1.9,14.1,17.9,0.1,0,0.1,0.119,-0.7,-1.3,-2,0
534,Johni Broome,23,PHI,C,11,0,55,0.4,0.188,0.208,0.25,13.7,18.1,15.9,9.2,2.6,3.4,10.1,22.8,-0.3,0.1,-0.2,-0.212,-11.9,-4.4,-16.2,-0.2
535,Cody Martin,30,IND,SF,4,0,55,3,0.277,0.5,0.6,1.9,26.3,13.8,4.5,3.5,3.1,24,12.8,-0.2,0.1,-0.1,-0.103,-10.1,2.1,-8,-0.1
536,Lawson Lovering,22,MEM,C,2,1,49,13.7,0.574,0,0.5,13,20.2,16.6,8.3,2.9,1.9,14.1,12.1,0.1,0.1,0.1,0.106,-3.7,0.1,-3.6,0
537,Chris Mañon,24,LAL,SG,9,0,46,11.7,0.451,0.5,0.667,5.3,19.7,12.7,7.8,5.3,4,11.4,8.3,0,0.1,0.1,0.115,-4.6,4.7,0.1,0
538,Mouhamadou Gueye,27,CHI,PF,2,0,45,12.8,0.627,0.455,0.364,4.8,9.3,7.1,17.9,2.1,1.9,19,14.6,0,0,0.1,0.086,-2.2,-1.7,-3.9,0
539,Mo Bamba,27,2TM,C,4,0,44,12.9,0.455,0,0,24.1,30.3,27.1,3,0,6.6,15.4,12.2,0,0,0.1,0.056,-4.3,-3.6,-8,-0.1
539,Mo Bamba,27,TOR,C,2,0,6,-2.8,0,0,0,18.8,19.1,18.9,0,0,16.1,0,14.3,0,0,0,-0.159,-18.8,-2.5,-21.3,0
539,Mo Bamba,27,UTA,C,2,0,38,15.4,0.556,0,0,25,32.1,28.4,3.5,0,5.1,18.2,11.9,0,0,0.1,0.09,-2.1,-3.8,-5.9,0
540,Zyon Pullin,24,MIN,SG,5,0,43,18.8,0.779,0.231,0.308,2.6,5,3.8,31,1.1,0,16.9,17.4,0.2,0,0.2,0.222,0.2,-1.3,-1.1,0
541,Isaiah Stevens,25,SAC,PG,3,0,43,16.5,0.571,0.143,0.571,5.1,2.7,3.9,29.3,5.6,0,18.6,10.6,0.1,0,0.1,0.133,-1.2,3.4,2.2,0
542,John Tonje,24,BOS,SG,6,0,42,9.1,0.476,0.714,0.286,0,15.4,7.9,6.1,2.4,0,0,16.3,0,0.1,0.1,0.101,-6.3,1.2,-5.1,0
543,Hunter Dickinson,25,NOP,C,5,0,42,3.8,0.403,0.286,0.143,5.1,7.8,6.4,6.3,1.1,4.5,16.8,17.7,-0.1,0,-0.1,-0.094,-8.4,-2.9,-11.4,-0.1
544,Dario Šarić,31,SAC,C,5,0,41,0.6,0.363,0.5,0.333,2.7,14,8.2,5.8,0,0,22.5,9.2,-0.1,0,-0.1,-0.081,-6.7,-2.3,-9,-0.1
545,CJ Huntley,24,PHO,SF,4,0,40,10.9,0.545,0.273,0,5.4,8.6,6.9,7.1,1.2,0,0,11.7,0.1,0,0.1,0.099,-3.9,-0.5,-4.4,0
546,Dillon Jones,24,NYK,SF,7,0,39,10.3,0.418,0.556,0.444,5.7,14.4,10,12.3,3.8,0,0,11.8,0,0.1,0.1,0.134,-5.4,2.8,-2.6,0
547,Olivier Sarr,26,CLE,C,4,0,39,17.5,0.761,0.429,0.714,5.7,25.3,15.5,16.6,2.5,7.3,17.9,12.1,0.1,0.1,0.2,0.203,-1.7,4.3,2.6,0
548,Skal Labissière,29,WAS,PF,3,0,38,16.3,0.65,0.5,0,8.3,17.3,12.7,11.1,2.5,2.3,9.1,12.1,0.1,0,0.1,0.12,-0.1,0.4,0.3,0
549,Enrique Freeman,25,MIN,PF,4,0,37,15.6,0.666,0.5,0.5,6.1,23.3,14.8,7,2.6,7,17,13.4,0,0.1,0.1,0.162,-1.5,1.5,0,0
550,Max Shulga,23,BOS,SG,11,1,36,0.2,0.394,0.5,0.25,9.4,9,9.2,6.8,1.4,0,25.3,14.3,-0.1,0,0,-0.038,-10.9,-0.5,-11.5,-0.1
551,Markelle Fultz,27,TOR,PG,5,0,36,-2,0.182,0,0,0,3.2,1.6,26.8,2.7,0,26.7,17.9,-0.2,0,-0.2,-0.209,-12.3,-4,-16.3,-0.1
552,Rocco Zikarsky,19,MIN,C,5,0,36,21,0.717,0,0.5,6.2,35.9,21.4,7.5,0,12,9.3,12.6,0.1,0.1,0.2,0.237,0.7,1.7,2.4,0
553,Isaac Jones,25,2TM,PF,7,1,36,6.4,0.514,0.286,0.571,6,9.2,7.8,3.5,0,2.8,10.2,11.3,0,0,0,0.038,-5.9,-2.2,-8.1,-0.1
553,Isaac Jones,25,SAC,PF,3,1,17,5.7,0.521,0.5,1,12.8,0,6.6,7.3,0,0,0,7.2,0,0,0,0.058,-6.3,-1.9,-8.2,0
553,Isaac Jones,25,DET,PF,4,0,19,7,0.51,0.2,0.4,0,17.4,8.9,0,0,5.2,14.5,15.1,0,0,0,0.021,-5.6,-2.4,-8,0
554,Grant Nelson,23,BRK,PF,4,0,35,17.6,0.634,0,1.111,3.1,17.6,10,22.5,1.4,13.3,23,21.7,0,0.1,0.1,0.098,-2.6,4.8,2.2,0
555,Emanuel Miller,25,CHI,PF,5,0,33,15,0.54,0.462,0.154,3.3,6.4,4.8,17.4,2.8,0,0,17.5,0.1,0,0.1,0.111,1.6,0.9,2.5,0
556,Jahmyl Telfort,24,LAC,PF,8,0,32,-5.3,0.087,1,1,0,10.6,5.5,3.7,1.6,0,14.8,9.4,-0.1,0,-0.1,-0.163,-12.1,-1.7,-13.8,-0.1
557,Sean Pedulla,23,LAC,PG,7,0,31,6.6,0.433,0.667,0,0,11,5.6,23.8,0,0,6.3,22.9,0,0,0,-0.03,-6.9,-4.9,-11.8,-0.1
558,Harrison Ingram,23,SAS,SF,7,0,26,15.8,0.917,0.167,0,12.8,0,6.2,5.4,0,0,14.3,11.3,0.1,0,0.1,0.178,3.6,-1.4,2.3,0
559,Hunter Sallis,22,PHI,SG,7,0,26,2,0.595,0,0.4,0,4.2,2.1,20.6,0,3.6,46,17.7,-0.1,0,-0.1,-0.149,-7.7,-2.9,-10.6,-0.1
560,Mark Sears,23,MIL,PG,7,0,26,15.2,0.666,0.615,0.615,4.4,4.3,4.3,12.5,0,0,19.5,34.9,0,0,0,0.013,2.4,-4.6,-2.2,0
561,Orlando Robinson,25,ORL,C,4,1,25,14.6,0.7,0.4,0,8.8,9,8.9,16.5,1.9,0,0,8.4,0.1,0,0.1,0.196,0.8,0.6,1.4,0
562,Hayden Gray,22,UTA,SG,1,0,25,9.4,0.773,0.333,0.667,0,0,0,5,1.9,3.9,20.5,8,0,0,0,0.044,-3.7,-1.6,-5.3,0
563,Vladislav Goldin,24,MIA,C,9,0,24,14.7,0.788,0,0.25,12.9,26.1,19.4,15.9,0,11.1,40.3,12.6,0,0,0.1,0.121,-5,4.5,-0.5,0
564,Norchad Omier,24,LAC,PF,6,0,24,31.5,0.751,0.1,0.3,19.9,14.2,17,15.2,2.1,0,0,20.9,0.2,0,0.2,0.38,6.2,-0.1,6,0
565,Alex Morales,28,ORL,PG,4,0,24,0.9,0.508,0.143,0.286,4.6,9.4,7,23.1,0,0,33.7,20.9,-0.1,0,-0.1,-0.104,-12.2,-3.8,-16,-0.1
566,Jayson Kent,23,POR,SF,5,0,22,17.3,0.672,0.571,0.143,0,25,12.3,0,2.2,4,0,13.8,0,0,0.1,0.181,0.6,3.6,4.2,0
567,Alex Antetokounmpo,24,MIL,SF,6,0,21,28.6,0.651,0.875,1.875,10.9,21.4,16.2,6.8,0,4.8,6.4,32.8,0.1,0,0.1,0.282,7.3,-1.9,5.4,0
568,Colin Castleton,25,ORL,C,4,0,21,7.9,0.46,0,0.2,10.5,32.2,21.3,6.3,2.3,0,26.9,15,0,0,0,-0.003,-6.1,-1.5,-7.7,0
569,Brandon Clarke,29,MEM,PF,2,2,20,12.3,0.372,0,0.444,21.3,11,16.2,7.1,4.7,0,0,22.4,0,0,0,0.038,-4.7,-0.2,-4.9,0
570,Jacob Toppin,25,ATL,SF,5,0,17,15.2,0.667,0,0,0,6.5,3.2,8.8,0,5.3,0,14.7,0,0,0,0.13,-0.1,0.6,0.5,0
571,Chris Livingston,22,CLE,SF,3,0,17,15.4,0.605,0.429,0.143,0,19.3,9.7,8.9,2.8,0,0,18.4,0,0,0.1,0.164,-4.7,2.1,-2.7,0
572,Trevor Keels,22,MIA,SG,8,0,15,2.8,0.333,0.75,0,0,13.9,6.9,0,3.1,0,0,32.6,-0.1,0,-0.1,-0.197,-9.4,-5.2,-14.5,0
573,Buddy Boeheim,26,OKC,SF,4,0,15,4.6,0.5,1,0,0,0,0,0,0,0,0,17.3,0,0,0,0.012,-3.8,-4.5,-8.4,0
574,N'Faly Dante,24,ATL,C,4,0,15,12.4,0.338,0,0.25,21.4,29.4,25.3,0,6.3,0,18.4,15.1,0,0,0,0.051,-3.7,-0.8,-4.5,0
575,Chucky Hepburn,22,TOR,PG,2,0,13,-13.5,0,0.833,0,0,8.8,4.4,17.4,3.8,0,14.3,23.1,-0.1,0,-0.1,-0.441,-20.7,-3.1,-23.8,-0.1
576,Tristen Newton,24,HOU,SG,1,0,12,32.8,0.581,0.556,0.333,18.7,9.1,13.9,0,4.2,0,0,36.2,0.1,0,0.1,0.28,8.5,0,8.4,0
577,Tosan Evbuomwan,24,NYK,SF,5,0,8,-0.3,0,0,0,13.9,14,14,0,0,0,0,5.4,0,0,0,-0.025,-8.5,-3,-11.5,0
578,Stanley Umude,26,SAS,SG,2,0,7,11.6,0.5,0.5,0,0,0,0,18.8,6.9,0,0,12,0,0,0,0.165,-6.7,7.1,0.4,0
579,Colby Jones,23,DET,SG,1,0,7,12.9,0.333,0.667,0,0,63.1,32.1,37.8,0,0,0,17.8,0,0,0,0.124,-3.2,5.7,2.4,0
580,Noa Essengue,19,CHI,PF,2,0,6,-11.9,0,0.667,0,0,0,0,0,7.8,0,0,20.8,-0.1,0,-0.1,-0.417,-20.7,-3,-23.7,0
581,Trentyn Flowers,20,CHI,SF,2,0,6,16.7,0.667,0.333,0,17.9,0,8.8,30.5,0,0,25,27.8,0,0,0,0.023,1.7,-2.7,-1,0
582,Darius Brown II,26,CLE,SG,1,0,3,-7.7,0,0,0,0,36.5,18.3,0,0,0,0,14,0,0,0,-0.269,-16.3,-2.4,-18.7,0
