Rk,Player,Age,Team,Pos,G,GS,MP,FG,FGA,FG%,3P,3PA,3P%,2P,2PA,2P%,eFG%,FT,FTA,FT%,ORB,DRB,TRB,AST,STL,BLK,TOV,PF,PTS
1,Luka Dončić,26,LAL,PG,64,64,35.8,10.8,22.8,0.476,4,10.8,0.366,6.9,11.9,0.575,0.563,7.9,10.1,0.78,0.6,7.1,7.7,8.3,1.6,0.5,4,2.4,33.5
2,Shai Gilgeous-Alexander,27,OKC,PG,68,68,33.2,10.8,19.4,0.553,1.7,4.4,0.386,9.1,15,0.602,0.597,7.9,9,0.879,0.6,3.7,4.3,6.6,1.4,0.8,2.2,2,31.1
3,Anthony Edwards,24,MIN,SG,61,60,35,9.9,20.2,0.489,3.4,8.4,0.399,6.5,11.8,0.554,0.572,5.7,7.2,0.796,0.6,4.4,5,3.7,1.4,0.8,2.9,1.9,28.8
4,Jaylen Brown,29,BOS,SF,71,71,34.4,10.4,21.7,0.477,2,5.7,0.347,8.4,16,0.523,0.522,6,7.5,0.795,1.1,5.8,6.9,5.1,1,0.4,3.6,2.7,28.7
5,Tyrese Maxey,25,PHI,PG,70,70,38,9.9,21.4,0.462,3.1,8.6,0.367,6.8,12.9,0.525,0.536,5.3,6,0.892,0.3,3.8,4.1,6.6,1.9,0.8,2.4,2.2,28.3
6,Kawhi Leonard,34,LAC,SF,65,65,32.1,9.8,19.4,0.505,2.6,6.8,0.387,7.1,12.5,0.569,0.573,5.7,6.4,0.892,1.1,5.3,6.4,3.6,1.9,0.4,2,1.2,27.9
7,Donovan Mitchell,29,CLE,SG,70,70,33.5,9.7,20,0.483,3.2,8.8,0.364,6.5,11.2,0.577,0.563,5.3,6.1,0.865,0.7,3.8,4.5,5.7,1.5,0.3,2.8,2.3,27.9
8,Nikola Jokić,30,DEN,C,65,65,34.8,9.9,17.4,0.569,1.7,4.5,0.38,8.2,12.9,0.636,0.618,6.1,7.4,0.831,3,9.9,12.9,10.7,1.4,0.8,3.7,2.7,27.7
9,Giannis Antetokounmpo,31,MIL,PF,36,36,28.9,10.4,16.6,0.624,0.4,1.3,0.333,9.9,15.4,0.647,0.636,6.4,9.9,0.65,2.7,7.1,9.8,5.4,0.9,0.7,3.2,2.4,27.6
10,Joel Embiid,31,PHI,C,38,38,31.6,9,18.3,0.489,1.4,4.2,0.333,7.6,14.2,0.535,0.527,7.5,8.8,0.854,2,5.7,7.7,3.9,0.6,1.2,2.9,2.2,26.9
11,Lauri Markkanen,28,UTA,PF,42,42,34.4,9.1,19.2,0.477,2.7,7.7,0.355,6.4,11.5,0.559,0.548,5.7,6.4,0.896,2,4.9,6.9,2.1,1,0.5,1.5,1.8,26.7
12,Stephen Curry,37,GSW,PG,43,41,30.9,8.7,18.6,0.468,4.4,11.3,0.393,4.3,7.3,0.584,0.587,4.7,5.1,0.923,0.4,3.2,3.6,4.7,1.1,0.4,2.8,1.7,26.6
13,Devin Booker,29,PHO,SG,64,64,33.5,8.5,18.7,0.456,1.9,5.8,0.33,6.6,12.9,0.512,0.507,7.1,8.1,0.873,0.8,3.1,3.9,6,0.8,0.3,3.1,2.6,26.1
14,Jalen Brunson,29,NYK,PG,74,74,35,9.3,19.9,0.467,2.6,7.1,0.369,6.7,12.8,0.522,0.533,4.8,5.7,0.841,0.4,2.9,3.3,6.8,0.8,0.1,2.4,2.3,26
15,Kevin Durant,37,HOU,SF,78,78,36.4,9.2,17.6,0.52,2.4,5.8,0.413,6.8,11.9,0.572,0.588,5.2,6,0.874,0.5,4.9,5.5,4.8,0.8,0.9,3.2,1.8,26
16,Jamal Murray,28,DEN,PG,75,75,35.4,8.8,18.1,0.483,3.3,7.5,0.435,5.5,10.6,0.517,0.573,4.6,5.2,0.887,0.4,4,4.4,7.1,0.9,0.4,2.3,1.7,25.4
17,Victor Wembanyama,22,SAS,C,64,55,29.2,8.6,16.9,0.512,1.9,5.5,0.349,6.7,11.4,0.59,0.569,5.8,7,0.827,2,9.5,11.5,3.1,1,3.1,2.4,2.4,25
18,Deni Avdija,25,POR,SF,66,66,33.3,7.5,16.1,0.462,1.9,6,0.318,5.6,10.2,0.547,0.521,7.4,9.2,0.802,1.1,5.8,6.9,6.7,0.8,0.6,3.8,2.5,24.2
19,Michael Porter Jr.,27,BRK,SF,52,52,32.5,8.5,18.4,0.463,3.4,9.3,0.363,5.2,9.1,0.567,0.555,3.8,4.4,0.859,1.3,5.7,7.1,3,1.1,0.3,2.3,2.2,24.2
20,Pascal Siakam,31,IND,PF,62,62,33.2,9,18.6,0.484,1.7,4.7,0.358,7.3,13.9,0.527,0.529,4.2,6.1,0.693,1.4,5.2,6.6,3.8,1.1,0.4,2.2,2.4,24
21,Cade Cunningham,24,DET,PG,64,64,33.9,8.6,18.6,0.461,2,5.7,0.342,6.6,12.9,0.514,0.513,4.8,6,0.812,0.9,4.7,5.5,9.9,1.4,0.8,3.7,3.1,23.9
22,James Harden,36,2TM,PG,70,70,34.8,7,16,0.434,3.1,8.2,0.375,3.9,7.9,0.495,0.529,6.6,7.5,0.884,0.6,4.2,4.8,8,1.1,0.4,3.5,2,23.6
22,James Harden,36,LAC,PG,44,44,35.4,7.3,17.5,0.419,3.1,8.8,0.347,4.3,8.7,0.492,0.506,7.7,8.5,0.901,0.6,4.2,4.8,8.1,1.3,0.4,3.7,1.9,25.4
22,James Harden,36,CLE,PG,26,26,33.8,6.3,13.5,0.466,3.1,7.1,0.435,3.2,6.5,0.5,0.58,4.8,5.8,0.84,0.5,4.3,4.8,7.7,0.8,0.5,3.2,2.1,20.5
23,Keyonte George,22,UTA,PG,54,54,33.1,7.4,16.3,0.456,2.5,6.7,0.371,5,9.6,0.515,0.532,6.2,7,0.892,0.4,3.3,3.7,6.1,1.1,0.3,3.1,2.2,23.6
24,Austin Reaves,27,LAL,SG,51,45,34.5,7.3,14.9,0.49,2.3,6.4,0.36,5,8.5,0.588,0.567,6.3,7.3,0.871,0.6,4.1,4.7,5.5,1.1,0.4,3,2.2,23.3
25,Jalen Johnson,24,ATL,SF,72,72,35.2,8.3,17.1,0.489,1.7,4.7,0.352,6.7,12.3,0.541,0.537,4.2,5.3,0.788,1.4,8.9,10.3,7.9,1.2,0.4,3.4,2.1,22.5
26,Paolo Banchero,23,ORL,PF,72,72,34.8,7.3,16,0.459,1.2,3.8,0.305,6.2,12.2,0.507,0.496,6.3,8.2,0.775,1.2,7.2,8.4,5.2,0.7,0.6,3.1,2,22.2
27,Jayson Tatum,27,BOS,PF,16,16,32.6,7.4,17.9,0.411,2.9,8.9,0.329,4.4,9,0.493,0.493,4.1,4.9,0.823,0.5,9.5,10,5.3,1.4,0.2,2.4,1.6,21.8
28,Norman Powell,32,MIA,SG,58,52,29.6,7.3,15.4,0.47,2.7,7.1,0.38,4.6,8.4,0.546,0.558,4.5,5.5,0.827,0.4,3.1,3.5,2.5,1.1,0.2,1.9,2.2,21.7
29,Brandon Ingram,28,TOR,SF,77,77,33.8,8,16.7,0.477,1.8,4.6,0.382,6.2,12.1,0.512,0.529,3.8,4.6,0.82,0.8,4.8,5.6,3.7,0.8,0.7,2.4,1.9,21.5
30,Trey Murphy III,25,NOP,SF,66,66,35.5,7.5,15.9,0.47,3.2,8.6,0.379,4.2,7.3,0.577,0.572,3.3,3.7,0.886,1,4.8,5.7,3.8,1.5,0.4,1.8,2.1,21.5
31,Julius Randle,31,MIN,PF,79,79,33,7.3,15.3,0.481,1.4,4.4,0.315,6,10.9,0.547,0.526,5,6.3,0.802,1.7,5.1,6.7,5,1.1,0.2,2.7,2.8,21.1
32,Cooper Flagg,19,DAL,SF,70,70,33.5,8,17.1,0.468,1,3.5,0.295,7,13.6,0.513,0.498,4,4.9,0.827,1.2,5.4,6.7,4.5,1.2,0.9,2.3,2,21
33,Zion Williamson,25,NOP,PF,62,55,29.7,7.8,13,0.6,0,0.1,0.25,7.8,13,0.601,0.6,5.4,7.5,0.716,2,3.7,5.7,3.2,1,0.5,2,2.3,21
34,LeBron James,41,LAL,SF,60,60,33.2,7.9,15.3,0.515,1.3,4.1,0.317,6.6,11.3,0.586,0.557,3.9,5.3,0.737,0.7,5.4,6.1,7.2,1.2,0.6,3,1.4,20.9
35,Nickeil Alexander-Walker,27,ATL,SG,78,71,33.4,7,15.3,0.459,3.2,8.1,0.399,3.8,7.3,0.525,0.564,3.6,3.9,0.902,0.7,2.8,3.4,3.7,1.3,0.5,2.1,2.2,20.8
36,Shaedon Sharpe,22,POR,SG,50,42,29.4,7.8,17.4,0.452,2.1,6.1,0.337,5.8,11.2,0.514,0.511,3.1,3.9,0.787,1,3.3,4.3,2.6,1.4,0.1,2.9,2,20.8
37,Franz Wagner,24,ORL,SF,34,32,30,7.2,14.9,0.481,1.4,4.1,0.345,5.8,10.8,0.533,0.529,4.8,5.8,0.823,1.3,3.9,5.2,3.3,0.9,0.3,1.7,2.1,20.6
38,Tyler Herro,26,MIA,SG,33,28,31.3,7.5,15.6,0.48,2.5,6.7,0.378,4.9,8.9,0.556,0.561,3,3.3,0.917,0.4,4.4,4.8,4.1,0.7,0.4,1.9,1.9,20.5
39,Anthony Davis,32,DAL,PF,20,20,31.3,8.5,16.7,0.506,0.5,1.9,0.27,8,14.9,0.535,0.521,3,4.1,0.728,3.1,8,11.1,2.8,1.1,1.7,2.1,2.1,20.4
40,Alperen Şengün,23,HOU,C,72,72,33.3,8.1,15.6,0.519,0.6,1.8,0.305,7.5,13.8,0.547,0.537,3.6,5.2,0.691,3,5.9,8.9,6.2,1.2,1.1,3.2,3.3,20.4
41,Dillon Brooks,30,PHO,SF,56,56,30.4,7.4,17.1,0.435,2.3,6.6,0.344,5.2,10.5,0.492,0.501,3,3.6,0.842,0.8,2.9,3.6,1.8,1,0.2,1.8,3.3,20.2
42,Brandon Miller,23,CHO,SF,65,65,30.3,7,16.1,0.435,3.1,8.2,0.383,3.8,7.9,0.489,0.533,3.1,3.4,0.892,1.1,3.8,4.9,3.3,1,0.7,2.5,2.8,20.2
43,Bam Adebayo,28,MIA,C,73,73,32.4,6.9,15.7,0.442,1.7,5.5,0.318,5.2,10.2,0.509,0.497,4.5,5.8,0.778,2,8,10,3.2,1.2,0.7,1.6,1.7,20.1
44,LaMelo Ball,24,CHO,PG,72,69,28,7,17.3,0.407,3.8,10.3,0.368,3.3,7,0.464,0.516,2.2,2.5,0.899,0.9,3.9,4.8,7.1,1.2,0.2,2.8,2.7,20.1
45,Desmond Bane,27,ORL,SG,82,82,33.6,7.1,14.7,0.484,2,5.2,0.391,5.1,9.5,0.535,0.553,3.8,4.2,0.908,1.2,2.9,4.1,4.1,1,0.5,2,3.1,20.1
46,Karl-Anthony Towns,30,NYK,C,75,75,31,6.9,13.8,0.501,1.5,4.1,0.368,5.4,9.7,0.557,0.556,4.8,5.5,0.858,3.1,8.7,11.9,3,0.9,0.5,2.5,3.4,20.1
47,Jimmy Butler,36,GSW,SF,38,38,31.1,6.3,12.2,0.519,0.8,2.2,0.376,5.5,9.9,0.552,0.554,6.5,7.6,0.864,2.3,3.2,5.6,4.9,1.4,0.2,1.6,1.2,20
48,Ty Jerome,28,MEM,SG,15,15,22.6,6.8,14.3,0.474,2.8,6.7,0.42,4,7.7,0.522,0.572,3.3,3.7,0.875,0.7,2.1,2.8,5.7,1.1,0.3,1.8,2.1,19.7
49,Jalen Duren,22,DET,C,70,70,28.2,7.5,11.5,0.65,0,0,,7.5,11.5,0.65,0.65,4.6,6.1,0.747,3.8,6.7,10.5,2,0.8,0.8,1.9,2.8,19.5
50,Ja Morant,26,MEM,PG,20,20,28.5,6.6,16.1,0.41,1,4.3,0.235,5.6,11.9,0.473,0.441,5.3,5.9,0.897,0.4,2.9,3.3,8.1,1,0.3,3.6,2,19.5
51,Jaren Jackson Jr.,26,2TM,C,48,48,30.3,7.1,15,0.476,1.8,4.9,0.357,5.4,10.1,0.533,0.534,3.4,4.2,0.803,0.9,4.8,5.7,2,1.1,1.4,2.2,3.7,19.4
51,Jaren Jackson Jr.,26,MEM,C,45,45,30.7,7.1,14.9,0.475,1.8,4.9,0.359,5.3,10,0.531,0.534,3.3,4.2,0.797,0.9,4.8,5.8,1.9,1,1.5,2.2,3.8,19.2
51,Jaren Jackson Jr.,26,UTA,C,3,3,24,8,16.3,0.49,1.7,5,0.333,6.3,11.3,0.559,0.541,4.7,5.3,0.875,0.3,4,4.3,2.7,2,0.3,2.3,3,22.3
52,RJ Barrett,25,TOR,SF,57,57,30.3,7,14.3,0.491,1.7,5,0.339,5.4,9.4,0.572,0.55,3.5,4.9,0.717,1,4.3,5.3,3.3,0.7,0.3,1.7,2.6,19.3
53,Zach LaVine,30,SAC,SG,39,37,31.4,6.7,14,0.479,2.5,6.5,0.39,4.2,7.5,0.556,0.569,3.2,3.6,0.88,0.2,2.6,2.8,2.3,0.7,0.3,1.9,2.1,19.2
54,Darius Garland,26,2TM,PG,45,43,29.9,6.9,14.9,0.46,2.7,6.8,0.396,4.2,8.1,0.514,0.551,2.3,2.7,0.861,0.4,2,2.4,6.7,1,0.2,2.9,1.9,18.8
54,Darius Garland,26,CLE,PG,26,26,30.5,6.5,14.5,0.451,2.3,6.3,0.36,4.3,8.2,0.521,0.529,2.6,3,0.861,0.5,2,2.4,6.9,0.8,0.1,2.8,1.8,18
54,Darius Garland,26,LAC,PG,19,17,29.1,7.3,15.5,0.471,3.3,7.6,0.438,4,7.9,0.503,0.578,1.9,2.3,0.86,0.3,2,2.3,6.4,1.2,0.3,3,1.9,19.9
55,CJ McCollum,34,2TM,PG,76,60,29.8,6.9,15.2,0.455,2.5,6.7,0.375,4.4,8.5,0.519,0.538,2.4,3.1,0.772,0.8,2.5,3.3,3.9,0.8,0.5,1.8,1.9,18.7
55,CJ McCollum,34,WAS,SG,35,35,30.9,6.9,15.1,0.454,2.7,7,0.393,4.1,8.1,0.505,0.544,2.3,2.9,0.804,0.7,2.9,3.5,3.6,0.7,0.3,1.7,2.1,18.8
55,CJ McCollum,34,ATL,PG,41,25,28.8,7,15.2,0.456,2.3,6.5,0.357,4.6,8.8,0.529,0.532,2.5,3.3,0.748,1,2.2,3.1,4.1,1,0.6,1.9,1.7,18.7
56,De'Aaron Fox,28,SAS,PG,72,72,31,7.1,14.5,0.486,1.8,5.5,0.332,5.3,9.1,0.58,0.549,2.6,3.4,0.76,0.6,3.2,3.8,6.2,1.2,0.3,2.3,2.3,18.6
57,Jerami Grant,31,POR,PF,57,38,29.7,5.8,12.8,0.453,2.4,6.1,0.389,3.4,6.7,0.513,0.547,4.6,5.6,0.814,1,2.5,3.5,2.1,0.7,0.6,2.1,2.5,18.6
58,Kon Knueppel,20,CHO,SF,81,80,31.5,6.4,13.4,0.475,3.4,7.9,0.425,3,5.5,0.548,0.601,2.4,2.8,0.863,1.2,4.1,5.3,3.4,0.7,0.2,2,2.1,18.5
59,DeMar DeRozan,36,SAC,PF,77,77,31.2,6.5,13.1,0.497,0.6,1.9,0.32,5.9,11.1,0.527,0.52,4.9,5.6,0.868,0.5,2.5,2.9,4.1,1,0.3,1.2,1.9,18.4
60,Amen Thompson,23,HOU,PG,79,79,37.4,7.1,13.2,0.534,0.3,1.5,0.216,6.7,11.7,0.573,0.545,3.8,4.9,0.779,3,4.8,7.8,5.3,1.5,0.6,2.4,2.2,18.3
61,Evan Mobley,24,CLE,PF,65,63,31.9,7.2,13.2,0.546,1,3.2,0.297,6.3,10,0.626,0.582,2.8,4.6,0.606,2.4,6.6,9,3.6,0.7,1.7,1.9,2.4,18.2
62,Scottie Barnes,24,TOR,PF,80,80,33.5,7.1,14,0.507,0.9,2.8,0.304,6.3,11.2,0.557,0.537,3,3.7,0.815,1.9,5.6,7.5,5.9,1.4,1.5,2.6,2.6,18.1
63,Trae Young,27,2TM,PG,15,15,25.6,5.4,11.8,0.458,1.8,5.3,0.338,3.6,6.5,0.557,0.534,5.3,6.5,0.825,0.3,1.7,2,8,0.9,0.1,2.6,2.2,17.9
63,Trae Young,27,ATL,PG,10,10,28,5.6,13.5,0.415,1.8,5.9,0.305,3.8,7.6,0.5,0.481,6.3,7.3,0.863,0,1.5,1.5,8.9,1,0.1,2.6,2,19.3
63,Trae Young,27,WAS,PG,5,5,20.8,5,8.4,0.595,1.8,4.2,0.429,3.2,4.2,0.762,0.702,3.4,4.8,0.708,0.8,2.2,3,6.2,0.6,0.2,2.6,2.6,15.2
64,Jalen Green,23,PHO,SG,32,27,25.9,6.8,16,0.422,2.2,7.1,0.313,4.5,8.9,0.509,0.491,2,2.7,0.747,0.5,3.1,3.6,2.8,1.1,0.3,2.3,1.3,17.8
65,Saddiq Bey,26,NOP,SF,72,64,31.2,6.1,13.4,0.451,2.1,5.7,0.367,4,7.7,0.514,0.529,3.4,4.1,0.841,1.7,3.9,5.6,2.5,0.9,0.1,0.9,1.3,17.7
66,Bennedict Mathurin,23,2TM,SF,54,25,30,5.4,12.5,0.43,1.4,4.4,0.315,4,8.1,0.492,0.485,5.4,6.2,0.869,1,4.4,5.4,2.4,0.8,0.2,2.2,2.5,17.6
66,Bennedict Mathurin,23,IND,SF,28,24,31.8,5.5,12.8,0.433,2.1,5.6,0.372,3.5,7.2,0.48,0.514,4.6,5.2,0.884,0.8,4.6,5.4,2.3,0.6,0.1,2.3,2.7,17.8
66,Bennedict Mathurin,23,LAC,SF,26,1,28,5.2,12.3,0.426,0.7,3.2,0.207,4.6,9.1,0.502,0.453,6.3,7.3,0.858,1.3,4.2,5.5,2.5,1,0.3,2.1,2.3,17.4
67,Coby White,25,2TM,SG,50,26,25,5.6,12.5,0.446,2.3,6.4,0.362,3.3,6.1,0.534,0.539,3.9,4.8,0.817,0.3,3.1,3.4,4,0.5,0.1,2.6,2.2,17.4
67,Coby White,25,CHI,SG,29,26,29.1,5.9,13.6,0.438,2.5,7.2,0.346,3.4,6.4,0.541,0.529,4.3,5.3,0.805,0.2,3.5,3.7,4.7,0.7,0.1,3,2.4,18.6
67,Coby White,25,CHO,SG,21,0,19.3,5,11,0.461,2,5.2,0.391,3,5.7,0.525,0.554,3.5,4.1,0.839,0.5,2.5,3,3,0.2,0.1,1.9,1.9,15.6
68,Kevin Porter Jr.,25,MIL,PG,38,36,33.2,6.3,13.5,0.465,1.2,3.8,0.322,5.1,9.8,0.52,0.51,3.6,4.1,0.878,0.9,4.3,5.2,7.4,2.2,0.5,2.9,2.3,17.4
69,Paul George,35,PHI,PF,37,37,30.7,6.1,13.9,0.439,2.7,6.9,0.392,3.4,7,0.484,0.536,2.5,3,0.82,0.5,4.8,5.3,3.6,1.7,0.4,1.7,2.3,17.3
70,Ryan Rollins,23,MIL,PG,74,67,32.1,6.6,13.9,0.472,2.5,6.1,0.406,4.1,7.8,0.523,0.561,1.7,2.1,0.796,0.7,3.8,4.6,5.6,1.5,0.4,2.7,2.6,17.3
71,Miles Bridges,27,CHO,PF,77,77,31,6.2,13.5,0.46,1.9,5.8,0.333,4.3,7.8,0.554,0.531,2.7,3.3,0.822,1,4.9,5.8,3.2,0.6,0.4,1.4,1.7,17.1
72,Chet Holmgren,23,OKC,PF,69,69,28.9,6.3,11.3,0.557,1.3,3.5,0.362,5,7.8,0.646,0.614,3.3,4.1,0.792,1.9,7,8.9,1.7,0.6,1.9,1.6,2.3,17.1
73,Jalen Williams,24,OKC,SG,33,33,28.4,6.5,13.5,0.484,0.7,2.3,0.299,5.8,11.2,0.523,0.51,3.3,3.9,0.837,0.8,3.8,4.6,5.5,1.2,0.3,1.9,2,17.1
74,Josh Giddey,23,CHI,PG,54,51,32.1,5.9,13.3,0.448,1.9,5.2,0.364,4,8,0.502,0.52,3.2,4.2,0.763,1.2,7.1,8.3,9.1,1,0.5,3.6,1.7,17
75,Payton Pritchard,28,BOS,PG,79,50,32.4,6.4,13.8,0.464,2.7,7.1,0.377,3.7,6.7,0.556,0.561,1.5,1.7,0.89,0.9,3.1,3.9,5.2,0.7,0.1,1.4,1.5,17
76,Andrew Nembhard,26,IND,PG,57,57,31.3,5.8,13.2,0.442,1.9,5.2,0.361,4,8,0.495,0.513,3.4,4.1,0.825,0.4,2.4,2.8,7.7,0.9,0.1,2.4,2.2,16.9
77,Kristaps Porziņģis,30,2TM,C,32,23,24,5.4,12.1,0.446,1.7,5,0.338,3.7,7.1,0.522,0.515,4.2,4.9,0.842,1.3,4,5.2,2.5,0.6,1.2,1.3,2.9,16.7
77,Kristaps Porziņģis,30,ATL,C,17,12,24.3,5.6,12.4,0.457,1.8,5.1,0.36,3.8,7.3,0.524,0.531,4,4.8,0.84,1.2,3.9,5.1,2.7,0.5,1.3,0.9,3.2,17.1
77,Kristaps Porziņģis,30,GSW,C,15,11,23.7,5.1,11.9,0.433,1.5,4.9,0.311,3.6,6.9,0.519,0.497,4.3,5.1,0.844,1.3,4.1,5.3,2.3,0.6,1.1,1.7,2.5,16.1
78,OG Anunoby,28,NYK,PF,67,67,33.2,5.8,12,0.484,2.3,6.1,0.386,3.5,5.9,0.584,0.581,2.7,3.3,0.828,1.3,4,5.2,2.2,1.6,0.7,1.8,2.4,16.7
79,Stephon Castle,21,SAS,PG,68,67,30,5.7,12,0.471,1.2,3.6,0.332,4.5,8.4,0.531,0.521,4.1,5.6,0.734,1.4,3.9,5.3,7.4,1.1,0.3,3.2,3.3,16.7
80,Dejounte Murray,29,NOP,PG,14,14,27.8,6.3,13,0.484,1.4,4.4,0.306,4.9,8.6,0.575,0.536,2.8,3.2,0.867,0.3,5.1,5.4,6.4,1.6,0.2,3.4,2.4,16.7
81,Grayson Allen,30,PHO,SG,51,27,28.8,5.3,13.1,0.403,3.1,8.9,0.349,2.2,4.2,0.519,0.522,2.8,3.3,0.857,0.7,2.3,3,3.8,1.4,0.3,1.6,2.3,16.5
82,Derrick White,31,BOS,SG,77,77,34.1,5.7,14.4,0.394,2.7,8.3,0.327,3,6.1,0.487,0.489,2.4,2.6,0.902,1.1,3.3,4.4,5.4,1.1,1.3,1.7,1.5,16.5
83,Immanuel Quickley,26,TOR,PG,70,70,31.9,5.7,12.9,0.443,2.5,6.8,0.374,3.2,6.1,0.52,0.541,2.4,3,0.821,0.5,3.5,4,5.9,1.3,0.1,1.5,2,16.4
84,Matas Buzelis,21,CHI,PF,77,77,29.2,5.8,12.5,0.463,2.2,6.4,0.349,3.5,6.1,0.583,0.553,2.4,3.1,0.786,1,4.8,5.8,2.1,0.7,1.5,2.1,2.3,16.3
85,Jrue Holiday,35,POR,PG,53,51,29.4,6,13.4,0.451,2.6,6.8,0.378,3.5,6.5,0.527,0.548,1.7,2,0.838,1.3,3.3,4.6,6.1,1,0.1,2.8,1.5,16.3
86,Alex Sarr,20,WAS,C,48,48,27.2,6.6,13.7,0.482,1,3.1,0.333,5.5,10.5,0.526,0.52,2.1,3,0.692,2.2,5.2,7.4,2.7,0.8,2,1.7,2.2,16.3
87,Dariq Whitehead,21,MEM,SF,6,2,30.5,6.2,15.5,0.398,3.2,10,0.317,3,5.5,0.545,0.5,0.8,1.2,0.714,0.3,3.7,4,1.5,0.7,0,1.7,2.2,16.3
88,Aaron Gordon,30,DEN,PF,36,33,27.9,5.5,11.1,0.497,1.7,4.4,0.389,3.8,6.7,0.568,0.574,3.5,4.5,0.767,1.4,4.4,5.8,2.7,0.6,0.3,1.1,1.7,16.2
89,VJ Edgecombe,20,PHI,SG,75,75,35,6,13.7,0.438,2,5.6,0.354,4,8.1,0.496,0.51,2,2.4,0.818,1.6,4,5.6,4.2,1.4,0.5,1.8,2.9,16
90,Domantas Sabonis,29,SAC,C,19,15,29.7,6.3,11.6,0.543,0.3,1.4,0.185,6.1,10.2,0.593,0.554,2.9,4.1,0.727,3.4,8,11.4,4.1,0.9,0.2,2.7,3.5,15.8
91,Jabari Smith Jr.,22,HOU,PF,77,77,35.1,5.7,12.6,0.45,2.3,6.3,0.363,3.4,6.3,0.537,0.541,2.1,2.7,0.775,1.4,5.5,6.9,1.9,0.7,0.9,1.4,2.5,15.8
92,Collin Sexton,27,2TM,SG,68,22,23.7,5.3,10.9,0.485,1.6,4.1,0.401,3.6,6.8,0.536,0.561,3.2,3.8,0.855,0.6,1.7,2.3,3.3,1.1,0.1,2.1,2.1,15.4
92,Collin Sexton,27,CHO,SG,42,12,22.3,4.8,9.9,0.488,1.4,3.5,0.393,3.5,6.4,0.539,0.557,3.2,3.7,0.877,0.4,1.5,1.9,3.7,0.9,0.2,2.1,1.8,14.2
92,Collin Sexton,27,CHI,SG,26,10,26,6.1,12.6,0.482,2.1,5.2,0.41,4,7.5,0.531,0.566,3.2,3.9,0.822,0.9,2,2.9,2.5,1.5,0.1,2,2.7,17.5
93,Jarrett Allen,27,CLE,C,56,56,27.1,6,9.4,0.638,0,0.2,0.1,6,9.3,0.649,0.639,3.3,4.7,0.709,2.6,5.9,8.5,1.8,1,0.8,1.3,1.7,15.4
94,Jaime Jaquez Jr.,24,MIA,SF,75,1,28.3,6.2,12.2,0.507,0.8,2.4,0.317,5.4,9.8,0.555,0.539,2.2,2.9,0.769,1.3,3.7,5,4.7,0.7,0.3,2,1.8,15.4
95,Andrew Wiggins,30,MIA,SF,68,68,30.3,5.7,12.1,0.475,2,4.9,0.414,3.7,7.2,0.516,0.559,1.9,2.4,0.784,1.7,3.1,4.8,2.7,1.1,1,1.5,2.3,15.4
96,Naji Marshall,28,DAL,SF,74,47,29.5,5.7,11.1,0.51,0.8,2.9,0.291,4.8,8.2,0.587,0.548,3.1,4.1,0.76,0.9,3.8,4.7,3.3,1.1,0.1,1.6,1.9,15.2
97,Onyeka Okongwu,25,ATL,C,74,63,31,5.6,11.6,0.48,1.9,5.2,0.376,3.6,6.4,0.564,0.564,2.1,2.7,0.757,1.9,5.7,7.6,3.1,1.1,1.1,1.7,3.3,15.2
98,Russell Westbrook,37,SAC,SF,64,58,29,5.6,13.1,0.427,2,5.9,0.338,3.6,7.2,0.5,0.503,2,2.9,0.694,1.3,4.2,5.4,6.7,1.3,0.2,3.3,2.3,15.2
99,Nikola Vučević,35,2TM,C,64,49,28.4,6.2,12.5,0.493,1.6,4.2,0.369,4.6,8.3,0.557,0.556,1.2,1.5,0.828,2,6.4,8.4,3.3,0.6,0.6,1.3,2,15.1
99,Nikola Vučević,35,CHI,C,48,48,30.8,6.9,13.8,0.505,1.7,4.5,0.376,5.2,9.2,0.568,0.567,1.3,1.5,0.838,2.1,6.9,9,3.8,0.7,0.6,1.4,2,16.9
99,Nikola Vučević,35,BOS,C,16,1,21.1,3.8,8.7,0.439,1.1,3.3,0.34,2.7,5.4,0.5,0.504,0.9,1.2,0.789,1.6,5.1,6.6,2,0.4,0.6,1,1.9,9.7
100,Anthony Black,22,ORL,PG,64,40,29.8,5.4,12.1,0.447,1.6,4.7,0.333,3.8,7.4,0.519,0.512,2.6,3.6,0.732,0.7,3.1,3.8,3.7,1.4,0.7,2.1,2.7,15
101,Kennedy Chandler,23,UTA,PG,11,2,32.3,5.5,12.5,0.445,1.4,3.5,0.395,4.2,9,0.465,0.5,2.5,3.9,0.651,0.5,2.8,3.4,6.7,1,0.2,2.1,2.1,15
102,Brice Sensabaugh,22,UTA,SF,75,22,23.5,5.3,11.4,0.46,2.2,5.9,0.367,3.1,5.5,0.559,0.554,2.2,2.7,0.826,0.7,2.3,3.1,1.9,0.7,0.2,1.7,1.9,14.9
103,Ayo Dosunmu,26,2TM,SG,69,19,27.3,5.6,10.8,0.517,1.8,4.1,0.439,3.8,6.8,0.563,0.599,1.8,2.1,0.876,0.7,2.8,3.4,3.6,0.8,0.3,1.4,1.9,14.8
103,Ayo Dosunmu,26,CHI,SG,45,10,26.4,5.6,10.8,0.514,1.9,4.3,0.451,3.6,6.5,0.556,0.604,2,2.3,0.857,0.7,2.3,3,3.6,0.8,0.3,1.4,1.7,15
103,Ayo Dosunmu,26,MIN,SG,24,9,28.9,5.7,10.9,0.521,1.5,3.6,0.414,4.2,7.3,0.575,0.59,1.5,1.7,0.925,0.6,3.6,4.2,3.5,1,0.3,1.5,2.2,14.4
104,Kyshawn George,22,WAS,SF,48,48,29,5.3,12,0.438,2.1,5.4,0.381,3.2,6.6,0.486,0.524,2.2,2.7,0.802,0.9,4.2,5.1,4.5,1,0.9,2.6,3.5,14.8
105,Jaden McDaniels,25,MIN,PF,73,73,31.7,5.7,11.1,0.515,1.4,3.4,0.412,4.3,7.7,0.562,0.579,2,2.4,0.835,1,3.2,4.2,2.7,1.1,1,1.8,3.3,14.8
106,Peyton Watson,23,DEN,SF,54,40,29.6,5.3,10.8,0.491,1.5,3.6,0.411,3.8,7.1,0.531,0.56,2.6,3.5,0.73,0.9,4,4.9,2.1,0.9,1.1,1.7,2.5,14.6
107,Mikal Bridges,29,NYK,SF,82,82,32.8,5.8,11.7,0.49,1.9,5.1,0.371,3.9,6.6,0.582,0.571,1,1.2,0.827,1,2.8,3.8,3.7,1.3,0.8,1,2,14.4
108,Walker Kessler,24,UTA,C,5,5,30.8,5.2,7.4,0.703,1.2,1.6,0.75,4,5.8,0.69,0.784,2.8,4,0.7,4.6,6.2,10.8,3,1.4,1.8,3.2,4.4,14.4
109,Anfernee Simons,26,2TM,SG,55,5,24.9,5.2,11.8,0.44,2.7,6.9,0.385,2.5,4.9,0.517,0.552,1.3,1.4,0.896,0.6,1.9,2.5,2.4,0.5,0.1,1.2,1.7,14.3
109,Anfernee Simons,26,BOS,SG,49,0,24.5,5.1,11.6,0.44,2.7,6.7,0.395,2.4,4.9,0.502,0.555,1.3,1.5,0.889,0.5,1.9,2.4,2.4,0.6,0.1,1.1,1.7,14.2
109,Anfernee Simons,26,CHI,SG,6,5,28.3,5.8,13.3,0.438,2.7,8.3,0.32,3.2,5,0.633,0.538,0.8,0.8,1,0.8,2,2.8,3,0,0.3,2.2,2,15.2
110,Jeremiah Fears,19,NOP,PG,82,49,25.8,5.3,12.3,0.434,1.2,3.7,0.33,4.1,8.5,0.48,0.485,2.4,3,0.789,0.7,2.9,3.7,3.4,1.2,0.4,2.2,1.8,14.3
111,Cormac Ryan,27,MIL,SG,11,2,24.6,4.8,9.3,0.52,2.5,5.4,0.458,2.4,3.9,0.605,0.652,2.2,2.4,0.923,0.7,1.8,2.5,1.7,1,0.3,1.5,2.5,14.3
112,Scoot Henderson,21,POR,PG,30,10,24.9,4.8,11.4,0.418,1.9,5.4,0.352,2.9,6,0.478,0.501,2.8,3.3,0.84,0.6,2.1,2.7,3.7,0.9,0.3,2.4,2.8,14.2
113,P.J. Washington,27,DAL,PF,56,53,31,5.3,11.8,0.45,1.4,4.2,0.325,3.9,7.6,0.519,0.508,2.2,3.3,0.687,1.5,5.5,7,1.8,1,1.1,1.7,2.1,14.2
114,Ivica Zubac,28,2TM,C,48,47,30.1,6,10,0.598,0,0,,6,10,0.598,0.598,2.1,3,0.711,3.4,7.2,10.6,2.2,0.4,0.8,1.8,2.3,14.1
114,Ivica Zubac,28,LAC,C,43,42,30.9,6.1,10,0.613,0,0,,6.1,10,0.613,0.613,2.2,3.1,0.705,3.4,7.6,11,2.2,0.4,0.8,1.9,2.4,14.4
114,Ivica Zubac,28,IND,C,5,5,23.6,5,10.6,0.472,0,0,,5,10.6,0.472,0.472,1.6,2,0.8,2.8,4.4,7.2,1.8,0.4,0.8,0.8,1.6,11.6
115,Tre Jones,26,CHI,PG,65,41,27,5.2,9.5,0.553,0.6,2,0.315,4.6,7.5,0.616,0.586,2.9,3.5,0.841,0.6,2.6,3.1,5.4,1.2,0.2,1.4,1.4,14.1
116,Kelly Oubre Jr.,30,PHI,SF,50,41,31.5,5.1,10.9,0.467,1.7,4.8,0.36,3.4,6.1,0.551,0.546,2.2,2.9,0.766,1,4,5,1.6,1.4,0.5,1.4,2.5,14.1
117,Santi Aldama,25,MEM,PF,43,11,27.9,5.3,11.1,0.479,1.6,4.7,0.35,3.7,6.4,0.572,0.553,1.8,2.7,0.667,1.6,5.1,6.7,2.9,0.9,0.7,1.3,1.6,14
118,Keegan Murray,25,SAC,PF,23,22,34.5,5.5,13,0.42,1.3,4.9,0.277,4.1,8.2,0.505,0.472,1.7,2.1,0.776,1.4,4.3,5.7,1.7,1,1.6,1.2,1.8,14
119,Devin Vassell,25,SAS,SG,67,65,30.5,4.9,11.3,0.437,2.5,6.4,0.384,2.4,4.8,0.508,0.547,1.6,1.9,0.815,0.6,3.4,4,2.5,0.9,0.4,0.9,1.6,13.9
120,Ace Bailey,19,UTA,SF,72,61,27.6,5.5,12.4,0.443,1.9,5.5,0.344,3.6,6.9,0.522,0.52,0.9,1.2,0.75,1.4,2.8,4.2,1.8,0.8,0.7,1.5,2.7,13.8
121,Aaron Nesmith,26,IND,SF,45,42,29.7,4.7,11.4,0.414,2.3,6.2,0.379,2.4,5.2,0.455,0.517,2,2.5,0.829,1.1,3.1,4.2,1.9,0.6,0.5,1.4,2.8,13.8
122,Brandin Podziemski,22,GSW,SG,82,43,28.5,4.8,10.6,0.455,1.9,5,0.371,2.9,5.5,0.531,0.543,2.3,2.9,0.797,0.9,4.2,5.1,3.7,1.1,0.2,1.6,1.7,13.8
123,Jalen Suggs,24,ORL,PG,57,56,27.6,4.9,11.4,0.435,2.1,6.3,0.339,2.8,5.1,0.554,0.529,1.8,2.1,0.855,0.6,3.2,3.9,5.5,1.8,0.7,2.7,2.5,13.8
124,De'Andre Hunter,28,2TM,SF,45,25,26.1,4.6,11.1,0.415,1.7,5.5,0.305,3,5.7,0.522,0.49,2.8,3.2,0.867,0.7,3.4,4.1,2,0.7,0.1,1.7,2.5,13.7
124,De'Andre Hunter,28,CLE,SF,43,23,26.2,4.7,11.2,0.423,1.7,5.5,0.308,3,5.7,0.535,0.499,2.8,3.2,0.869,0.7,3.6,4.2,2.1,0.7,0.1,1.7,2.5,14
124,De'Andre Hunter,28,SAC,SF,2,2,25.5,2,9.5,0.211,1,4.5,0.222,1,5,0.2,0.263,2.5,3,0.833,0.5,1,1.5,0.5,0,0,2,2.5,7.5
125,Bobby Portis,30,MIL,PF,67,9,24.2,5.5,11.2,0.488,2,4.4,0.456,3.4,6.8,0.509,0.578,0.7,1,0.706,1.3,5.1,6.4,1.6,0.6,0.2,1,1.6,13.7
126,John Collins,28,LAC,PF,69,56,27.1,5.3,9.6,0.552,1.3,3.2,0.406,4,6.4,0.625,0.62,1.7,2.2,0.766,1.6,3.7,5.3,1,0.9,0.7,1.4,2.7,13.6
127,Cedric Coward,22,MEM,SG,62,47,25.8,4.9,10.5,0.471,1.5,4.4,0.338,3.4,6,0.568,0.542,2.3,2.7,0.843,1.3,4.5,5.9,2.8,0.6,0.4,1.7,2,13.6
128,Zach Edey,23,MEM,C,11,11,25.8,5.6,8.9,0.633,0.1,0.5,0.2,5.5,8.5,0.656,0.638,2.3,2.9,0.781,3.9,7.2,11.1,1.1,0.6,1.9,2.4,3.4,13.6
129,Ajay Mitchell,23,OKC,SG,57,16,25.8,5,10.4,0.485,1.1,3.1,0.347,3.9,7.3,0.543,0.536,2.5,2.8,0.87,0.7,2.6,3.3,3.6,1.2,0.3,1.4,2.1,13.6
130,Naz Reid,26,MIN,C,77,3,26.1,5.2,11.3,0.456,2.1,5.8,0.362,3.1,5.5,0.556,0.549,1.2,1.6,0.732,1.2,5,6.2,2.2,1,1,1.6,2.5,13.6
131,Cam Thomas,24,2TM,SG,42,8,21,4.5,11,0.41,1.2,4,0.31,3.3,7,0.468,0.466,3.3,4,0.811,0.3,1.4,1.7,2.6,0.2,0.1,1.8,1,13.5
131,Cam Thomas,24,BRK,SG,24,8,24.3,5.1,12.8,0.399,1.6,4.9,0.325,3.5,8,0.445,0.461,3.8,4.5,0.843,0.4,1.4,1.8,3.1,0.2,0.1,2,1.3,15.6
131,Cam Thomas,24,MIL,SG,18,0,16.6,3.7,8.5,0.431,0.8,2.8,0.275,2.9,5.7,0.51,0.477,2.6,3.4,0.754,0.1,1.4,1.6,1.9,0.3,0.1,1.4,0.7,10.7
132,Tim Hardaway Jr.,33,DEN,SG,80,6,26.6,4.4,9.7,0.447,2.8,6.9,0.407,1.6,2.9,0.541,0.591,2,2.5,0.811,0.2,2.4,2.6,1.4,0.5,0.1,0.5,1.3,13.5
133,Reed Sheppard,21,HOU,SG,82,21,26.2,5,11.5,0.43,2.8,7,0.394,2.2,4.5,0.486,0.55,0.8,1,0.802,0.3,2.6,2.9,3.4,1.5,0.7,1.5,2,13.5
134,Toumani Camara,25,POR,PF,82,82,33.3,4.8,10.9,0.44,2.7,7.2,0.37,2.1,3.6,0.579,0.563,1.2,1.7,0.708,1.6,3.6,5.1,2.5,1.1,0.4,1.8,2.9,13.4
135,Quentin Grimes,25,PHI,SG,75,19,29.4,4.5,10.1,0.45,1.7,5.1,0.334,2.8,5,0.568,0.534,2.7,3.2,0.84,0.6,3,3.6,3.3,0.9,0.4,1.8,2.1,13.4
136,Jordan Poole,26,NOP,PG,39,8,23.9,4.2,11.4,0.372,2.5,7.4,0.333,1.8,4,0.442,0.48,2.5,2.9,0.86,0.2,1.7,2,3.1,0.6,0.4,1.8,2.3,13.4
137,Tobias Harris,33,DET,PF,63,63,27.7,4.9,10.5,0.469,1.3,3.5,0.368,3.6,6.9,0.521,0.531,2.2,2.5,0.866,0.9,4.3,5.1,2.5,0.9,0.4,1,1.7,13.3
138,Keldon Johnson,26,SAS,SF,82,0,23.3,5,9.7,0.519,1.2,3.3,0.363,3.8,6.4,0.601,0.582,1.9,2.4,0.794,1.7,3.7,5.4,1.4,0.6,0.1,0.9,2,13.2
139,Jaylon Tyson,23,CLE,SG,66,42,26.9,5,10.2,0.493,2,4.5,0.446,3,5.6,0.53,0.592,1.2,1.6,0.738,1.8,3.3,5.1,2.2,0.8,0.4,1.5,2.5,13.2
140,Kyle Kuzma,30,MIL,PF,69,43,26.2,4.9,10,0.492,1.2,3.5,0.347,3.7,6.5,0.569,0.552,2,2.7,0.726,0.8,3.7,4.5,2.7,0.7,0.4,1.7,1.9,13
141,Brandon Williams,26,DAL,PG,66,15,22.2,4.4,9.3,0.472,0.5,2.3,0.232,3.9,7,0.552,0.501,3.7,4.6,0.793,0.5,2.4,2.9,3.9,0.9,0.3,1.9,1.6,13
142,Sam Merrill,29,CLE,SG,52,38,26.5,4.3,9.3,0.461,3,7.2,0.421,1.3,2.1,0.596,0.624,1.1,1.3,0.855,0.5,2,2.6,2.4,0.6,0.1,0.8,2.4,12.8
143,Collin Gillespie,26,PHO,PG,80,58,28.5,4.4,10.5,0.418,2.9,7.2,0.401,1.5,3.3,0.455,0.556,1,1.1,0.874,1.1,3,4.1,4.6,1.2,0.2,1.6,1.6,12.7
144,Deandre Ayton,27,LAL,C,72,72,27.2,5.6,8.3,0.671,0,0,,5.6,8.3,0.671,0.671,1.3,2,0.645,2.6,5.4,8,0.8,0.6,1,1.2,2.2,12.5
145,GG Jackson II,21,MEM,PF,55,28,21.4,4.6,9.3,0.496,1.2,3.5,0.332,3.5,5.8,0.595,0.558,2,2.7,0.742,0.9,3.4,4.3,1.5,0.6,0.8,1.5,1.4,12.5
146,Malik Monk,27,SAC,SG,62,3,22,4.5,10.2,0.438,2,5.1,0.395,2.5,5.1,0.481,0.536,1.5,1.7,0.879,0.2,1.6,1.9,3,0.6,0.4,1.5,1.6,12.5
147,Maxime Raynaud,22,SAC,C,74,56,26.5,5.2,9.1,0.571,0.3,1,0.324,4.9,8.1,0.601,0.589,1.8,2.3,0.786,1.9,5.6,7.5,1.4,0.5,0.5,1.3,2.3,12.5
148,Jaylen Wells,22,MEM,SG,69,69,26.4,4.4,10.1,0.431,1.9,5.3,0.353,2.5,4.8,0.517,0.524,1.9,2.5,0.784,0.9,2.3,3.2,1.6,0.9,0.1,1.1,2.1,12.5
149,Max Christie,22,DAL,SG,77,68,29.1,4.2,9.4,0.441,2.3,5.8,0.404,1.8,3.6,0.502,0.566,1.6,1.8,0.899,0.2,3,3.2,2,0.6,0.4,1.2,1.3,12.3
150,Noah Clowney,21,BRK,PF,66,60,27,3.8,9.6,0.396,2,5.9,0.329,1.8,3.6,0.506,0.498,2.7,3.4,0.804,0.8,3.3,4.1,1.6,0.8,0.7,1.5,2.5,12.3
151,De'Anthony Melton,27,GSW,PG,49,24,23,4.4,10.8,0.407,1.5,5,0.294,2.9,5.8,0.505,0.475,2,2.5,0.826,0.8,2.4,3.2,2.6,1.6,0.4,1.9,1.9,12.3
152,Jonathan Kuminga,23,2TM,PF,36,14,23.1,4.4,9.4,0.463,1,2.9,0.333,3.4,6.5,0.521,0.515,2.5,3.4,0.724,1.4,4.3,5.6,2.3,0.6,0.3,1.9,1.5,12.2
152,Jonathan Kuminga,23,GSW,PF,20,13,23.8,4.4,9.7,0.454,0.9,2.7,0.321,3.6,7.1,0.504,0.497,2.5,3.3,0.742,1.5,4.4,5.9,2.5,0.4,0.3,2.3,1.7,12.1
152,Jonathan Kuminga,23,ATL,PF,16,1,22.1,4.3,9.1,0.476,1.1,3.3,0.346,3.2,5.8,0.548,0.538,2.5,3.6,0.702,1.3,4.1,5.3,2.1,0.9,0.3,1.3,1.4,12.3
153,Donte DiVincenzo,29,MIN,SG,82,82,30.4,4.1,10.2,0.406,3,7.9,0.379,1.2,2.3,0.497,0.552,1,1.3,0.743,0.8,3.3,4.1,3.8,1.3,0.4,1.4,2.4,12.2
154,Cameron Johnson,29,DEN,SF,54,54,30.5,4.2,8.8,0.48,2,4.7,0.43,2.2,4.1,0.539,0.596,1.7,2.1,0.839,0.8,3,3.8,2.4,0.7,0.4,0.9,2.3,12.2
155,Tre Johnson,19,WAS,SG,60,42,24.1,4.5,10.8,0.419,1.9,5.4,0.358,2.6,5.4,0.479,0.508,1.3,1.5,0.874,0.5,2.4,2.8,2,0.6,0.3,1.6,2,12.2
156,Duncan Robinson,31,DET,SG,77,77,27.4,4.1,9.1,0.456,2.9,7,0.41,1.3,2.1,0.605,0.613,1.1,1.4,0.755,0.4,2.3,2.7,2.1,0.6,0.3,0.7,2.2,12.2
157,Donovan Clingan,21,POR,C,77,77,27.2,4.6,8.9,0.52,1.1,3.2,0.341,3.5,5.7,0.621,0.582,1.8,2.6,0.68,4.5,7.1,11.6,2.1,0.6,1.7,1.2,2.4,12.1
158,Moses Moody,23,GSW,SG,60,49,25.7,4.1,9.3,0.44,2.5,6.3,0.401,1.6,3,0.522,0.575,1.5,1.9,0.77,0.9,2.5,3.3,1.6,1,0.6,1,2,12.1
159,Christian Braun,24,DEN,SG,44,44,31.8,4.6,8.8,0.519,1,3.3,0.301,3.6,5.6,0.646,0.575,1.8,2.3,0.782,1.4,3.4,4.8,2.7,0.7,0.3,1,2.3,12
160,Josh Hart,30,NYK,SF,66,52,30.2,4.6,9,0.508,1.5,3.7,0.413,3,5.3,0.574,0.593,1.4,1.9,0.72,1.4,6,7.4,4.8,1.1,0.3,1.9,2.5,12
161,Miles McBride,25,NYK,SG,41,15,26.3,4.2,9.9,0.423,2.7,6.6,0.413,1.4,3.2,0.444,0.562,0.9,1.1,0.787,0.6,1.9,2.4,2.6,0.9,0.2,0.8,1.7,12
162,Tristen Newton,24,HOU,SG,1,0,12,4,9,0.444,2,5,0.4,2,4,0.5,0.556,2,3,0.667,2,1,3,0,1,0,0,0,12
163,Dyson Daniels,22,ATL,SG,76,76,33.2,5.3,10.2,0.517,0.3,1.5,0.188,5,8.7,0.576,0.532,1,1.6,0.615,2.4,4.4,6.8,5.9,2,0.4,1.8,2.2,11.9
164,Blake Hinson,26,UTA,SF,14,3,20.4,4.2,8.2,0.513,2.6,5.6,0.468,1.6,2.6,0.611,0.674,0.9,1.1,0.75,0.8,1.6,2.4,1.1,0.4,0.1,0.4,1.7,11.9
165,Myles Turner,29,MIL,C,71,71,26.9,4,9.1,0.44,2.1,5.4,0.383,1.9,3.7,0.523,0.553,1.8,2.5,0.74,1.1,4.3,5.3,1.5,0.7,1.6,1.2,2.6,11.9
166,Wendell Carter Jr.,26,ORL,C,78,78,29.3,4.2,8.2,0.512,0.9,2.9,0.319,3.3,5.3,0.618,0.568,2.5,3.2,0.792,2.1,5.3,7.4,2,0.8,0.6,1.3,3.4,11.8
167,Dylan Harper,19,SAS,SG,69,4,22.6,4.8,9.5,0.505,0.9,2.6,0.343,3.9,6.9,0.565,0.551,1.3,1.7,0.756,0.8,2.6,3.4,3.9,0.8,0.3,1.4,2,11.8
168,Julian Reese,22,WAS,PF,13,10,30.9,4.8,9.2,0.529,0,0,,4.8,9.2,0.529,0.529,2.2,3.4,0.636,4.2,6.3,10.5,1.8,1.4,0.6,2.5,3.2,11.8
169,Nic Claxton,26,BRK,C,69,68,27.8,4.8,8.4,0.571,0,0.3,0.158,4.8,8.2,0.585,0.574,2,3.3,0.616,2.4,4.5,6.9,3.7,0.7,1.1,1.4,2.3,11.7
170,Isaiah Collier,21,UTA,PG,59,19,25.7,4.3,8.7,0.495,0.5,1.7,0.27,3.9,7,0.549,0.521,2.6,3.5,0.722,0.4,2.2,2.5,7.2,1.1,0.3,2.5,2.3,11.7
171,Bilal Coulibaly,21,WAS,SG,56,56,26.2,4.1,9.7,0.425,1.2,3.6,0.319,2.9,6,0.49,0.485,2.4,3.2,0.746,0.9,3.5,4.3,2.6,1.3,1,1.4,2.3,11.7
172,Derik Queen,21,NOP,C,81,48,25,4.4,9.2,0.473,0.3,1.1,0.261,4.1,8.1,0.502,0.489,2.7,3.4,0.795,1.7,5.4,7.1,3.7,1,0.9,2.3,2.7,11.7
173,Klay Thompson,35,DAL,SF,69,8,21.7,4.1,10.6,0.393,2.9,7.6,0.383,1.2,2.9,0.418,0.532,0.5,0.7,0.766,0.3,1.8,2.1,1.4,0.5,0.3,0.9,1,11.7
174,Mark Williams,24,PHO,C,60,55,23.6,4.7,7.3,0.644,0,0,1,4.7,7.3,0.643,0.645,2.3,2.9,0.771,3.1,4.9,8,1,0.9,0.9,1.1,2.2,11.7
175,Obi Toppin,27,IND,PF,24,3,17.7,4.2,8.3,0.503,1.5,4.4,0.352,2.6,3.9,0.67,0.595,1.8,1.9,0.913,0.5,3.9,4.4,2.3,0.5,0,1.2,1.2,11.6
176,Jarace Walker,22,IND,PF,76,41,25.7,4,9.6,0.419,1.8,4.7,0.374,2.3,5,0.462,0.51,1.8,2.4,0.749,0.6,4.5,5.1,2.5,0.8,0.3,1.8,1.6,11.6
177,Rui Hachimura,27,LAL,PF,68,41,28.3,4.5,8.8,0.514,1.7,3.9,0.443,2.8,4.9,0.57,0.611,0.7,1.1,0.694,0.6,2.7,3.3,0.8,0.6,0.3,0.6,1.6,11.5
178,Kyle Filipowski,22,UTA,C,77,41,23.4,4.2,8.5,0.492,1,3,0.325,3.2,5.6,0.58,0.548,2.1,2.8,0.75,1.9,5.3,7.2,2.6,0.9,0.5,1.6,3,11.4
179,Pelle Larsson,24,MIA,SG,70,54,26.4,4,8,0.496,0.9,2.7,0.323,3.1,5.2,0.586,0.551,2.6,3.3,0.797,1,2.5,3.5,3.4,0.7,0.2,1.4,2.1,11.4
180,Scotty Pippen Jr.,25,MEM,PG,10,6,21.2,4.3,9.6,0.448,1,3.2,0.313,3.3,6.4,0.516,0.5,1.8,2.3,0.783,0.8,1.4,2.2,4.7,1.9,0.4,2.7,3.1,11.4
181,Sandro Mamukelashvili,26,TOR,C,80,13,21.9,4.1,7.9,0.523,1.4,3.7,0.389,2.7,4.2,0.642,0.614,1.5,2,0.747,1.4,3.6,4.9,1.9,0.8,0.5,0.8,1.8,11.2
182,Max Strus,29,CLE,SF,12,5,24,3.9,8.8,0.443,2.8,6.8,0.402,1.2,2,0.583,0.599,0.6,0.8,0.778,0.8,4.7,5.4,2,0.3,0,0.8,2.8,11.2
183,Julian Champagnie,24,SAS,SF,82,68,27.6,3.7,8.4,0.437,2.4,6.2,0.381,1.3,2.2,0.599,0.578,1.4,1.6,0.844,0.9,4.9,5.8,1.5,0.8,0.5,0.8,1.6,11.1
184,Isaiah Joe,26,OKC,SG,71,9,21.2,3.5,7.6,0.455,2.5,6,0.423,0.9,1.6,0.574,0.622,1.5,1.7,0.894,0.5,2.1,2.5,1.3,0.7,0.2,0.6,1.7,11.1
185,Cam Spencer,25,MEM,SG,72,20,23.8,3.7,7.7,0.473,2,4.5,0.449,1.6,3.2,0.506,0.604,1.8,1.9,0.94,0.6,2,2.5,5.6,0.7,0.2,1.3,1.4,11.1
186,Kel'el Ware,21,MIA,C,77,34,22.1,4.5,8.4,0.53,1.2,3,0.395,3.3,5.4,0.606,0.601,0.9,1.2,0.74,2.8,6.2,9,0.7,0.8,1.1,0.8,1.5,11.1
187,Alondes Williams,26,WAS,SG,4,0,25.3,4,6.5,0.615,1.3,3.5,0.357,2.8,3,0.917,0.712,1.8,2,0.875,1.3,5,6.3,3,0.8,0.8,1.3,1,11
188,Rudy Gobert,33,MIN,C,76,76,31.3,4.4,6.5,0.682,0,0.1,0,4.4,6.4,0.689,0.682,2.1,4,0.526,3.9,7.5,11.5,1.7,0.8,1.6,1.4,2.6,10.9
189,Jusuf Nurkić,31,UTA,C,41,36,26.4,4.4,8.7,0.503,0.6,1.7,0.352,3.8,7,0.54,0.538,1.5,2.8,0.549,2.6,7.8,10.4,4.8,1.3,0.5,2.5,3.3,10.9
190,Dennis Schröder,32,2TM,PG,70,17,24.2,3.6,9,0.405,1.1,3.3,0.329,2.6,5.7,0.449,0.465,2.4,2.9,0.834,0.5,2.2,2.7,4.9,0.8,0.2,1.8,1.6,10.8
190,Dennis Schröder,32,SAC,PG,40,14,26.4,4.3,10.6,0.408,1.4,4.2,0.343,2.9,6.4,0.449,0.475,2.7,3.3,0.82,0.6,2.5,3.1,5.3,0.8,0.2,2,1.7,12.8
190,Dennis Schröder,32,CLE,PG,30,3,21.4,2.8,6.9,0.401,0.6,2.1,0.29,2.2,4.8,0.448,0.444,2.1,2.4,0.861,0.4,1.9,2.3,4.3,0.8,0.2,1.5,1.4,8.2
191,Tyler Burton,25,MEM,SF,12,0,25.6,3.5,9.3,0.375,1.8,5.5,0.333,1.7,3.8,0.435,0.473,1.9,2.3,0.852,0.7,3.5,4.2,1,0.9,0.3,0.9,2.6,10.8
192,Daeqwon Plowden,27,SAC,SG,32,7,26.4,3.8,8.7,0.43,1.9,5.8,0.333,1.8,2.9,0.624,0.541,1.3,1.5,0.857,1,2,3,1.3,0.7,0.2,0.8,2.4,10.8
193,Bub Carrington,20,WAS,PG,82,48,27.7,3.8,9,0.424,2.1,5,0.408,1.8,4,0.443,0.538,1,1.4,0.73,0.4,3,3.4,4.6,0.6,0.2,2.3,2.2,10.7
194,Jakob Poeltl,30,TOR,C,46,44,25,4.7,6.7,0.7,0,0,,4.7,6.7,0.7,0.7,1.3,2.1,0.602,2.5,4.5,7,2,0.9,0.7,1.2,3.2,10.7
195,Jock Landale,30,2TM,C,68,27,22.1,4.1,8.1,0.515,1.1,2.8,0.383,3.1,5.2,0.586,0.582,1.2,1.9,0.635,2.7,3,5.7,1.7,0.5,0.5,0.9,2.2,10.6
195,Jock Landale,30,MEM,C,45,25,23.6,4.4,8.6,0.514,1.1,2.9,0.38,3.4,5.8,0.581,0.577,1.3,2,0.674,3.1,3.4,6.5,1.7,0.6,0.5,1,2.3,11.3
195,Jock Landale,30,ATL,C,23,2,19.4,3.6,6.9,0.516,1.1,2.8,0.391,2.5,4.1,0.6,0.594,0.9,1.6,0.541,1.8,2.3,4.1,1.7,0.4,0.6,0.6,2.1,9.1
196,Marvin Bagley III,26,2TM,PF,60,12,20,4.2,6.9,0.618,0.4,0.9,0.462,3.8,6,0.641,0.647,1.6,2.4,0.66,2.5,3.6,6.1,1.4,0.5,0.7,1,2.1,10.5
196,Marvin Bagley III,26,WAS,PF,38,8,19.2,4.1,6.5,0.626,0.2,0.5,0.421,3.8,6,0.643,0.642,1.8,2.6,0.711,2.6,3.1,5.7,1.5,0.5,0.7,1.2,2.1,10.1
196,Marvin Bagley III,26,DAL,PF,22,4,21.4,4.5,7.5,0.606,0.7,1.5,0.485,3.8,6,0.636,0.655,1.2,2.1,0.553,2.4,4.4,6.8,1.3,0.4,0.7,0.8,2,11
197,Tari Eason,24,HOU,PF,60,34,25.8,4,9.7,0.416,1.6,4.3,0.358,2.5,5.3,0.463,0.496,0.9,1.1,0.776,2.1,4.2,6.3,1.5,1.2,0.5,1.4,2.3,10.5
198,Adama-Alpha Bal,22,MEM,SG,8,1,30.1,3.5,8.5,0.412,2.3,5.5,0.409,1.3,3,0.417,0.544,1.1,1.3,0.9,0.8,2.4,3.1,2.4,1.1,0.1,0.8,3.4,10.4
199,A.J. Green,26,MIL,SG,78,68,29.1,3.4,7.9,0.424,3,7.1,0.419,0.4,0.8,0.469,0.612,0.7,0.8,0.855,0.4,2.4,2.7,1.9,0.5,0.1,1,2.3,10.4
200,Caleb Love,24,POR,SG,49,1,20.7,3.9,10,0.388,1.9,6,0.318,2,4,0.49,0.483,0.7,1,0.735,0.5,1.8,2.3,2.5,0.6,0.1,1.3,1,10.4
201,Lucas Williamson,27,MEM,SG,7,2,32,3.6,10.7,0.333,2.1,7.6,0.283,1.4,3.1,0.455,0.433,1.1,1.1,1,1.6,3.9,5.4,2.6,1.6,0.1,1.4,3.7,10.4
202,Egor Dёmin,19,BRK,PG,52,45,25.2,3.4,8.6,0.399,2.4,6.2,0.385,1.1,2.4,0.433,0.537,1,1.3,0.831,0.4,2.8,3.2,3.3,0.8,0.3,1.7,1.8,10.3
203,DaQuan Jeffries,28,SAC,SG,3,0,20,3.7,6.3,0.579,1.3,3,0.444,2.3,3.3,0.7,0.684,1.7,1.7,1,1,0.7,1.7,0.3,0.7,0,0,3,10.3
204,Will Riley,19,WAS,SF,74,18,22.1,3.7,8.4,0.439,1.1,3.3,0.316,2.6,5,0.52,0.502,1.9,2.4,0.8,0.8,2.1,2.9,2,0.7,0.1,1.3,1.2,10.3
205,Khris Middleton,34,2TM,SF,63,50,22.8,3.6,8.6,0.42,1.1,3,0.36,2.5,5.6,0.452,0.482,1.9,2.2,0.875,0.8,2.9,3.7,2.8,0.7,0.1,1.7,2.3,10.2
205,Khris Middleton,34,WAS,SF,34,34,24.3,3.8,8.8,0.433,1,2.9,0.333,2.9,5.9,0.483,0.488,1.7,2,0.841,0.9,3.1,3.9,3.3,0.8,0.3,1.7,2.5,10.3
205,Khris Middleton,34,DAL,SF,29,16,21.1,3.3,8.3,0.404,1.2,3,0.391,2.2,5.3,0.412,0.475,2.1,2.3,0.91,0.7,2.6,3.3,2.2,0.5,0,1.8,2,10
206,Neemias Queta,26,BOS,C,76,75,25.3,4.3,6.6,0.653,0,0.1,0.125,4.3,6.5,0.662,0.654,1.6,2.3,0.703,3,5.3,8.4,1.7,0.8,1.3,1,2.8,10.2
207,D'Angelo Russell,29,DAL,PG,26,3,19,3.6,8.9,0.405,1.3,4.3,0.295,2.3,4.6,0.508,0.476,1.7,2.3,0.717,0.3,2,2.3,4,0.5,0.1,1.9,1.2,10.2
208,Jalen Smith,25,CHI,C,53,21,20.7,3.7,7.6,0.483,1.5,4.2,0.373,2.1,3.5,0.614,0.584,1.3,1.8,0.742,1.8,4.8,6.7,1.2,0.5,0.8,1,2.1,10.2
209,Ziaire Williams,24,BRK,SF,56,13,22.9,3.3,7.7,0.425,1.5,4.5,0.343,1.8,3.3,0.538,0.524,2.1,2.5,0.85,0.5,1.9,2.4,1.1,1.4,0.4,1.1,2.1,10.2
210,Precious Achiuwa,26,SAC,C,73,57,23.9,4.3,8.2,0.528,0.4,1.3,0.278,4,6.9,0.577,0.551,1.1,1.9,0.554,2.4,4.3,6.7,1.4,0.9,0.7,0.9,1.7,10.1
211,Derrick Jones Jr.,28,LAC,SF,50,45,27,3.8,7.6,0.499,1.1,3.1,0.359,2.7,4.5,0.593,0.571,1.4,1.9,0.763,1.2,2.2,3.5,1.4,0.9,1,0.8,2.1,10.1
212,Kevin Huerter,27,2TM,SF,69,14,22.4,3.9,8.6,0.451,1.4,4.7,0.308,2.4,3.9,0.624,0.535,0.8,1,0.775,0.5,3,3.5,2.6,0.9,0.5,1,1.7,10
212,Kevin Huerter,27,CHI,SF,44,11,23.6,4.2,9.2,0.455,1.6,5.1,0.314,2.6,4.1,0.63,0.542,0.9,1.3,0.732,0.5,3.3,3.8,2.6,0.8,0.6,1.1,1.9,10.9
212,Kevin Huerter,27,DET,SG,25,3,20.5,3.4,7.7,0.443,1.2,4.1,0.294,2.2,3.6,0.611,0.521,0.6,0.6,0.933,0.4,2.4,2.8,2.5,1.1,0.3,0.9,1.2,8.6
213,Jordan Miller,26,LAC,SF,60,1,22.1,3.5,6.7,0.531,0.6,1.8,0.345,2.9,4.8,0.602,0.579,2.3,2.9,0.777,0.8,2.2,3,2.3,0.8,0.2,1.1,1,10
214,Toby Okani,24,MEM,SG,6,4,36.2,4.2,11.7,0.357,1.5,5.2,0.29,2.7,6.5,0.41,0.421,0.2,1.3,0.125,1.5,2,3.5,1,0.7,0.5,0.5,3.3,10
215,Olivier-Maxence Prosper,23,MEM,PF,53,24,18.6,3.6,6.6,0.549,1.1,2.8,0.405,2.5,3.8,0.653,0.634,1.6,2.2,0.754,1.1,2.4,3.5,1,0.8,0.2,0.9,1.6,10
216,Isaiah Stewart,24,DET,C,58,13,22.7,3.8,6.9,0.55,0.7,2.1,0.333,3.1,4.9,0.642,0.6,1.7,2.3,0.756,1.7,3.3,5,1.1,0.3,1.6,1.2,2.9,10
217,Harrison Barnes,33,SAS,PF,77,52,25.8,3.4,7.5,0.456,1.8,4.6,0.388,1.6,2.8,0.567,0.577,1.3,1.6,0.829,0.8,2,2.8,1.9,0.6,0.2,0.8,1.1,9.9
218,Tristan Da Silva,24,ORL,SF,77,34,24.7,3.6,8.1,0.45,1.6,4.2,0.374,2.1,3.9,0.532,0.547,1.1,1.2,0.884,0.8,2.9,3.7,1.6,0.9,0.3,0.9,1.5,9.9
219,Ausar Thompson,23,DET,SF,73,72,26,4.2,7.9,0.525,0.1,0.3,0.25,4.1,7.6,0.537,0.53,1.5,2.6,0.571,2.1,3.7,5.7,3.1,2,0.9,1.5,2.7,9.9
220,Royce O'Neale,32,PHO,SF,78,67,28.4,3.4,8,0.421,2.7,6.7,0.408,0.7,1.3,0.486,0.59,0.3,0.5,0.711,0.8,4,4.8,2.7,1.1,0.4,1.3,2.3,9.8
221,Zach Collins,28,CHI,C,10,0,18.4,3.7,6.4,0.578,0.9,2.1,0.429,2.8,4.3,0.651,0.648,1.4,2,0.7,1.6,4,5.6,1.5,0.2,0.4,1,1.8,9.7
222,Micah Potter,27,IND,C,47,7,19.3,3.2,6.2,0.515,1.5,3.6,0.423,1.7,2.7,0.64,0.637,1.8,2.1,0.842,1.2,3.7,5,1.5,0.5,0.3,1,1.7,9.7
223,Javon Small,23,MEM,PG,41,12,20.2,3.3,7,0.465,1.5,3.5,0.423,1.8,3.6,0.507,0.569,1.7,2,0.829,0.9,2.2,3.1,3.7,0.8,0.2,1.4,1.6,9.7
224,Zaccharie Risacher,20,ATL,SF,67,46,22.4,3.6,8,0.455,1.4,3.9,0.368,2.2,4.1,0.536,0.544,0.9,1.3,0.644,1.1,2.8,3.8,1.1,0.9,0.5,0.9,2.2,9.6
225,Daniel Gafford,27,DAL,C,55,44,21.7,3.8,5.7,0.655,0,0,,3.8,5.7,0.655,0.655,2,2.9,0.683,2.5,4.4,6.9,1.1,0.8,1.3,1.1,2.6,9.5
226,Jay Huff,27,IND,C,82,47,21,3.5,7.5,0.476,1.5,4.5,0.319,2.1,2.9,0.723,0.574,1,1.2,0.828,0.9,3.1,4,1.5,0.5,1.9,0.9,2.4,9.5
227,T.J. McConnell,33,IND,PG,56,4,17.2,4.3,8,0.538,0.3,0.9,0.32,4,7.1,0.565,0.556,0.4,0.5,0.862,0.4,1.8,2.2,5.1,1,0.2,1.1,1.1,9.4
228,Svi Mykhailiuk,28,UTA,SF,50,41,23.1,3.5,7.2,0.478,2,4.8,0.408,1.5,2.4,0.615,0.613,0.5,0.6,0.893,0.7,1.8,2.5,1.9,0.5,0.1,0.8,1.3,9.4
229,Aaron Wiggins,27,OKC,SG,65,21,21.8,3.6,8.2,0.431,1.5,4.2,0.356,2.1,4.1,0.508,0.521,0.8,1.1,0.736,0.6,2.4,3.1,1.7,0.9,0.4,1.2,1.3,9.4
230,Daniss Jenkins,24,DET,PG,72,19,20.2,3.2,7.9,0.408,1,2.7,0.374,2.2,5.2,0.426,0.473,1.9,2.2,0.832,0.7,1.6,2.3,3.9,0.9,0.2,1.6,1.5,9.3
231,Davion Mitchell,27,MIA,PG,70,70,28.6,3.7,7.6,0.49,1.3,3.3,0.395,2.4,4.4,0.561,0.574,0.6,0.9,0.646,0.5,2.2,2.7,6.5,1,0.2,1.5,2.6,9.3
232,Isaac Okoro,25,CHI,SG,63,62,26.9,3.3,7.3,0.46,1.2,3.5,0.33,2.2,3.8,0.58,0.539,1.4,1.8,0.795,1.1,1.7,2.7,1.6,0.7,0.5,0.7,2.6,9.3
233,Landry Shamet,28,NYK,SG,51,12,23,3.1,7.1,0.437,2,5.2,0.392,1.1,2,0.554,0.578,1.1,1.5,0.711,0.5,1.4,1.8,1.4,0.6,0.2,0.6,1.5,9.3
234,Marcus Smart,31,LAL,SG,62,54,28.5,3,7.7,0.395,1.6,4.7,0.331,1.5,3,0.497,0.497,1.7,2.1,0.822,0.6,2.2,2.8,3,1.4,0.4,1.5,2.6,9.3
235,Jaden Hardy,23,2TM,SG,57,4,15.8,3.2,7.5,0.424,1.8,4.6,0.397,1.4,2.9,0.467,0.545,1,1.3,0.733,0.3,1.2,1.5,1,0.3,0.1,1.1,1.6,9.2
235,Jaden Hardy,23,DAL,SG,34,4,12.6,2.3,5.7,0.402,1.4,3.6,0.371,0.9,2.1,0.457,0.521,0.9,1.2,0.775,0.3,1.1,1.4,0.9,0.3,0.1,0.8,1.1,6.9
235,Jaden Hardy,23,WAS,SG,23,0,20.4,4.5,10.2,0.443,2.5,6,0.42,2,4.2,0.474,0.566,1,1.5,0.686,0.2,1.5,1.7,1.3,0.3,0.2,1.5,2.2,12.6
236,Isaiah Hartenstein,27,OKC,C,47,46,24.2,3.9,6.3,0.622,0,0.1,0,3.9,6.1,0.637,0.622,1.4,2.2,0.61,3.2,6.3,9.4,3.5,1,0.8,1.7,2.5,9.2
237,Sam Hauser,28,BOS,PF,78,49,24.8,3.2,7.7,0.419,2.5,6.5,0.393,0.7,1.2,0.557,0.584,0.2,0.3,0.85,0.7,3.1,3.8,1.5,0.5,0.3,0.4,1.4,9.2
238,Corey Kispert,26,2TM,SF,58,10,18.6,3.2,6.8,0.467,1.5,4.1,0.367,1.7,2.7,0.618,0.577,1.3,1.7,0.794,0.5,1.8,2.3,1.6,0.3,0.2,0.8,1,9.2
238,Corey Kispert,26,WAS,SF,19,2,19.5,3.1,6.3,0.496,1.6,4,0.395,1.5,2.3,0.674,0.622,1.4,1.8,0.765,0.3,2,2.3,1.7,0.4,0.2,0.7,1.1,9.2
238,Corey Kispert,26,ATL,SF,39,8,18.2,3.2,7.1,0.455,1.5,4.1,0.354,1.7,2.9,0.596,0.558,1.3,1.6,0.81,0.5,1.7,2.3,1.5,0.2,0.2,0.8,1,9.2
239,Taurean Prince,31,MIL,SF,26,7,23.5,3.3,7.3,0.45,2.3,5.4,0.436,1,2,0.49,0.61,0.2,0.2,1,0.2,3,3.1,1.8,0.6,0.2,1.2,1.8,9.2
240,Gui Santos,23,GSW,PF,68,30,20.5,3.4,6.8,0.5,1.1,3.3,0.351,2.2,3.5,0.639,0.585,1.3,1.8,0.725,1.1,2.8,3.9,2.3,0.9,0.3,1.5,2.1,9.2
241,Cam Whitmore,21,WAS,SF,21,0,16.9,3.7,8,0.456,0.8,2.7,0.286,2.9,5.4,0.54,0.503,1.1,1.5,0.742,0.9,1.9,2.8,0.7,0.7,0.4,0.9,1.2,9.2
242,Quenton Jackson,27,IND,PG,49,19,18.3,3.1,6.7,0.47,0.9,2.4,0.356,2.3,4.3,0.533,0.534,2,2.4,0.824,0.6,1.8,2.3,2.9,0.6,0.1,1.3,1.7,9.1
243,Tristan Vukcevic,22,WAS,C,49,12,13.7,3.1,6.5,0.479,1,2.9,0.347,2.1,3.5,0.59,0.558,1.8,2.3,0.784,0.7,2.3,3,1.1,0.5,0.7,1.3,1.7,9
244,Devin Carter,23,SAC,PG,38,12,18.4,3.2,7.7,0.414,0.8,3,0.263,2.4,4.7,0.511,0.466,1.8,2.5,0.713,0.9,2.3,3.3,2.7,0.9,0.2,1.4,1.3,8.9
245,Herbert Jones,27,NOP,SF,56,56,28.4,3.3,8.5,0.383,1.4,4.6,0.309,1.8,3.9,0.47,0.467,0.9,1.1,0.806,0.8,2.6,3.4,2.8,1.6,0.5,1.3,3.2,8.9
246,Nolan Traoré,19,BRK,PG,56,31,22.2,3.3,8.6,0.38,1.1,3.4,0.318,2.2,5.1,0.422,0.444,1.3,1.7,0.787,0.3,1.5,1.8,3.8,0.8,0.4,2.3,2.1,8.9
247,Danny Wolf,21,BRK,PF,57,15,20.8,3.1,7.7,0.405,1.2,3.7,0.322,1.9,4,0.48,0.482,1.5,1.9,0.771,1,3.9,4.9,2.2,0.5,0.6,1.3,2.2,8.9
248,John Poulakidas,22,DAL,SG,13,0,19.5,3,7,0.429,2.4,5.9,0.403,0.6,1.1,0.571,0.599,0.5,0.5,0.857,0.3,2,2.3,0.8,0.5,0.3,0.3,2.2,8.8
249,Payton Sandfort,23,OKC,SF,4,0,15.8,3.3,6.5,0.5,1.8,4.3,0.412,1.5,2.3,0.667,0.635,0.5,1,0.5,0.3,2.3,2.5,0,0.3,0,0.3,2,8.8
250,Cody Williams,21,UTA,SG,67,41,24.3,3.6,7.6,0.468,0.4,2,0.214,3.1,5.6,0.556,0.495,1.3,1.8,0.706,0.9,2,3,2,0.8,0.4,1.1,1.8,8.8
251,Justin Champagnie,24,WAS,SF,69,19,20,3.4,6.7,0.502,0.8,2.4,0.319,2.6,4.3,0.605,0.56,1.2,1.5,0.784,2.1,3.5,5.6,1.2,0.9,0.6,0.7,1.7,8.7
252,Jordan Goodwin,27,PHO,PG,70,10,22.5,3.3,7.9,0.413,1.6,4.3,0.371,1.7,3.6,0.462,0.514,0.6,0.8,0.696,2,2.9,4.9,2.2,1.5,0.2,1,1.9,8.7
253,Day'Ron Sharpe,24,BRK,C,62,7,18.7,3.5,5.7,0.601,0.1,0.6,0.231,3.3,5.1,0.647,0.614,1.7,2.5,0.678,2.8,3.9,6.7,2.3,1.1,0.4,1.7,2.4,8.7
254,Jonas Valančiūnas,33,DEN,C,65,6,13.4,3.5,6,0.582,0.1,0.4,0.308,3.4,5.6,0.602,0.592,1.6,2.1,0.772,1.6,3.4,5.1,1.2,0.2,0.6,1.1,2,8.7
255,Jordan Clarkson,33,NYK,SG,72,1,17.8,3.3,7.3,0.451,1,3,0.327,2.3,4.3,0.535,0.517,1.1,1.3,0.83,0.9,0.9,1.8,1.3,0.4,0.1,0.9,1.7,8.6
256,Nique Clifford,23,SAC,SG,75,28,25.1,3.3,7.9,0.418,1,3.1,0.333,2.3,4.9,0.471,0.482,0.9,1.3,0.722,0.9,2.9,3.8,2.4,0.9,0.3,1.5,2.1,8.6
257,Cason Wallace,22,OKC,SG,77,58,26.6,3.3,7.6,0.432,1.3,3.7,0.351,2,3.8,0.51,0.518,0.7,0.9,0.809,0.8,2.3,3.1,2.6,1.9,0.4,0.9,2,8.6
258,Jaden Ivey,23,2TM,SG,37,5,18.1,3.1,6.9,0.445,1.4,3.6,0.373,1.7,3.3,0.525,0.543,1,1.3,0.809,0.6,1.8,2.5,1.8,0.6,0.4,1.1,1.4,8.5
258,Jaden Ivey,23,DET,SG,33,2,16.8,3,6.7,0.45,1.3,3.4,0.372,1.7,3.2,0.533,0.545,0.9,1.2,0.789,0.6,1.6,2.2,1.6,0.5,0.4,1.1,1.3,8.2
258,Jaden Ivey,23,CHI,SG,4,3,28.8,3.8,9,0.417,2,5.3,0.381,1.8,3.8,0.467,0.528,2,2.3,0.889,1.3,3.5,4.8,4,2,0.5,1.5,2.3,11.5
259,Vít Krejčí,25,2TM,PG,65,8,21.4,3,6.6,0.448,2,5,0.39,1,1.6,0.634,0.597,0.6,0.8,0.745,0.5,1.8,2.3,1.5,0.7,0.3,0.6,2.1,8.5
259,Vít Krejčí,25,ATL,PG,46,8,22.3,3.1,6.7,0.464,2.2,5.2,0.423,0.9,1.5,0.609,0.628,0.6,0.8,0.75,0.4,1.7,2.1,1.5,0.8,0.3,0.7,2.3,9
259,Vít Krejčí,25,POR,PG,19,0,19.2,2.6,6.4,0.405,1.4,4.7,0.303,1.2,1.7,0.688,0.517,0.6,0.8,0.733,0.6,2.1,2.7,1.7,0.5,0.3,0.6,1.6,7.2
260,Simone Fontecchio,30,MIA,SF,70,9,16.8,2.8,6.7,0.412,1.8,4.7,0.375,1,2,0.497,0.542,1.2,1.5,0.843,0.8,2.2,3,1.4,0.5,0.1,0.7,1.5,8.5
261,Bones Hyland,25,MIN,PG,71,3,16.6,3,6.6,0.453,1.6,4.2,0.388,1.4,2.4,0.568,0.577,0.9,1.2,0.78,0.3,1.5,1.8,2.6,0.6,0.2,1,1.7,8.5
262,Brook Lopez,37,LAC,C,75,40,21.8,3.1,7.2,0.428,1.5,4.2,0.36,1.6,3,0.524,0.533,0.7,1,0.757,0.6,3,3.6,1.3,0.6,1.2,0.8,2.1,8.5
263,Collin Murray-Boyles,20,TOR,PF,57,22,21.9,3.5,6,0.579,0.3,0.9,0.34,3.2,5.1,0.62,0.604,1.2,1.9,0.657,2.3,2.7,5,1.9,0.9,0.9,1,2.6,8.5
264,Luke Kennard,29,2TM,SG,78,6,21.6,3,5.7,0.533,1.5,3.1,0.478,1.5,2.5,0.601,0.665,0.8,0.9,0.913,0.4,1.9,2.3,2.2,0.7,0.1,0.8,1.3,8.4
264,Luke Kennard,29,ATL,SG,46,0,20.5,2.8,5.2,0.538,1.6,3.2,0.497,1.2,2,0.604,0.692,0.7,0.8,0.914,0.4,1.7,2.2,2.1,0.7,0.1,0.7,1.2,7.9
264,Luke Kennard,29,LAL,SG,32,6,23,3.3,6.3,0.527,1.3,3,0.448,2,3.3,0.598,0.633,1,1.1,0.912,0.4,2.2,2.6,2.4,0.7,0.1,0.9,1.5,9
265,Kentavious Caldwell-Pope,32,MEM,SG,51,14,21.3,2.9,7.2,0.41,1.1,3.4,0.316,1.9,3.8,0.495,0.485,1.4,1.6,0.913,0.4,2.1,2.5,2.7,0.8,0.2,1.2,1.1,8.4
266,Draymond Green,35,GSW,PF,68,68,27.5,3,7.2,0.418,1.5,4.6,0.326,1.5,2.7,0.575,0.52,0.9,1.2,0.702,0.8,4.7,5.5,5.5,0.9,0.6,2.7,2.9,8.4
267,Jared McCain,21,2TM,SG,67,3,17.3,3,7.2,0.425,1.5,3.8,0.385,1.6,3.3,0.471,0.528,0.8,0.9,0.864,0.3,1.7,2,1.3,0.5,0.1,0.8,1.2,8.3
267,Jared McCain,21,PHI,SG,37,1,16.8,2.4,6.2,0.385,1.2,3.2,0.378,1.2,3,0.393,0.483,0.6,0.7,0.88,0.2,1.9,2,1.7,0.6,0.1,0.8,1.2,6.6
267,Jared McCain,21,OKC,SG,30,2,18,3.8,8.3,0.462,1.8,4.6,0.391,2,3.7,0.55,0.57,1,1.1,0.853,0.6,1.5,2.1,0.9,0.4,0.1,0.9,1.3,10.4
268,Luguentz Dort,26,OKC,SF,69,69,26.8,2.9,7.6,0.385,1.9,5.4,0.344,1.1,2.2,0.487,0.508,0.6,0.8,0.759,0.8,2.7,3.6,1.2,0.9,0.4,0.8,2.6,8.3
269,Al Horford,39,GSW,C,45,13,21.5,3.1,7.2,0.426,1.6,4.6,0.361,1.4,2.6,0.538,0.54,0.5,0.6,0.846,1,3.9,4.9,2.6,0.7,1.1,0.9,1.1,8.3
270,Josh Oduro,25,NOP,PF,3,1,27.3,3.7,5.7,0.647,0,0.7,0,3.7,5,0.733,0.647,1,2,0.5,3.7,4,7.7,1.3,0,0,0.7,4.7,8.3
271,Kadary Richmond,24,WAS,SG,3,0,22.3,3.3,5.3,0.625,0.7,1.3,0.5,2.7,4,0.667,0.688,1,1,1,0.3,3,3.3,2.7,2.7,0.3,0.7,0.7,8.3
272,Malachi Smith,26,BRK,SG,15,4,23.9,3.2,6.6,0.485,1.3,3.1,0.435,1.9,3.5,0.528,0.586,0.5,0.5,1,0.8,2.6,3.4,3.3,0.8,0.3,0.9,0.9,8.3
273,Bradley Beal,32,LAC,SG,6,6,20.2,3,8,0.375,1.2,3.2,0.368,1.8,4.8,0.379,0.448,1,1.3,0.75,0.3,0.5,0.8,1.7,0.5,0,1.5,2.3,8.2
274,LJ Cryer,24,GSW,PG,18,1,16.2,2.6,6.5,0.402,2.1,5.2,0.394,0.6,1.3,0.435,0.56,0.9,1.1,0.895,0.2,1.3,1.6,1,0.2,0,0.8,1.6,8.2
275,Ron Holland,20,DET,SF,78,5,19.9,3,7,0.432,0.6,2.5,0.253,2.4,4.4,0.535,0.478,1.5,1.9,0.805,1.1,3,4,1.2,1.2,0.3,1.2,2.3,8.2
276,Chaney Johnson,23,BRK,SF,17,1,20.5,3,5.5,0.543,0.5,1.8,0.3,2.5,3.8,0.656,0.59,1.6,2.1,0.8,1.9,2.7,4.6,2.1,0.9,0.5,1.2,3,8.2
277,Jake LaRavia,24,LAL,PF,82,43,25.1,2.9,6.4,0.459,1,3,0.321,2,3.4,0.579,0.533,1.4,1.9,0.763,1.4,2.6,4,1.8,1.3,0.5,1.1,2.4,8.2
278,Sharife Cooper,24,WAS,PG,41,1,17.1,3.1,6,0.514,0.7,1.9,0.382,2.4,4.2,0.573,0.573,1.2,1.5,0.833,0.4,1.7,2.1,3,0.4,0.1,1.5,1.5,8.1
279,Luka Garza,27,BOS,C,69,6,16.2,3,5.2,0.577,0.8,1.8,0.433,2.2,3.3,0.657,0.654,1.3,1.7,0.769,2.3,1.8,4.1,1,0.4,0.4,0.7,2.3,8.1
280,Bez Mbeng,22,UTA,SG,15,5,32.8,3.3,6.7,0.5,0.4,2.1,0.194,2.9,4.6,0.638,0.53,1.1,1.7,0.64,1.2,2.6,3.8,4.1,2.3,0.3,1.5,3.1,8.1
281,Bryce McGowens,23,NOP,SG,42,13,21,2.7,5.6,0.481,0.9,2.2,0.409,1.8,3.4,0.528,0.561,1.8,2.3,0.779,0.3,1.8,2.1,1.5,0.6,0.2,0.4,2.1,8.1
282,Gary Trent Jr.,27,MIL,SG,65,21,21.2,2.8,7.3,0.387,1.9,5.3,0.36,0.9,2,0.458,0.517,0.6,0.8,0.769,0.1,0.9,1,1.2,0.5,0,0.6,1.3,8.1
283,Mouhamadou Gueye,27,CHI,PF,2,0,22.5,3,5.5,0.545,0.5,2.5,0.2,2.5,3,0.833,0.591,1.5,2,0.75,1,2,3,3,1,0.5,1.5,2,8
284,DeJon Jarreau,28,MEM,SG,11,0,21,3,7.5,0.398,0.4,2.7,0.133,2.6,4.8,0.547,0.422,1.6,2.1,0.783,1.1,3.5,4.6,3.3,0.9,0.7,2.4,2.5,8
285,David Roddy,24,DEN,PF,5,0,14.6,3,6,0.5,0.6,2.2,0.273,2.4,3.8,0.632,0.55,1.4,1.4,1,1.6,2.4,4,0.8,0.8,0.2,0.4,1.4,8
286,Tre Scott,29,BRK,PF,6,4,30.3,3.2,8.3,0.38,1,3.2,0.316,2.2,5.2,0.419,0.44,0.7,1,0.667,1.7,3.5,5.2,1.7,1.3,0.8,0.7,2,8
287,Nate Williams,26,GSW,SG,14,2,17.1,3.1,6.3,0.489,0.9,2.1,0.433,2.1,4.1,0.517,0.563,0.9,1.1,0.867,1.4,0.7,2.1,1,0.4,0,1.1,1.9,8
288,Bruce Brown,29,DEN,SG,82,4,24.4,3,6.4,0.475,0.7,1.8,0.385,2.3,4.6,0.511,0.53,1.2,1.5,0.762,1,2.8,3.9,2.1,1,0.2,1.1,2.4,7.9
289,Moussa Diabaté,24,CHO,C,73,47,26,3.1,5,0.631,0,0,0.5,3.1,4.9,0.632,0.632,1.6,2.4,0.659,3.7,5,8.7,1.9,0.8,1,1,2.4,7.9
290,Tyson Etienne,26,BRK,PG,24,2,15.8,2.4,6,0.4,1.8,4.5,0.398,0.6,1.5,0.405,0.548,1.3,1.5,0.833,0.2,0.9,1.1,1.7,0.5,0,0.7,2,7.9
291,Leonard Miller,22,2TM,SF,46,12,15.6,3.2,5.7,0.553,0.7,2.2,0.323,2.5,3.5,0.693,0.615,0.8,1.2,0.736,1.2,2.8,3.9,0.9,0.4,0.3,0.8,1.4,7.8
291,Leonard Miller,22,MIN,SF,19,0,5,0.9,1.7,0.545,0.1,0.6,0.083,0.9,1.1,0.81,0.561,0.4,0.6,0.636,0.4,0.9,1.3,0.3,0.2,0,0.5,0.6,2.3
291,Leonard Miller,22,CHI,SF,27,12,23.1,4.7,8.5,0.555,1.1,3.2,0.356,3.6,5.3,0.676,0.622,1.2,1.6,0.762,1.7,4,5.8,1.3,0.5,0.6,1,2,11.7
292,Walter Clayton,22,2TM,PG,69,6,20.4,2.6,6.7,0.384,1.1,3.5,0.307,1.5,3.1,0.47,0.465,1.6,1.8,0.901,0.4,1.7,2,4,0.6,0.3,1.7,1.7,7.8
292,Walter Clayton,22,UTA,PG,45,0,18,2.3,5.7,0.398,1,3.2,0.308,1.3,2.5,0.513,0.484,1.3,1.4,0.935,0.3,1.6,2,3.2,0.5,0.3,1.3,1.7,6.8
292,Walter Clayton,22,MEM,PG,24,6,25,3.1,8.5,0.366,1.3,4.2,0.307,1.8,4.3,0.423,0.441,2.1,2.5,0.864,0.4,1.7,2.1,5.7,0.8,0.3,2.5,1.7,9.7
293,Paul Reed,26,DET,C,65,11,13.9,3.2,5.2,0.617,0.2,0.6,0.325,3,4.6,0.656,0.636,1.1,1.7,0.664,2,2.5,4.5,1.2,0.9,0.9,0.9,1.8,7.8
294,Oscar Tshiebwe,26,UTA,C,27,6,16.6,3.4,5.4,0.634,0,0,,3.4,5.4,0.634,0.634,1,1.8,0.551,2.9,3.8,6.6,1.2,0.6,0.2,0.8,1.4,7.8
295,Dominick Barlow,22,PHI,PF,71,59,23.8,3,5.6,0.539,0.3,1.2,0.256,2.7,4.5,0.612,0.565,1.3,1.8,0.718,1.9,2.9,4.8,1.2,0.9,0.7,0.8,2.1,7.7
296,Quinten Post,25,GSW,PF,67,35,17.3,2.9,6.6,0.44,1.4,4.1,0.336,1.5,2.4,0.617,0.546,0.5,0.6,0.791,1,3,4,1.4,0.4,0.5,0.8,1.9,7.7
297,Ousmane Dieng,22,2TM,C,57,20,19.3,2.9,7,0.422,1.1,3.2,0.341,1.8,3.7,0.493,0.501,0.6,0.8,0.711,0.5,2.6,3.2,2.4,0.4,0.3,1.3,1.4,7.6
297,Ousmane Dieng,22,OKC,C,27,0,10.9,1.4,3.4,0.418,0.7,1.8,0.367,0.7,1.6,0.476,0.516,0.2,0.2,1,0.3,1.3,1.6,1,0.1,0.3,0.3,0.8,3.7
297,Ousmane Dieng,22,MIL,C,30,20,26.8,4.3,10.2,0.423,1.5,4.5,0.331,2.8,5.7,0.497,0.497,0.9,1.3,0.667,0.7,3.9,4.6,3.6,0.8,0.3,2.2,1.9,11
298,Buddy Hield,33,2TM,SG,51,3,16.1,2.8,6.4,0.437,1.5,4.2,0.349,1.4,2.3,0.6,0.55,0.6,0.7,0.811,0.5,1.7,2.3,1.4,0.8,0.2,0.9,1.1,7.6
298,Buddy Hield,33,GSW,SG,44,3,17.5,3,6.8,0.433,1.5,4.4,0.344,1.4,2.4,0.6,0.545,0.6,0.8,0.794,0.6,1.9,2.5,1.5,0.8,0.2,1,1.3,8
298,Buddy Hield,33,ATL,SG,7,0,7.3,1.9,3.9,0.481,1,2.4,0.412,0.9,1.4,0.6,0.611,0.4,0.4,1,0.1,1,1.1,0.7,0.3,0,0.9,0.1,5.1
299,Ryan Kalkbrenner,24,CHO,C,69,31,21.4,3.2,4.2,0.753,0,0.1,0,3.2,4.1,0.766,0.753,1.2,1.7,0.716,2.4,3,5.5,0.8,0.5,1.5,0.9,1.6,7.6
300,Vince Williams Jr.,25,2TM,SG,40,12,20.5,2.6,7.3,0.353,1.4,4.4,0.311,1.2,2.9,0.417,0.447,1,1.3,0.78,1,2.9,3.9,4.2,0.7,0.4,1.8,2,7.5
300,Vince Williams Jr.,25,MEM,PG,34,12,21.6,2.7,7.8,0.352,1.4,4.7,0.308,1.3,3.1,0.419,0.445,1.1,1.4,0.804,1,3,4,4.4,0.8,0.4,1.9,2.1,8
300,Vince Williams Jr.,25,UTA,SG,6,0,14,1.7,4.7,0.357,1,3,0.333,0.7,1.7,0.4,0.464,0.3,0.7,0.5,0.8,2.3,3.2,2.7,0.3,0.3,1.2,1.5,4.7
301,Jaxson Hayes,25,LAL,C,66,9,18.3,3,4,0.756,0,0,1,3,3.9,0.753,0.761,1.5,2.3,0.653,1.5,2.6,4.1,0.9,0.4,0.8,0.5,1.9,7.5
302,Gary Payton II,33,GSW,SG,73,1,15.6,3.3,5.7,0.583,0.5,1.7,0.291,2.8,3.9,0.712,0.628,0.4,0.5,0.65,1.4,2.2,3.6,1.7,0.9,0.3,0.8,1.8,7.5
303,Ben Saraf,19,BRK,SG,44,11,20.8,2.7,6.9,0.396,0.4,2,0.211,2.3,4.8,0.474,0.427,1.7,2,0.83,0.5,1.6,2.1,3.3,0.9,0.2,2.3,1.8,7.5
304,Ja'Kobe Walter,21,TOR,SG,72,19,20.5,2.5,5.6,0.446,1.5,3.7,0.409,1,1.9,0.519,0.582,1,1.3,0.789,0.8,1.8,2.6,1.2,1,0.2,0.5,2.3,7.5
305,Josh Minott,23,2TM,PF,49,11,17,2.6,5.1,0.5,1.3,3.1,0.418,1.3,2,0.626,0.627,1,1.2,0.787,1,2.2,3.2,0.9,0.9,0.5,0.9,1.5,7.4
305,Josh Minott,23,BOS,PF,33,10,15.9,2.1,4.1,0.507,1,2.3,0.442,1.1,1.8,0.593,0.632,0.6,0.8,0.769,1.2,2.4,3.6,1,0.7,0.4,0.6,1.5,5.8
305,Josh Minott,23,BRK,SF,16,1,19.3,3.6,7.3,0.491,1.9,4.8,0.395,1.7,2.5,0.675,0.621,1.8,2.2,0.8,0.5,2,2.5,0.8,1.3,0.8,1.4,1.4,10.8
306,Taylor Hendricks,22,2TM,PF,59,17,18.9,2.8,6,0.459,1.1,3.1,0.342,1.7,2.9,0.585,0.548,0.8,1.2,0.681,1.1,2.6,3.7,0.9,0.8,0.5,0.8,1.7,7.4
306,Taylor Hendricks,22,UTA,PF,33,6,14.9,1.8,3.9,0.453,0.7,2.1,0.343,1,1.8,0.586,0.547,0.7,1,0.719,0.9,2.1,3,0.7,0.4,0.2,0.6,1.2,4.9
306,Taylor Hendricks,22,MEM,PF,26,11,24.1,4,8.7,0.463,1.5,4.4,0.342,2.5,4.3,0.584,0.548,1,1.5,0.65,1.4,3.3,4.7,1.2,1.4,0.8,1.2,2.3,10.6
307,Jose Alvarado,27,2TM,PG,69,3,19.9,2.7,6.5,0.416,1.5,4.2,0.352,1.2,2.3,0.531,0.529,0.5,0.7,0.761,0.4,2.1,2.5,3.4,1,0.1,1.1,1.9,7.4
307,Jose Alvarado,27,NOP,PG,41,0,21.9,2.9,6.8,0.418,1.7,4.7,0.363,1.1,2.1,0.54,0.543,0.5,0.6,0.833,0.4,2.4,2.8,3.1,0.9,0.1,1.1,2,7.9
307,Jose Alvarado,27,NYK,PG,28,3,16.9,2.5,6,0.414,1.1,3.4,0.33,1.4,2.7,0.52,0.506,0.5,0.8,0.682,0.4,1.7,2,3.8,1,0.1,1.1,1.8,6.6
308,Bogdan Bogdanović,33,LAC,SG,23,3,19.7,2.6,6.6,0.388,1.4,4.1,0.347,1.1,2.5,0.456,0.497,0.9,1.1,0.8,0.3,2.3,2.6,2.2,0.4,0.1,1.2,2,7.4
309,Caris LeVert,31,DET,SG,60,0,19.2,2.7,6.5,0.417,1,3,0.333,1.7,3.5,0.488,0.494,1,1.4,0.679,0.4,1.6,2,2.7,0.9,0.7,1.4,1.5,7.4
310,Cameron Payne,31,PHI,PG,22,1,17,2.5,6.8,0.376,1.5,4.4,0.33,1.1,2.4,0.462,0.483,0.9,1,0.864,0.1,1.9,2,2.6,1.1,0.3,0.5,1.4,7.4
311,Jamir Watkins,24,WAS,SG,50,7,20.6,2.6,5.9,0.446,0.9,3.2,0.297,1.7,2.8,0.616,0.525,1.1,1.6,0.695,1,2.9,3.9,1.3,1.1,0.5,0.8,2.6,7.4
312,Kris Dunn,31,LAC,PG,82,68,27.2,2.8,5.8,0.476,1,2.6,0.374,1.8,3.2,0.559,0.56,0.8,1,0.765,0.7,2.6,3.3,3.6,1.6,0.2,1.4,2.3,7.3
313,Nikola Jović,22,MIA,PF,47,1,17.2,2.4,6.7,0.366,1,3.6,0.269,1.5,3.1,0.476,0.438,1.5,2.1,0.683,0.5,2.7,3.3,2.2,0.6,0.4,1.4,1.4,7.3
314,Kobe Sanders,23,LAC,SG,68,16,19.9,2.6,5.6,0.466,1.2,2.9,0.408,1.5,2.8,0.527,0.57,0.8,1,0.826,0.4,1.8,2.3,1.6,0.7,0.1,1.2,2.1,7.3
315,Jalen Slawson,26,IND,SF,13,6,23.9,2.6,5.9,0.442,1.2,3.1,0.375,1.5,2.8,0.514,0.539,0.9,1.3,0.706,0.5,3.8,4.4,2.8,1.5,1.1,1.3,2.1,7.3
316,Terance Mann,29,BRK,SG,63,51,24.3,2.7,5.8,0.457,0.9,2.4,0.364,1.8,3.4,0.523,0.533,1,1.3,0.788,1.1,2.1,3.2,3,0.7,0.2,1.1,2.5,7.2
317,Pat Spencer,29,GSW,PG,66,14,18.6,2.8,6.6,0.427,0.9,2.5,0.357,1.9,4.1,0.47,0.495,0.7,0.9,0.772,0.8,1.6,2.4,3.5,0.7,0.1,1.3,1.1,7.2
318,Julian Strawther,23,DEN,SG,57,14,15.1,2.6,5.6,0.467,1,2.6,0.387,1.6,3,0.538,0.558,1,1.2,0.814,0.2,1.8,2,1.1,0.4,0.1,0.6,1.3,7.2
319,Jaylin Williams,23,OKC,PF,65,11,19.6,2.3,5.4,0.423,1.5,3.9,0.383,0.8,1.5,0.531,0.563,1.1,1.4,0.793,0.5,5,5.5,2.4,0.5,0.6,1,2,7.2
320,Leaky Black,26,WAS,SF,15,9,28.9,2.7,6.9,0.388,1.3,3.7,0.345,1.4,3.2,0.438,0.481,0.5,0.5,0.875,1,4,5,1.5,1.2,0.5,0.9,2.7,7.1
321,Seth Curry,35,GSW,SG,10,0,13.3,2.4,4.9,0.49,1.2,2.5,0.48,1.2,2.4,0.5,0.612,1.1,1.2,0.917,0.4,0.8,1.2,1,0.3,0,0.2,0.7,7.1
322,Ben Sheppard,24,IND,SG,65,20,21.4,2.6,6,0.434,1.3,3.6,0.362,1.3,2.4,0.542,0.543,0.6,0.8,0.765,0.7,2.3,3,1.8,0.6,0.1,0.6,1.8,7.1
323,Lawson Lovering,22,MEM,C,2,1,24.5,3,5,0.6,0,0,,3,5,0.6,0.6,1,2.5,0.4,3,4.5,7.5,1.5,1.5,0.5,1,3.5,7
324,Ethan Thompson,26,IND,SG,32,13,20.4,2.3,6.1,0.378,1.2,3.6,0.328,1.1,2.5,0.45,0.474,1.2,1.5,0.787,0.5,1.6,2.2,1.8,0.6,0.3,0.8,2.2,7
325,Grant Williams,27,CHO,PF,36,3,19.8,2.2,5.1,0.426,1.4,3.7,0.388,0.7,1.4,0.531,0.568,1.2,1.5,0.815,1.3,2.7,3.9,1.6,0.5,0.5,0.9,1.6,7
326,Patrick Williams,24,CHI,PF,72,6,20.5,2.5,6.6,0.372,1.3,3.8,0.347,1.2,2.8,0.407,0.472,0.8,1,0.72,0.7,2.3,3,1.5,0.7,0.4,1,1.3,7
327,Javonte Green,32,DET,SG,82,6,17.6,2.3,5,0.447,1.1,3,0.381,1.1,2,0.545,0.56,1.3,1.5,0.84,0.8,2,2.8,0.7,1.2,0.3,0.5,1.3,6.9
328,Moritz Wagner,28,ORL,C,36,0,11.9,2.3,5.4,0.426,0.6,1.9,0.314,1.7,3.5,0.488,0.482,1.6,2,0.819,0.8,2.4,3.2,0.8,0.4,0.1,0.5,1.6,6.9
329,MarJon Beauchamp,25,PHI,SF,14,1,14,2.4,5.4,0.434,1.1,3.4,0.34,1.2,2.1,0.586,0.539,0.9,1.4,0.684,0.5,1.8,2.3,1.1,0.6,0.3,0.9,0.9,6.8
330,Elijah Harkless,25,UTA,SG,26,9,21,2.1,6.2,0.335,0.8,3.4,0.239,1.3,2.8,0.452,0.401,1.9,2.5,0.766,0.4,1.7,2,2.9,1.2,0.2,1,2,6.8
331,Keon Ellis,26,2TM,SG,72,11,20.5,2.3,5.3,0.44,1.3,3.5,0.363,1.1,1.8,0.586,0.559,0.7,1,0.729,0.5,1.3,1.9,1,1.2,0.6,0.6,1.9,6.7
331,Keon Ellis,26,SAC,SG,43,5,17.6,1.9,4.9,0.397,1.2,3.3,0.368,0.7,1.5,0.462,0.524,0.5,0.7,0.625,0.3,0.9,1.3,0.6,1.1,0.5,0.5,1.6,5.6
331,Keon Ellis,26,CLE,SG,29,6,24.8,3,6,0.491,1.3,3.7,0.355,1.7,2.3,0.706,0.6,1.1,1.3,0.816,0.8,2,2.8,1.6,1.3,0.8,0.7,2.2,8.3
332,Isaiah Jackson,24,2TM,C,55,14,16.5,2.7,4.3,0.637,0,0.1,0,2.7,4.3,0.645,0.637,1.2,1.9,0.648,2.1,3.2,5.3,0.9,0.7,0.9,1.1,2.7,6.7
332,Isaiah Jackson,24,IND,C,38,14,16.8,2.5,4.3,0.582,0,0,0,2.5,4.3,0.585,0.582,1.3,1.9,0.689,2.3,3.3,5.6,0.8,0.7,0.8,1.1,2.8,6.4
332,Isaiah Jackson,24,LAC,C,17,0,15.9,3.2,4.2,0.764,0,0.1,0,3.2,4.1,0.786,0.764,1,1.8,0.548,1.6,3.1,4.6,1.2,0.6,1.2,0.9,2.3,7.5
333,Cole Anthony,25,MIL,PG,35,0,15.1,2.8,6.6,0.424,0.6,2.1,0.306,2.2,4.5,0.478,0.472,0.5,0.7,0.615,0.5,2,2.5,3.5,0.6,0.3,1.9,2.1,6.7
334,Kevin Love,37,UTA,PF,37,5,16.6,2.1,5.4,0.397,1.4,3.8,0.373,0.7,1.5,0.456,0.53,1,1.2,0.841,1.5,4.3,5.8,1.8,0.4,0.2,0.8,1.5,6.7
335,Robert Williams,28,POR,C,59,1,17.1,3,4.2,0.708,0.2,0.4,0.391,2.8,3.8,0.74,0.726,0.6,1,0.596,2.4,4.6,7,1,0.6,1.5,0.8,1.3,6.7
336,Ryan Nembhard,22,DAL,PG,60,27,19.5,2.7,6.5,0.415,0.8,2.3,0.356,1.9,4.3,0.447,0.477,0.4,0.5,0.806,0.2,2,2.2,5.3,0.4,0,1.4,1.4,6.6
337,Jamal Shead,23,TOR,PG,82,12,22.6,2.3,6.1,0.367,1,3.2,0.321,1.2,3,0.417,0.45,1.1,1.4,0.784,0.3,1.4,1.7,5.4,0.9,0.2,1.4,2,6.6
338,Oso Ighodaro,23,PHO,PF,82,24,22,2.9,4.5,0.653,0,0,0,2.9,4.5,0.655,0.653,0.6,1.4,0.453,1.7,3.4,5.1,2.3,0.9,0.7,1.2,2.7,6.5
339,Luke Kornet,30,SAS,C,68,25,21,2.6,4,0.643,0,0,,2.6,4,0.643,0.643,1.4,1.7,0.825,2.7,3.4,6.1,1.9,0.5,1,0.4,1.8,6.5
340,Drake Powell,20,BRK,SG,63,24,21,2.3,5.7,0.402,0.8,2.9,0.28,1.5,2.8,0.528,0.473,1.1,1.2,0.896,0.3,1.4,1.8,1.4,0.6,0.2,1,1.4,6.5
341,Trendon Watford,25,PHI,PF,53,7,16.3,2.6,5.1,0.515,0.2,0.9,0.2,2.4,4.1,0.587,0.534,1.1,1.5,0.779,0.7,2.6,3.3,2.5,0.3,0.4,1.2,2,6.5
342,Kenrich Williams,31,OKC,PF,56,2,15.3,2.5,5.3,0.473,0.9,2.3,0.388,1.6,3,0.539,0.557,0.6,0.9,0.635,1.1,2.3,3.3,1.4,0.6,0.1,0.8,1.1,6.5
343,Jevon Carter,30,2TM,PG,53,1,16.4,2.3,5.8,0.401,1.5,4.1,0.363,0.8,1.7,0.489,0.528,0.3,0.4,0.789,0.3,1.4,1.7,1.6,0.8,0.2,0.7,1.1,6.4
343,Jevon Carter,30,CHI,PG,23,0,11,1.8,4.5,0.398,1.4,3.4,0.41,0.4,1.1,0.36,0.553,0.4,0.4,1,0.2,0.9,1.1,0.8,0.6,0.1,0.5,0.8,5.4
343,Jevon Carter,30,ORL,PG,30,1,20.4,2.7,6.8,0.402,1.5,4.6,0.336,1.2,2.2,0.537,0.515,0.2,0.3,0.556,0.3,1.8,2.1,2.3,0.9,0.3,0.8,1.3,7.2
344,Andre Drummond,32,PHI,C,63,25,19.5,2.5,5.3,0.472,0.5,1.4,0.356,2,3.9,0.514,0.519,0.8,1.3,0.631,3.2,5.3,8.4,1.3,0.6,0.8,1,2,6.4
345,Will Richard,23,GSW,SG,69,21,20,2.3,5,0.468,1,3.1,0.335,1.3,1.9,0.679,0.571,0.7,0.8,0.852,1,1.5,2.5,1.3,1.2,0.1,0.8,1.9,6.4
346,Jalen Wilson,25,BRK,PF,54,2,15.9,2,5.1,0.396,1,2.8,0.355,1,2.3,0.444,0.493,1.3,1.8,0.719,0.3,1.8,2.1,0.9,0.4,0,0.7,1.6,6.4
347,Rob Dillingham,21,2TM,PG,65,0,14.9,2.5,6.3,0.396,0.6,2,0.316,1.9,4.3,0.434,0.447,0.6,0.8,0.745,0.3,1.7,2,2.2,0.7,0.1,1.5,1.8,6.3
347,Rob Dillingham,21,MIN,PG,35,0,9.3,1.3,4,0.333,0.3,0.9,0.364,1,3.1,0.324,0.376,0.4,0.6,0.75,0.1,1,1.2,1.7,0.5,0.1,1,1,3.5
347,Rob Dillingham,21,CHI,PG,30,0,21.5,3.9,9,0.428,1,3.3,0.3,2.9,5.7,0.503,0.483,0.9,1.2,0.743,0.5,2.5,3,2.8,0.9,0.1,2.1,2.6,9.6
348,Tyrese Martin,26,2TM,SG,46,6,16.9,2.4,6,0.394,1.2,3.6,0.321,1.2,2.4,0.5,0.489,0.4,0.6,0.679,0.7,1.8,2.5,1.7,0.5,0.1,0.9,0.7,6.3
348,Tyrese Martin,26,BRK,SG,37,6,18.8,2.7,6.9,0.392,1.4,4.1,0.336,1.3,2.8,0.476,0.492,0.5,0.7,0.731,0.9,2,2.9,1.9,0.6,0.1,0.9,0.8,7.3
348,Tyrese Martin,26,PHI,SG,9,0,9,1,2.4,0.409,0.2,1.4,0.154,0.8,1,0.778,0.455,0,0.2,0,0.2,0.9,1.1,1,0.3,0.2,0.8,0.3,2.2
349,Kyle Anderson,32,3TM,SF,43,5,19.8,2.5,4.7,0.53,0.1,0.3,0.364,2.4,4.4,0.539,0.54,1.1,1.6,0.706,1,2.5,3.5,2.9,1,0.6,0.9,2.2,6.2
349,Kyle Anderson,32,UTA,SF,20,0,20.1,2.9,5.5,0.523,0.2,0.3,0.6,2.7,5.2,0.519,0.537,1.3,1.9,0.658,1,2.4,3.3,3.1,1.2,0.5,0.9,2.3,7.1
349,Kyle Anderson,32,MEM,SF,4,3,22.3,3.8,4.8,0.789,0.3,0.3,1,3.5,4.5,0.778,0.816,1.5,2,0.75,0.8,2.8,3.5,0.8,1.5,1,1.8,3,9.3
349,Kyle Anderson,32,MIN,SF,19,2,19.1,1.8,3.9,0.473,0,0.3,0,1.8,3.6,0.507,0.473,0.9,1.2,0.773,1.1,2.6,3.7,3.3,0.8,0.6,0.8,2,4.6
350,Thomas Bryant,28,CLE,C,60,1,12.2,2.3,4.5,0.506,0.8,2.2,0.359,1.5,2.3,0.647,0.594,0.9,1.1,0.803,1,2.4,3.4,0.6,0.3,0.4,0.5,1.3,6.2
351,Alex Caruso,31,OKC,SG,56,0,18.2,2.3,5.4,0.423,0.9,3.2,0.293,1.3,2.1,0.622,0.512,0.7,0.9,0.804,0.5,2.3,2.8,2,1.3,0.3,0.9,1.2,6.2
352,Kasparas Jakučionis,19,MIA,PG,53,12,17.8,1.9,4.5,0.429,1.2,2.9,0.423,0.7,1.5,0.439,0.567,1.1,1.2,0.879,0.8,1.8,2.6,2.6,0.6,0.1,0.9,1.9,6.2
353,Jahmai Mashack,23,MEM,SG,31,7,21.7,2.5,6.3,0.395,0.6,2.4,0.253,1.9,3.9,0.483,0.444,0.6,1.1,0.543,0.7,1.9,2.6,2.2,1.2,0.5,1.6,2.2,6.2
354,Nick Smith Jr.,21,LAL,SG,30,1,12.5,2.3,5.4,0.435,1.1,2.9,0.395,1.2,2.5,0.48,0.54,0.4,0.5,0.733,0.1,0.7,0.8,1,0.3,0.1,0.7,0.9,6.2
355,Mac McClung,27,2TM,SG,11,0,12.3,2.1,5.4,0.39,0.6,2.7,0.233,1.5,2.6,0.552,0.449,1.3,1.6,0.778,0.2,0.7,0.9,0.9,1,0.3,0.8,1.7,6.1
355,Mac McClung,27,IND,SG,3,0,11.3,2.3,6,0.389,0.7,3.3,0.2,1.7,2.7,0.625,0.444,1,1.3,0.75,0,1.3,1.3,0.3,1.7,0.3,0.7,2,6.3
355,Mac McClung,27,CHI,SG,8,0,12.6,2,5.1,0.39,0.6,2.5,0.25,1.4,2.6,0.524,0.451,1.4,1.8,0.786,0.3,0.5,0.8,1.1,0.8,0.3,0.9,1.6,6
356,Gradey Dick,22,TOR,SG,76,1,14,2.1,5.1,0.419,0.7,2.4,0.301,1.4,2.6,0.53,0.492,1,1.2,0.875,0.6,1.4,1.9,0.7,0.6,0.1,0.6,1.3,6
357,Justin Edwards,22,PHI,SF,64,12,15.3,2.2,5,0.447,1,2.8,0.372,1.2,2.2,0.543,0.552,0.5,0.6,0.846,0.4,1.1,1.5,1.3,0.8,0.2,0.6,1.4,6
358,Hayden Gray,22,UTA,SG,1,0,25,2,3,0.667,0,1,0,2,2,1,0.667,2,2,1,0,0,0,1,1,1,1,0,6
359,Tidjane Salaün,20,CHO,PF,37,0,15.5,2.2,4.3,0.503,1,2.2,0.434,1.2,2.1,0.579,0.616,0.7,1.1,0.65,0.7,3.3,4,0.7,0.4,0.2,0.7,1.5,6
360,Goga Bitadze,26,ORL,C,64,3,15.2,2.4,3.5,0.676,0,0.2,0.182,2.3,3.3,0.701,0.68,1.1,1.5,0.711,2.1,2.9,5,1.3,0.6,1,0.7,2.1,5.9
361,Charles Bassey,25,4TM,C,13,0,11.8,2.4,3.6,0.66,0,0,,2.4,3.6,0.66,0.66,1.1,1.5,0.7,1.8,2.6,4.4,0.5,0.3,0.8,0.5,1.5,5.8
361,Charles Bassey,25,MEM,C,2,0,15.5,1.5,4,0.375,0,0,,1.5,4,0.375,0.375,0.5,1.5,0.333,3.5,4,7.5,1,0.5,0.5,0.5,2.5,3.5
361,Charles Bassey,25,PHI,C,1,0,5,1,1,1,0,0,,1,1,1,1,0,0,,0,0,0,0,0,1,0,0,2
361,Charles Bassey,25,BOS,C,5,0,3.4,1.2,1.4,0.857,0,0,,1.2,1.4,0.857,0.857,0.4,0.8,0.5,0.8,0.4,1.2,0,0.2,0.4,0.2,0.6,2.8
361,Charles Bassey,25,GSW,C,5,0,20,4.2,6.2,0.677,0,0,,4.2,6.2,0.677,0.677,2.2,2.6,0.846,2.4,4.8,7.2,1,0.4,1.4,0.8,2.2,10.6
362,Kobe Brown,26,2TM,PF,61,10,15.8,2.1,4.4,0.469,0.9,2.3,0.374,1.2,2.2,0.568,0.565,0.8,1,0.797,1.1,1.9,3,1.3,0.4,0.2,0.9,1.1,5.8
362,Kobe Brown,26,LAC,PF,34,0,8.7,1,2.5,0.393,0.4,1.4,0.265,0.6,1,0.571,0.47,0.6,0.8,0.808,0.5,1,1.6,0.8,0.3,0.1,0.4,0.5,2.9
362,Kobe Brown,26,IND,PF,27,10,24.7,3.5,6.9,0.503,1.4,3.3,0.433,2,3.6,0.567,0.607,1,1.2,0.788,1.9,3,4.9,2,0.5,0.4,1.4,2,9.4
363,Nick Richards,28,2TM,C,48,6,14.6,2.1,4.2,0.512,0.1,0.4,0.278,2,3.8,0.536,0.525,1.4,2.1,0.644,1.6,3.5,5.1,0.3,0.2,0.7,1.2,1.8,5.8
363,Nick Richards,28,PHO,C,28,2,9.1,1.3,2.5,0.493,0,0,,1.3,2.5,0.493,0.493,0.7,1,0.679,1.3,2,3.3,0.3,0.1,0.5,0.9,1.4,3.2
363,Nick Richards,28,CHI,C,20,4,22.4,3.4,6.5,0.523,0.3,0.9,0.278,3.2,5.6,0.563,0.542,2.3,3.7,0.63,2.1,5.5,7.6,0.4,0.3,0.9,1.7,2.5,9.4
364,Steven Adams,32,HOU,C,32,11,22.8,2.2,4.3,0.504,0,0,,2.2,4.3,0.504,0.504,1.5,2.5,0.58,4.5,4.1,8.6,1.5,0.7,0.6,1.1,1.7,5.8
365,Branden Carlson,26,OKC,C,42,4,11.6,2.3,4.4,0.527,0.7,2,0.36,1.6,2.4,0.67,0.61,0.4,0.6,0.577,0.7,2.3,3,0.7,0.2,0.6,0.4,0.9,5.8
366,Ryan Dunn,23,PHO,SF,70,16,19.4,2.3,5.2,0.453,0.8,2.4,0.331,1.5,2.8,0.56,0.53,0.3,0.7,0.489,1.4,2.8,4.2,1.5,0.9,0.4,0.8,1.9,5.8
367,Anthony Gill,33,WAS,PF,55,8,17.3,2.5,3.9,0.628,0.3,0.9,0.354,2.1,3,0.707,0.667,0.6,0.8,0.739,1.1,1.8,2.9,1.3,0.6,0.4,0.7,1.6,5.8
368,Kris Murray,25,POR,SF,57,15,23.4,2.3,4.8,0.467,0.6,2.1,0.279,1.7,2.7,0.617,0.529,0.7,1,0.684,1.6,2,3.6,1.4,0.9,0.4,0.8,1.6,5.8
369,Matisse Thybulle,28,POR,SG,30,0,16,1.9,4.5,0.433,1.2,3.1,0.398,0.7,1.4,0.512,0.571,0.7,0.8,0.84,0.6,1.4,2,0.9,2,0.5,0.9,1.4,5.8
370,Nae'Qwan Tomlin,25,CLE,PF,64,3,15.7,2.3,4.9,0.478,0.4,1.8,0.235,1.9,3.1,0.618,0.521,0.7,1,0.77,1.3,1.6,2.9,0.8,0.6,0.5,0.5,2,5.8
371,Dean Wade,29,CLE,PF,59,38,22.3,2.1,4.7,0.439,1.2,3.3,0.362,0.9,1.4,0.622,0.567,0.5,0.6,0.711,0.9,3.3,4.2,1.5,0.7,0.4,0.3,1.5,5.8
372,Jamaree Bouyea,26,PHO,PG,46,1,14,2.3,5.1,0.458,0.5,1.7,0.295,1.8,3.4,0.538,0.506,0.5,0.8,0.686,0.4,1.4,1.8,1.8,0.6,0.3,0.7,0.8,5.7
373,E.J. Liddell,25,BRK,PF,26,5,13.4,2.1,4.3,0.486,0.7,2,0.346,1.4,2.3,0.61,0.568,0.8,1,0.808,0.5,2.1,2.7,0.9,0.2,0.4,0.6,1.7,5.7
374,Karlo Matković,24,NOP,PF,62,2,14.7,2.3,3.8,0.604,0.6,1.5,0.422,1.7,2.3,0.717,0.685,0.5,0.7,0.732,1.2,2.5,3.7,0.8,0.4,0.9,0.5,1.7,5.7
375,Doug McDermott,34,SAC,SF,29,0,15.1,1.9,4.8,0.388,1.7,4.2,0.39,0.2,0.6,0.375,0.561,0.3,0.3,0.889,0.2,1,1.3,0.8,0.2,0.1,0.4,1,5.7
376,Yves Missi,21,NOP,C,66,14,19.7,2.4,4.5,0.544,0,0,0,2.4,4.4,0.546,0.544,0.9,1.5,0.559,2.8,3.1,5.8,1.3,0.3,1.5,0.8,1.7,5.7
377,Mitchell Robinson,27,NYK,C,60,16,19.6,2.5,3.4,0.723,0,0,,2.5,3.4,0.723,0.723,0.7,1.7,0.408,4.2,4.6,8.8,0.9,0.9,1.2,0.7,2.1,5.7
378,Guerschon Yabusele,30,2TM,C,67,19,15,1.9,4.7,0.401,1,2.9,0.352,0.8,1.7,0.483,0.511,0.8,1.1,0.75,0.8,2.7,3.5,0.9,0.4,0.2,0.6,1.2,5.6
378,Guerschon Yabusele,30,NYK,C,41,0,8.9,1,2.6,0.393,0.5,1.7,0.294,0.5,1,0.564,0.486,0.2,0.3,0.667,0.6,1.5,2.1,0.4,0.1,0.1,0.4,0.9,2.7
378,Guerschon Yabusele,30,CHI,C,26,19,24.7,3.2,7.9,0.405,1.9,4.9,0.383,1.3,3,0.442,0.524,1.8,2.3,0.767,1.2,4.4,5.7,1.7,0.8,0.4,1,1.7,10
379,Terrence Shannon Jr.,25,MIN,SG,43,2,12.5,1.8,4,0.45,0.7,1.8,0.408,1.1,2.2,0.484,0.541,1.3,1.6,0.8,0.2,0.9,1.1,0.9,0.3,0,0.6,1.2,5.6
380,Dru Smith,28,MIA,SG,70,1,16.3,1.9,4.6,0.415,0.5,1.8,0.295,1.4,2.8,0.495,0.474,1.2,1.5,0.829,0.9,1.6,2.5,2.6,1.4,0.3,0.8,1.6,5.6
381,Eric Gordon,37,PHI,SG,6,0,12.3,2,3.5,0.571,1.3,2.3,0.571,0.7,1.2,0.571,0.762,0.2,0.3,0.5,0.2,0.2,0.3,0.5,0.7,0.2,0.5,0.5,5.5
382,Killian Hayes,24,SAC,PG,23,3,17.7,1.8,6,0.304,0.7,2.7,0.27,1.1,3.3,0.333,0.366,1.1,1.2,0.929,0.2,2.2,2.3,3.5,0.9,0.2,1.2,1.6,5.5
383,Aaron Holiday,29,HOU,PG,57,1,13.7,1.8,4.4,0.417,1.2,3,0.394,0.7,1.4,0.463,0.55,0.6,0.7,0.854,0.2,0.8,1,1.1,0.5,0.1,0.7,1.3,5.5
384,Jett Howard,22,ORL,SF,55,0,12.6,1.9,4.6,0.418,1,2.6,0.372,0.9,1.9,0.481,0.526,0.7,0.7,0.949,0.4,1.2,1.6,0.8,0.2,0.2,0.3,1.2,5.5
385,Spencer Jones,24,DEN,SF,64,37,22.1,2.1,4.1,0.504,0.9,2.3,0.396,1.2,1.8,0.636,0.613,0.5,0.8,0.608,1.2,2.1,3.3,0.8,0.8,0.5,0.5,2.7,5.5
386,Tre Mann,24,CHO,PG,53,1,12.6,2.1,5.7,0.36,0.9,2.9,0.323,1.1,2.8,0.399,0.442,0.4,0.5,0.852,0.4,1.4,1.7,1.6,0.5,0.1,1,1.3,5.5
387,Baylor Scheierman,25,BOS,SG,77,20,18.6,2,4.3,0.453,1.3,3.2,0.399,0.7,1.2,0.6,0.599,0.4,0.4,0.903,0.7,2.8,3.5,1.5,0.5,0.1,0.6,1.4,5.5
388,Jamal Cain,26,ORL,SF,40,1,12.2,1.9,3.8,0.487,0.7,1.8,0.384,1.2,2,0.582,0.579,1,1.2,0.848,0.7,1.3,2,0.7,0.3,0.1,0.5,1.3,5.4
389,Dylan Cardwell,24,SAC,C,44,1,20.6,2.4,4.1,0.587,0,0.1,0.5,2.3,4,0.589,0.592,0.6,1.2,0.51,3.3,4.2,7.5,1.4,0.7,1.5,0.9,3.7,5.4
390,Haywood Highsmith,29,PHO,SF,7,0,13,1.7,3.3,0.522,1.1,2,0.571,0.6,1.3,0.444,0.696,0.9,1,0.857,0.9,1,1.9,1,0.6,0,0,1.3,5.4
391,Sion James,23,CHO,SG,82,19,22.5,1.7,4.5,0.371,1,2.9,0.352,0.7,1.7,0.404,0.483,1,1.2,0.837,0.6,2.9,3.5,2,0.6,0.2,0.8,1.8,5.4
392,Pete Nance,25,MIL,PF,47,6,15.7,2.1,4.1,0.515,1.1,2.5,0.42,1.1,1.6,0.667,0.644,0.1,0.2,0.364,0.6,2.1,2.7,1,0.3,0.3,0.6,1.3,5.4
393,Tyrese Proctor,21,CLE,PG,50,1,10.9,1.9,4.5,0.413,0.9,2.6,0.351,0.9,1.9,0.5,0.516,0.8,0.9,0.889,0.2,1.1,1.3,1.5,0.5,0,0.8,1.2,5.4
394,Jordan Walsh,21,BOS,PF,68,25,17.8,2,3.9,0.509,0.7,1.8,0.384,1.3,2.1,0.62,0.599,0.6,0.8,0.772,1.3,2.8,4,0.8,0.7,0.5,0.5,2,5.4
395,Rayan Rupert,21,2TM,SG,64,8,16.8,1.9,4.9,0.393,0.7,2.1,0.324,1.2,2.8,0.446,0.463,0.7,0.8,0.778,0.8,2.2,2.9,1.1,0.9,0.1,0.9,1.9,5.2
395,Rayan Rupert,21,POR,SG,48,0,12,1.1,3.1,0.361,0.5,1.5,0.31,0.6,1.6,0.408,0.435,0.2,0.3,0.643,0.5,1.3,1.8,0.7,0.6,0,0.6,1.3,2.9
395,Rayan Rupert,21,MEM,SG,16,8,30.9,4.4,10.4,0.422,1.4,4.1,0.338,3,6.3,0.475,0.488,2.1,2.5,0.825,1.6,4.8,6.4,2.1,1.6,0.4,1.7,4,12.2
396,Trey Alexander,22,NOP,SG,9,0,12.3,2.1,4.1,0.514,0.7,1.3,0.5,1.4,2.8,0.52,0.595,0.3,0.6,0.6,0.1,1.1,1.2,1,0.7,0.2,0.3,1.4,5.2
397,Drew Eubanks,28,SAC,C,42,11,13.1,2.2,3.7,0.596,0,0.2,0.143,2.2,3.5,0.617,0.599,0.8,1.4,0.561,0.9,2.1,3,0.5,0.4,0.6,0.7,1.4,5.2
398,Andersson Garcia,25,UTA,SF,5,2,33.8,1.8,5.8,0.31,0.2,2.6,0.077,1.6,3.2,0.5,0.328,1.4,1.8,0.778,3.4,5,8.4,2.8,1.6,0.8,1.4,3.2,5.2
399,Garrison Mathews,29,IND,SG,15,1,13.1,1.4,3.5,0.404,1.1,3.1,0.37,0.3,0.4,0.667,0.567,1.3,1.5,0.826,0.1,1,1.1,0.7,0.4,0.2,0.2,1.3,5.2
400,Asa Newell,20,ATL,PF,44,2,11.4,2.1,3.8,0.538,0.7,1.7,0.387,1.4,2.1,0.66,0.624,0.4,0.7,0.552,1,1.2,2.2,0.6,0.4,0.3,0.5,1.5,5.2
401,Jalen Pickett,26,DEN,SG,50,18,16.1,2,4.6,0.422,1,2.5,0.386,1,2.1,0.467,0.528,0.3,0.4,0.789,0.4,1.9,2.3,2.3,0.3,0.1,0.7,0.8,5.2
402,Marcus Sasser,25,DET,PG,38,5,12,1.8,4.7,0.39,1.2,2.8,0.415,0.7,1.9,0.352,0.514,0.4,0.5,0.833,0.2,0.8,1,2,0.5,0.1,0.8,1.1,5.2
403,Nikola Topić,20,OKC,PG,10,2,16,2.2,5.1,0.431,0.6,1.5,0.4,1.6,3.6,0.444,0.49,0.2,0.5,0.4,0.7,1.2,1.9,4.4,0.5,0,2.5,1.3,5.2
404,Ochai Agbaji,25,2TM,SG,62,13,15.7,2,4.5,0.436,0.5,2.1,0.266,1.4,2.5,0.579,0.496,0.6,0.7,0.837,0.7,1.5,2.3,0.8,0.4,0.3,0.5,1.5,5.1
404,Ochai Agbaji,25,TOR,SG,42,13,15.5,1.7,4,0.424,0.3,1.5,0.185,1.4,2.5,0.571,0.459,0.6,0.7,0.862,0.8,1.5,2.3,0.7,0.4,0.3,0.5,1.8,4.3
404,Ochai Agbaji,25,BRK,SG,20,0,16.2,2.5,5.5,0.455,1.1,3.2,0.349,1.4,2.4,0.596,0.555,0.6,0.7,0.786,0.7,1.7,2.3,0.9,0.4,0.3,0.6,0.9,6.7
405,Sidy Cissoko,21,POR,SF,75,26,19.1,1.8,4.5,0.398,0.8,2.6,0.298,1,1.8,0.544,0.487,0.8,1.2,0.659,0.8,1.4,2.2,1.5,0.7,0.3,0.9,2.4,5.1
406,Johnny Furphy,21,IND,SG,35,21,18.4,2,4.3,0.47,0.7,2,0.324,1.3,2.2,0.603,0.547,0.5,1,0.486,0.9,3.5,4.4,1.2,0.6,0.2,0.8,1.9,5.1
407,Jordan Hawkins,23,NOP,SG,51,1,13.6,1.8,5,0.366,0.9,2.6,0.348,0.9,2.4,0.385,0.457,0.5,0.5,0.852,0.4,1.3,1.7,0.8,0.3,0.2,0.7,0.6,5.1
408,Jericho Sims,27,MIL,C,67,19,19.7,2.2,2.8,0.784,0,0,,2.2,2.8,0.784,0.784,0.7,1.1,0.62,2.2,3.3,5.5,1.6,0.3,0.3,1.1,2.2,5
409,Adem Bona,22,PHI,C,71,18,17.4,1.8,3.1,0.595,0,0.1,0.333,1.8,3,0.603,0.6,1.1,1.6,0.708,1.8,2.5,4.3,0.5,0.4,1.2,0.8,2.2,4.8
410,Blake Wesley,22,POR,SG,31,0,11.6,1.8,4,0.452,0.3,1.2,0.278,1.5,2.8,0.523,0.492,0.8,1.5,0.553,0.3,1,1.3,2,0.5,0.2,1,1.1,4.8
411,Tyler Smith,21,DAL,PF,12,0,13.8,1.8,4.2,0.42,0.8,2.9,0.286,0.9,1.3,0.733,0.52,0.3,0.5,0.667,1,1.8,2.8,0.4,0.5,0,0.5,1.1,4.7
412,KJ Simpson,23,2TM,PG,20,2,12.9,1.7,5,0.343,0.6,2,0.3,1.1,3,0.373,0.404,0.6,0.9,0.611,0.5,1.4,1.9,2.2,0.8,0,1.3,0.9,4.6
412,KJ Simpson,23,CHO,PG,14,2,15.9,2.2,6.4,0.348,0.9,2.8,0.308,1.4,3.6,0.38,0.416,0.7,1.1,0.625,0.4,1.7,2.1,2.5,1.1,0,1.7,1,6
412,KJ Simpson,23,DEN,PG,6,0,5.7,0.5,1.7,0.3,0,0.2,0,0.5,1.5,0.333,0.3,0.2,0.3,0.5,0.7,0.7,1.3,1.3,0.2,0,0.2,0.7,1.2
413,Lonzo Ball,28,CLE,PG,35,3,20.8,1.5,5,0.301,1.1,4.2,0.272,0.4,0.8,0.448,0.415,0.4,0.6,0.667,0.7,3.3,4,3.9,1.3,0.3,1.5,1.3,4.6
414,Malaki Branham,22,WAS,SG,28,0,9.8,1.5,3.3,0.473,0.5,1.3,0.378,1,1.9,0.537,0.549,1,1.2,0.824,0.4,1.1,1.6,0.8,0.4,0.1,0.5,0.8,4.6
415,Zyon Pullin,24,MIN,SG,5,0,8.6,1.8,2.6,0.692,0.2,0.6,0.333,1.6,2,0.8,0.731,0.8,0.8,1,0.2,0.4,0.6,1.8,0.2,0,0.6,1.2,4.6
416,Jeremiah Robinson-Earl,25,2TM,PF,22,3,16.4,1.7,4.5,0.37,0.5,1.9,0.244,1.2,2.7,0.458,0.42,0.8,0.8,0.944,1.6,3,4.7,0.7,0.4,0,0.5,1.2,4.6
416,Jeremiah Robinson-Earl,25,IND,PF,17,3,17.6,1.7,4.9,0.349,0.5,1.9,0.242,1.2,2.9,0.42,0.398,0.8,0.8,0.929,1.9,3.3,5.2,0.7,0.4,0.1,0.6,1.4,4.6
416,Jeremiah Robinson-Earl,25,DAL,PF,5,0,12.2,1.6,3.4,0.471,0.4,1.6,0.25,1.2,1.8,0.667,0.529,0.8,0.8,1,0.8,2.2,3,0.6,0.4,0,0.4,0.6,4.4
417,PJ Hall,23,2TM,C,19,2,11.3,1.6,3.1,0.508,0.2,0.3,0.6,1.4,2.8,0.5,0.534,1.2,1.5,0.793,1.7,2.2,3.9,0.5,0.2,0.5,0.8,1.2,4.5
417,PJ Hall,23,MEM,C,7,0,3.9,0.7,1.3,0.556,0.1,0.4,0.333,0.6,0.9,0.667,0.611,0.3,0.4,0.667,0.4,0.9,1.3,0.3,0,0.3,0.1,0.4,1.9
417,PJ Hall,23,CHO,C,12,2,15.6,2.1,4.2,0.5,0.2,0.2,1,1.9,4,0.479,0.52,1.8,2.2,0.808,2.5,3,5.5,0.7,0.3,0.7,1.3,1.6,6.1
418,Moussa Cisse,23,DAL,C,38,1,13.9,1.7,3,0.574,0,0,,1.7,3,0.574,0.574,1,2.1,0.469,2.3,3.3,5.7,0.2,0.5,1.2,0.8,1.9,4.5
419,Mike Conley,38,MIN,PG,54,15,18.4,1.3,4,0.335,1,3.1,0.337,0.3,0.9,0.327,0.465,0.8,0.9,0.9,0.3,1.4,1.7,2.9,0.6,0.3,0.6,1.6,4.5
420,Josh Okogie,27,HOU,SG,78,32,17.4,1.6,3.8,0.425,0.8,2.1,0.385,0.8,1.7,0.474,0.531,0.5,0.9,0.594,1,1.5,2.6,0.9,0.8,0.2,0.5,1.4,4.5
421,Taelon Peter,23,IND,SG,38,0,12.9,1.6,4.2,0.38,1.1,3.3,0.328,0.5,0.9,0.576,0.509,0.3,0.4,0.625,0.3,1.3,1.6,1.1,0.7,0.1,0.7,1,4.5
422,Craig Porter Jr.,25,CLE,PG,64,3,17.9,1.8,4,0.45,0.5,1.5,0.355,1.3,2.6,0.503,0.514,0.4,0.6,0.6,1.3,2.1,3.4,3.2,0.9,0.6,0.9,1.1,4.5
423,John Konchar,29,2TM,SG,56,8,19.9,1.7,3.6,0.472,0.5,1.8,0.283,1.2,1.8,0.66,0.543,0.6,0.8,0.727,1.3,3,4.3,2.1,1.5,0.7,0.6,1.4,4.4
423,John Konchar,29,MEM,SG,30,1,14.5,1.2,2.4,0.521,0.4,1.3,0.333,0.8,1.1,0.75,0.613,0.3,0.4,0.615,0.7,2.4,3.1,1.3,1,0.4,0.5,1,3.2
423,John Konchar,29,UTA,SG,26,7,26.2,2.2,4.9,0.445,0.6,2.3,0.25,1.6,2.6,0.618,0.504,0.9,1.2,0.774,2.1,3.6,5.7,3,2,1,0.8,1.9,5.9
424,RayJ Dennis,24,3TM,PG,17,0,12.1,1.5,4.9,0.313,0.8,2.6,0.311,0.7,2.2,0.316,0.398,0.5,0.5,0.889,0.5,1.1,1.5,1.9,0.2,0.2,1,1.2,4.4
424,RayJ Dennis,24,IND,PG,13,0,12.9,1.7,5.5,0.306,0.9,2.9,0.316,0.8,2.6,0.294,0.389,0.6,0.7,0.889,0.6,1,1.6,2,0.2,0.3,1.1,1.2,4.9
424,RayJ Dennis,24,LAC,PG,1,0,4,0,0,,0,0,,0,0,,,0,0,,0,2,2,0,0,0,1,0,0
424,RayJ Dennis,24,ATL,PG,3,0,11.3,1.3,3.7,0.364,0.7,2.3,0.286,0.7,1.3,0.5,0.455,0,0,,0,1,1,2.3,0.3,0,0.7,1.7,3.3
425,Gabe Vincent,29,2TM,PG,53,7,16.6,1.4,4.1,0.352,1.1,3.3,0.341,0.3,0.8,0.395,0.488,0.4,0.4,0.87,0.3,0.7,1,1.4,0.5,0.1,0.5,1.5,4.4
425,Gabe Vincent,29,LAL,PG,29,7,19.3,1.6,4.5,0.346,1.3,3.6,0.369,0.2,0.9,0.259,0.492,0.3,0.4,0.909,0.2,0.7,0.9,1.3,0.5,0,0.4,1.8,4.8
425,Gabe Vincent,29,ATL,PG,24,0,13.3,1.3,3.6,0.36,0.9,2.9,0.3,0.4,0.7,0.625,0.483,0.4,0.5,0.833,0.4,0.7,1.1,1.6,0.5,0.1,0.6,1.1,3.9
426,Mouhamed Gueye,23,ATL,PF,77,8,15.3,1.7,3.8,0.452,0.5,1.7,0.308,1.2,2.1,0.569,0.521,0.5,0.8,0.645,1.2,2.4,3.6,0.9,0.8,0.5,0.4,1.6,4.4
427,Kam Jones,23,IND,SG,37,7,16.6,1.8,4.6,0.402,0.6,2,0.293,1.2,2.5,0.489,0.467,0.1,0.2,0.5,0.4,1.2,1.6,3.2,0.5,0,1,1.1,4.4
428,DeAndre Jordan,37,NOP,C,12,7,16.6,1.8,2.7,0.656,0,0,,1.8,2.7,0.656,0.656,0.9,1.4,0.647,2.2,4.2,6.3,0.9,0.3,0.8,0.8,1.3,4.4
429,Tyler Kolek,24,NYK,PG,62,1,11.7,1.7,4,0.435,0.7,1.8,0.386,1,2.2,0.478,0.524,0.2,0.3,0.7,0.3,1.3,1.6,2.7,0.4,0.1,0.9,1,4.4
430,Jase Richardson,20,ORL,SG,54,0,10.9,1.6,3.5,0.473,0.5,1.5,0.354,1.1,2,0.56,0.548,0.6,0.9,0.717,0.4,0.8,1.2,1.1,0.4,0,0.5,1,4.4
431,Jarred Vanderbilt,26,LAL,PF,65,3,17.4,1.7,3.7,0.471,0.4,1.5,0.293,1.3,2.2,0.596,0.531,0.5,0.9,0.589,1.2,3.3,4.5,1.3,0.8,0.3,0.9,1.6,4.4
432,Keshon Gilbert,22,2TM,SG,4,0,18.5,1.3,3,0.417,0,0.8,0,1.3,2.3,0.556,0.417,1.8,1.8,1,0.5,0.8,1.3,3,0.8,1,2,1.3,4.3
432,Keshon Gilbert,22,WAS,PG,3,0,16,0.3,1.3,0.25,0,0.7,0,0.3,0.7,0.5,0.25,1.3,1.3,1,0.7,1,1.7,1,0.7,1.3,2,1,2
432,Keshon Gilbert,22,ATL,SG,1,0,26,4,8,0.5,0,1,0,4,7,0.571,0.5,3,3,1,0,0,0,9,1,0,2,2,11
433,Rasheer Fleming,21,PHO,PF,55,1,12.2,1.6,3.9,0.405,0.8,2.4,0.346,0.8,1.5,0.494,0.509,0.3,0.6,0.559,1,1.2,2.3,0.3,0.4,0.4,0.5,1.2,4.3
434,Josh Green,25,CHO,SG,58,0,15.7,1.4,3.1,0.459,1,2.4,0.42,0.4,0.7,0.581,0.619,0.4,0.5,0.893,0.8,1,1.8,0.8,0.6,0.1,0.6,1.1,4.3
435,Keshad Johnson,24,MIA,SF,32,0,8.8,1.6,3.3,0.49,0.4,1.4,0.295,1.2,1.9,0.633,0.553,0.7,0.9,0.724,0.8,1.1,1.9,0.3,0.5,0.3,0.4,0.9,4.3
436,Yanic Konan Niederhäuser,22,LAC,C,41,0,10.3,1.6,2.4,0.64,0,0.1,0.2,1.5,2.3,0.663,0.645,1.1,1.5,0.758,0.9,2,2.9,0.3,0.1,0.7,0.6,1.6,4.3
437,Skal Labissière,29,WAS,PF,3,0,12.7,2,3.3,0.6,0.3,1.7,0.2,1.7,1.7,1,0.65,0,0,,1,2,3,1,0.7,0.3,0.3,1,4.3
438,Dereck Lively II,21,DAL,C,7,4,16.4,1.6,2.6,0.611,0,0,,1.6,2.6,0.611,0.611,1.1,1.4,0.8,2,3.3,5.3,1.9,0.6,1.6,1.4,3,4.3
439,Liam McNeeley,20,CHO,SF,31,0,11.9,1.2,3.1,0.4,0.8,1.9,0.4,0.5,1.1,0.4,0.526,1,1.3,0.821,0.4,1.9,2.4,0.8,0.2,0.1,0.4,1.2,4.3
440,Grant Nelson,23,BRK,PF,4,0,8.8,1.3,2.3,0.556,0,0,,1.3,2.3,0.556,0.556,1.8,2.5,0.7,0.3,1.3,1.5,1.3,0.3,1.3,1,1.5,4.3
441,Micah Peavy,24,NOP,SG,61,4,15,1.7,4.5,0.385,0.5,1.8,0.259,1.3,2.7,0.467,0.436,0.4,0.5,0.759,0.8,1.2,1.9,1,0.7,0.1,0.3,1.6,4.3
442,Jabari Walker,23,PHI,PF,64,6,11.9,1.5,3.3,0.455,0.5,1.5,0.337,1,1.8,0.551,0.531,0.8,1.1,0.735,1.1,1.9,3,0.5,0.4,0.2,0.4,1.6,4.3
443,Carter Bryant,20,SAS,PF,71,0,11.5,1.5,3.7,0.408,0.7,2.2,0.335,0.8,1.5,0.509,0.506,0.4,0.6,0.714,0.5,2,2.5,0.7,0.2,0.3,0.5,1.3,4.2
444,Ron Harper Jr.,25,BOS,SF,29,3,11,1.6,3.8,0.418,1,2.8,0.35,0.6,1,0.6,0.545,0.1,0.1,0.75,0.5,1.1,1.7,0.8,0.3,0.3,0.3,0.7,4.2
445,Dalton Knecht,24,LAL,SF,54,1,10.2,1.6,3.5,0.455,0.7,2.1,0.342,0.9,1.5,0.613,0.555,0.3,0.4,0.727,0.3,1.1,1.4,0.4,0.2,0.2,0.4,0.8,4.2
446,A.J. Lawson,25,TOR,SG,24,0,9.4,1.4,3.3,0.436,0.8,1.9,0.422,0.6,1.4,0.455,0.558,0.6,0.8,0.778,0.4,1.4,1.8,0.3,0.5,0.2,0.3,1.1,4.2
447,Tristan Enaruna,24,CLE,SF,9,0,9.4,1.6,3.1,0.5,0.3,1.1,0.3,1.2,2,0.611,0.554,0.7,0.9,0.75,0.8,0.8,1.6,0.8,0.6,0,0.3,0.3,4.1
448,Nicolas Batum,37,LAC,PF,74,6,17.5,1.3,3.2,0.403,1.2,3.1,0.404,0.1,0.1,0.4,0.597,0.1,0.1,0.818,0.3,2.2,2.5,0.9,0.6,0.3,0.5,1.4,4
449,Tony Bradley,28,2TM,C,41,4,11,1.6,2.9,0.547,0,0.1,0.5,1.5,2.8,0.549,0.556,0.8,1,0.744,1.5,1.4,2.8,0.5,0.1,0.2,0.4,1.5,4
449,Tony Bradley,28,IND,C,38,3,10.9,1.6,2.8,0.557,0,0.1,0.5,1.5,2.7,0.558,0.561,0.8,1.1,0.744,1.5,1.3,2.8,0.5,0.2,0.2,0.4,1.6,4
449,Tony Bradley,28,ATL,C,3,1,11.3,1.7,3.7,0.455,0.3,0.7,0.5,1.3,3,0.444,0.5,0,0,,1.3,1.7,3,0.7,0,0,0.3,0.7,3.7
450,Jaylen Clark,24,MIN,SG,68,1,13.1,1.5,3.4,0.434,0.5,1.5,0.327,1,1.9,0.52,0.507,0.6,1,0.657,0.8,1,1.8,0.6,0.7,0.1,0.3,1.3,4
451,Brandon Clarke,29,MEM,PF,2,2,10,1.5,4.5,0.333,0,0,,1.5,4.5,0.333,0.333,1,2,0.5,2,1,3,0.5,1,0,0,2.5,4
452,Riley Minix,25,2TM,SF,9,0,6.4,1.6,2.6,0.609,0.4,1.3,0.333,1.1,1.2,0.909,0.696,0.3,0.3,1,0.2,0.4,0.7,0.6,0.2,0.1,0.3,0.6,3.9
452,Riley Minix,25,SAS,SF,3,0,2.7,1.3,2,0.667,0.3,1,0.333,1,1,1,0.75,0,0,,0.3,0.3,0.7,0.3,0.3,0,0,0.3,3
452,Riley Minix,25,CLE,SF,6,0,8.3,1.7,2.8,0.588,0.5,1.5,0.333,1.2,1.3,0.875,0.676,0.5,0.5,1,0.2,0.5,0.7,0.7,0.2,0.2,0.5,0.7,4.3
453,Joan Beringer,19,MIN,PF,40,3,7.9,1.6,2.5,0.663,0,0,,1.6,2.5,0.663,0.663,0.7,0.9,0.703,1.1,1.2,2.3,0.3,0.2,0.7,0.3,1.2,3.9
454,Hugo González,19,BOS,SF,74,3,14.6,1.6,3.3,0.476,0.6,1.6,0.362,1,1.8,0.577,0.561,0.2,0.4,0.5,0.8,2.5,3.3,0.5,0.6,0.3,0.5,1.7,3.9
455,Caleb Martin,30,DAL,SF,58,12,14.8,1.5,3.3,0.45,0.3,1,0.351,1.1,2.3,0.492,0.503,0.6,1.1,0.607,0.5,2,2.5,1.4,0.7,0.3,0.7,1.5,3.9
456,Koby Brea,23,PHO,SG,12,0,7,1.3,3,0.417,1.1,2.5,0.433,0.2,0.5,0.333,0.597,0.2,0.2,1,0.1,0.6,0.7,0.8,0.1,0,0.3,0.5,3.8
457,Clint Capela,31,HOU,C,75,3,12.3,1.6,3,0.52,0,0,0.5,1.6,3,0.52,0.522,0.6,1,0.577,2.1,2.5,4.6,0.7,0.5,0.8,0.5,1,3.8
458,Noah Penda,21,ORL,SF,59,2,12.8,1.4,3.4,0.404,0.5,1.6,0.323,0.9,1.9,0.473,0.478,0.6,0.8,0.688,1.1,2,3.2,1.2,0.5,0.3,0.7,1.2,3.8
459,Omer Yurtseven,27,GSW,C,9,0,11.6,1.2,2.9,0.423,0,0.4,0,1.2,2.4,0.5,0.423,1.3,2,0.667,1.4,1.9,3.3,0.9,0.2,0.1,1,1.7,3.8
460,Patrick Baldwin Jr.,23,3TM,SF,9,1,11.3,1.2,3,0.407,0.7,1.6,0.429,0.6,1.4,0.385,0.519,0.6,0.8,0.714,1.3,1.2,2.6,0.6,0.3,0.6,0.6,1.7,3.7
460,Patrick Baldwin Jr.,23,LAC,SF,2,0,6,1.5,2,0.75,1,1.5,0.667,0.5,0.5,1,1,1,1,1,0,0.5,0.5,0,0,0,0.5,1,5
460,Patrick Baldwin Jr.,23,PHI,SF,1,0,2,0,0,,0,0,,0,0,,,0,0,,0,1,1,0,0,0,0,0,0
460,Patrick Baldwin Jr.,23,SAC,SF,6,1,14.7,1.3,3.8,0.348,0.7,1.8,0.364,0.7,2,0.333,0.435,0.5,0.8,0.6,2,1.5,3.5,0.8,0.5,0.8,0.7,2.2,3.8
461,Dalen Terry,23,2TM,SG,48,0,11.5,1.4,3.2,0.439,0.5,1.4,0.364,0.9,1.9,0.494,0.516,0.3,0.6,0.533,0.5,1.3,1.8,1.4,0.6,0.3,0.5,1,3.7
461,Dalen Terry,23,CHI,SG,34,0,11.1,1.3,3,0.441,0.6,1.4,0.413,0.8,1.6,0.464,0.534,0.3,0.5,0.529,0.6,1.3,1.9,1.3,0.6,0.3,0.6,1,3.5
461,Dalen Terry,23,PHI,SG,14,0,12.4,1.6,3.8,0.434,0.4,1.4,0.25,1.3,2.4,0.545,0.481,0.5,0.9,0.538,0.5,1.1,1.6,1.6,0.5,0.3,0.4,1.1,4.1
462,DaRon Holmes,23,DEN,PF,25,6,8.4,1.2,2.4,0.508,0.8,1.8,0.444,0.4,0.6,0.688,0.672,0.4,0.6,0.786,0.3,1.1,1.4,0.6,0,0.2,0.5,0.8,3.7
463,Larry Nance Jr.,33,CLE,PF,35,3,12.8,1.5,3.5,0.419,0.6,1.8,0.333,0.9,1.7,0.508,0.504,0.2,0.4,0.462,0.8,1.8,2.7,1,0.6,0.2,0.6,1.6,3.7
464,Zeke Nnaji,25,DEN,PF,52,4,12,1.4,2.9,0.47,0.3,1,0.259,1.1,1.9,0.588,0.517,0.7,0.8,0.773,0.6,2,2.6,0.6,0.3,0.5,0.5,1.4,3.7
465,Tolu Smith,25,DET,PF,15,0,9.1,1.2,2.4,0.5,0,0,,1.2,2.4,0.5,0.5,1.3,2,0.667,1.5,1.8,3.3,0.9,0.1,0.4,0.5,1.5,3.7
466,Jeremy Sochan,22,2TM,PF,44,0,10.7,1.5,2.9,0.496,0.3,1,0.244,1.2,1.9,0.631,0.539,0.4,0.6,0.731,0.8,1.6,2.4,0.9,0.4,0.2,0.5,1.4,3.6
466,Jeremy Sochan,22,SAS,PF,28,0,12.8,1.7,3.5,0.475,0.3,1.3,0.257,1.4,2.3,0.594,0.52,0.4,0.6,0.688,0.9,1.7,2.6,1,0.4,0.2,0.6,1.8,4.1
466,Jeremy Sochan,22,NYK,PF,16,0,6.9,1.1,1.9,0.567,0.1,0.6,0.2,0.9,1.3,0.75,0.6,0.5,0.6,0.8,0.7,1.4,2.1,0.8,0.4,0.1,0.2,0.8,2.8
467,Mohamed Diawara,20,NYK,SF,69,7,9.2,1.3,3.1,0.423,0.7,1.9,0.369,0.6,1.2,0.506,0.535,0.3,0.3,0.75,0.2,1.1,1.4,0.8,0.2,0.1,0.4,0.7,3.6
468,Myron Gardner,24,MIA,SF,45,7,9.1,1.3,2.7,0.48,0.6,1.4,0.406,0.7,1.3,0.559,0.585,0.4,0.6,0.731,0.9,1.8,2.7,1,0.4,0.2,0.4,1.7,3.6
469,Olivier Sarr,26,CLE,C,4,0,9.8,1.3,1.8,0.714,0.5,0.8,0.667,0.8,1,0.75,0.857,0.5,1.3,0.4,0.5,2.3,2.8,1.3,0.5,0.8,0.5,2.3,3.5
470,Keaton Wallace,26,ATL,PG,53,3,10.1,1.3,3.2,0.398,0.7,1.9,0.373,0.6,1.3,0.435,0.509,0.2,0.3,0.667,0.1,1,1.1,1.8,0.5,0.1,0.5,0.9,3.5
471,Trayce Jackson-Davis,25,2TM,C,53,1,9.4,1.3,2.3,0.573,0,0,1,1.3,2.3,0.569,0.577,0.7,1.4,0.514,1.2,1.5,2.7,0.7,0.3,0.5,0.4,0.8,3.4
471,Trayce Jackson-Davis,25,GSW,C,36,1,11.4,1.7,2.8,0.588,0,0,1,1.6,2.8,0.584,0.593,0.8,1.4,0.558,1.3,1.8,3.1,0.9,0.4,0.5,0.5,1.1,4.2
471,Trayce Jackson-Davis,25,TOR,C,17,0,5,0.6,1.3,0.5,0,0,,0.6,1.3,0.5,0.5,0.5,1.3,0.409,1.1,0.8,1.9,0.4,0.2,0.3,0.2,0.3,1.8
472,Taj Gibson,40,MEM,C,10,1,9.7,1.2,2.6,0.462,0.3,0.6,0.5,0.9,2,0.45,0.519,0.7,0.8,0.875,1.1,1.6,2.7,0.6,0.2,0.1,0.1,1.4,3.4
473,Yuki Kawamura,24,CHI,PG,18,0,11.6,0.9,2.9,0.327,0.6,2.1,0.297,0.3,0.8,0.4,0.433,0.9,1.1,0.895,0.4,1.4,1.8,2.6,0.5,0,0.8,0.8,3.4
474,Drew Timme,25,LAL,PF,27,1,8.7,1.4,2.4,0.576,0.4,0.9,0.44,1,1.5,0.659,0.659,0.2,0.3,0.556,0.4,0.9,1.2,0.9,0.2,0,0.5,0.7,3.4
475,AJ Johnson,21,2TM,SG,48,0,9.5,1.2,3.7,0.324,0.3,1.2,0.211,0.9,2.5,0.378,0.358,0.7,0.8,0.85,0.3,0.9,1.1,1,0.2,0.1,0.6,0.6,3.3
475,AJ Johnson,21,WAS,SG,25,0,8.6,1.1,3.3,0.325,0.3,1,0.28,0.8,2.3,0.345,0.367,0.4,0.5,0.75,0.3,0.9,1.2,0.9,0.3,0,0.7,0.6,2.8
475,AJ Johnson,21,DAL,SG,23,0,10.4,1.3,4,0.323,0.2,1.4,0.156,1.1,2.7,0.41,0.349,1.1,1.2,0.893,0.3,0.8,1,1.1,0.2,0.1,0.5,0.7,3.9
476,Dorian Finney-Smith,32,HOU,PF,37,1,16.8,1.2,3.6,0.333,0.7,2.7,0.27,0.5,0.9,0.531,0.436,0.2,0.2,0.889,0.9,1.6,2.5,1,0.4,0.2,0.6,1.6,3.3
477,Enrique Freeman,25,MIN,PF,4,0,9.3,1,2,0.5,0.5,1,0.5,0.5,1,0.5,0.625,0.8,1,0.75,0.5,2,2.5,0.5,0.5,0.8,0.5,1.3,3.3
478,Malevy Leons,26,GSW,SF,25,2,11,1.3,2.9,0.444,0.2,0.6,0.25,1.1,2.2,0.5,0.472,0.6,0.8,0.789,1.2,0.9,2.1,0.9,0.6,0.4,0.5,1.2,3.3
479,Dwight Powell,34,DAL,C,63,12,14.3,1,1.6,0.644,0,0.1,0.286,1,1.5,0.67,0.653,1.2,1.8,0.696,1.5,2.6,4.1,1.1,0.5,0.3,0.7,2.1,3.3
480,Isaiah Stevens,25,SAC,PG,3,0,14.3,1,2.3,0.429,0,0.3,0,1,2,0.5,0.429,1.3,1.3,1,0.7,0.3,1,3.3,1.7,0,0.7,0.7,3.3
481,James Wiseman,24,IND,C,4,1,14.5,1.5,2.5,0.6,0,0,,1.5,2.5,0.6,0.6,0.3,0.5,0.5,1.3,0.8,2,0.8,0,0.3,1.3,2.5,3.3
482,Amir Coffey,28,2TM,SG,46,3,10.7,1.2,2.5,0.487,0.4,1.1,0.347,0.8,1.4,0.594,0.562,0.5,0.6,0.786,0.4,0.8,1.2,0.6,0.2,0.1,0.2,0.7,3.2
482,Amir Coffey,28,MIL,SG,30,2,8.8,0.9,1.8,0.473,0.2,0.8,0.28,0.6,1,0.633,0.536,0.4,0.5,0.867,0.2,0.7,0.9,0.4,0.1,0.1,0.1,0.5,2.4
482,Amir Coffey,28,PHO,SG,16,1,14.1,1.8,3.6,0.5,0.6,1.5,0.417,1.2,2.1,0.559,0.586,0.6,0.8,0.692,0.8,1.1,1.9,1,0.4,0.1,0.3,1,4.8
483,Alex Antetokounmpo,24,MIL,SF,6,0,3.5,0.5,1.3,0.375,0.3,1.2,0.286,0.2,0.2,1,0.5,1.8,2.5,0.733,0.3,0.7,1,0.2,0,0.2,0.2,0.2,3.2
484,Kelly Olynyk,34,SAS,C,42,0,8.6,1.1,2.3,0.49,0.3,1.1,0.255,0.8,1.2,0.714,0.552,0.6,0.9,0.711,0.6,1.2,1.8,1.2,0.4,0.1,0.6,0.9,3.2
485,Jamison Battle,24,TOR,SF,61,2,8.5,1.2,2.4,0.51,0.6,1.4,0.412,0.6,1,0.65,0.631,0.1,0.2,0.643,0.3,1.1,1.5,0.4,0.1,0,0.3,0.7,3.1
486,Miles Kelly,23,DAL,PG,14,0,9.6,1.1,3.1,0.364,0.7,2.4,0.303,0.4,0.8,0.545,0.477,0.1,0.1,1,0.4,1.4,1.7,0.9,0.3,0.1,0.4,0.9,3.1
487,Mark Sears,23,MIL,PG,7,0,3.7,0.9,1.9,0.462,0.6,1.1,0.5,0.3,0.7,0.4,0.615,0.9,1.1,0.75,0.1,0.1,0.3,0.3,0,0,0.6,0.6,3.1
488,Tyus Jones,29,3TM,PG,67,12,14.6,1.1,3.3,0.349,0.6,2,0.292,0.5,1.2,0.444,0.44,0.1,0.1,0.778,0.2,1,1.1,2.4,0.6,0,0.4,0.5,3
488,Tyus Jones,29,ORL,PG,48,8,15.7,1.1,3.3,0.342,0.6,2.1,0.294,0.5,1.2,0.429,0.437,0.1,0.1,1,0.2,0.9,1.1,2.4,0.7,0.1,0.3,0.5,3
488,Tyus Jones,29,DAL,PG,8,2,16.6,1.6,4.3,0.382,0.5,2.4,0.211,1.1,1.9,0.6,0.441,0.1,0.3,0.5,0.1,1,1.1,3.8,0.4,0,0.6,0.6,3.9
488,Tyus Jones,29,DEN,PG,11,2,8.4,0.8,2.4,0.346,0.5,1.5,0.375,0.3,0.9,0.3,0.462,0,0.1,0,0.2,1.1,1.3,1.2,0.1,0,0.5,0.1,2.2
489,CJ Huntley,24,PHO,SF,4,0,10,1.5,2.8,0.545,0,0.8,0,1.5,2,0.75,0.545,0,0,,0.5,0.8,1.3,0.5,0.3,0,0,0.5,3
490,Chris Livingston,22,CLE,SF,3,0,5.7,1.3,2.3,0.571,0,1,0,1.3,1.3,1,0.571,0.3,0.3,1,0,1,1,0.3,0.3,0,0,1.3,3
491,Khaman Maluach,19,PHO,C,46,1,8.9,1.2,2.3,0.533,0.1,0.5,0.238,1.1,1.8,0.607,0.557,0.5,0.7,0.71,1.1,1.8,2.9,0.1,0.1,0.7,0.5,0.9,3
492,Emanuel Miller,25,CHI,PF,5,0,6.6,1.2,2.6,0.462,0.4,1.2,0.333,0.8,1.4,0.571,0.538,0.2,0.4,0.5,0.2,0.4,0.6,0.8,0.4,0,0,0.4,3
493,Monte Morris,30,IND,PG,6,0,10.8,1.2,3.3,0.35,0.3,1.3,0.25,0.8,2,0.417,0.4,0.3,0.7,0.5,0.2,1,1.2,1.5,0.2,0.2,0.3,0.5,3
494,Julian Phillips,22,2TM,SF,48,2,8.9,1.1,2.5,0.421,0.4,1.4,0.308,0.6,1.2,0.554,0.504,0.4,0.5,0.783,0.5,0.5,1,0.2,0.5,0.1,0.2,0.9,2.9
494,Julian Phillips,22,CHI,SF,35,2,9.5,1.1,2.5,0.42,0.5,1.4,0.327,0.6,1.1,0.538,0.511,0.3,0.3,0.818,0.6,0.6,1.3,0.2,0.5,0.2,0.2,0.9,2.8
494,Julian Phillips,22,MIN,SF,13,0,7.2,1.1,2.5,0.424,0.3,1.2,0.25,0.8,1.3,0.588,0.485,0.7,0.9,0.75,0.1,0.3,0.4,0.2,0.4,0.1,0.3,0.8,3.2
495,Kobe Bufkin,22,LAL,SG,16,1,7.4,0.9,3.1,0.3,0.3,1.6,0.192,0.6,1.5,0.417,0.35,0.7,0.8,0.917,0.1,0.8,0.8,0.6,0.1,0.2,0.3,0.6,2.9
496,Bronny James,21,LAL,SG,42,1,8.9,1.1,2.7,0.409,0.5,1.4,0.386,0.6,1.4,0.431,0.504,0.1,0.2,0.857,0.1,0.4,0.5,1.2,0.5,0.1,0.6,0.7,2.9
497,Curtis Jones,24,DEN,SG,10,0,8.8,1.1,2.7,0.407,0.6,1.8,0.333,0.5,0.9,0.556,0.519,0.1,0.2,0.5,0.2,0.9,1.1,1,0.4,0,0.2,0.6,2.9
498,David Jones García,24,SAS,SF,11,0,6.2,1.2,2.3,0.52,0.3,0.5,0.6,0.9,1.8,0.5,0.58,0.3,0.5,0.5,0.4,0.8,1.2,1.6,0.5,0.1,0.5,0.5,2.9
499,Chris Paul,40,LAC,PG,16,0,14.3,1.1,3.5,0.321,0.6,1.9,0.333,0.5,1.6,0.308,0.411,0.1,0.1,0.5,0.4,1.4,1.8,3.3,0.7,0,1,1.4,2.9
500,Duop Reath,29,POR,C,32,0,8.1,1,2.3,0.446,0.7,1.7,0.418,0.3,0.6,0.526,0.601,0.2,0.2,0.833,0.3,0.9,1.2,0.3,0.2,0.3,0.2,0.9,2.9
501,Cam Christie,20,LAC,SG,55,0,8.7,1,2.5,0.381,0.2,0.9,0.245,0.7,1.6,0.456,0.424,0.7,0.9,0.76,0.3,1.1,1.4,0.6,0.3,0.1,0.4,0.3,2.8
502,Kevon Looney,29,NOP,C,21,8,14.7,1.2,2.9,0.417,0.1,0.6,0.154,1.1,2.2,0.489,0.433,0.3,0.5,0.7,2.3,3.3,5.6,1.6,0.4,0.5,0.4,1.6,2.8
503,Norchad Omier,24,LAC,PF,6,0,4,1.2,1.7,0.7,0,0.2,0,1.2,1.5,0.778,0.7,0.5,0.5,1,0.7,0.5,1.2,0.3,0.2,0,0,0.7,2.8
504,Jae'Sean Tate,30,HOU,SF,46,1,8.8,1.2,2.4,0.514,0.2,0.7,0.313,1,1.7,0.597,0.56,0.2,0.2,0.636,0.7,0.9,1.6,0.5,0.2,0.1,0.3,1,2.8
505,Rocco Zikarsky,19,MIN,C,5,0,7.2,1,1.6,0.625,0,0,,1,1.6,0.625,0.625,0.8,0.8,1,0.4,2.4,2.8,0.4,0,1,0.2,0.6,2.8
506,Christian Koloko,25,3TM,C,27,4,13.2,1.1,2.7,0.419,0,0.3,0.111,1.1,2.4,0.462,0.426,0.4,0.6,0.667,1.1,1.9,3,0.7,0.5,0.9,0.6,1.8,2.7
506,Christian Koloko,25,LAL,C,2,0,3,0,0,,0,0,,0,0,,,0,0,,0,0.5,0.5,0,0,0,0,0.5,0
506,Christian Koloko,25,MEM,C,11,2,17.7,1.3,3.2,0.4,0,0.1,0,1.3,3.1,0.412,0.4,0.1,0.4,0.25,1.7,2.3,4,0.9,0.9,1.2,0.6,1.8,2.6
506,Christian Koloko,25,ATL,C,14,2,11.1,1.2,2.8,0.436,0.1,0.6,0.125,1.1,2.2,0.516,0.449,0.6,0.8,0.818,0.9,1.7,2.6,0.6,0.3,0.7,0.6,1.9,3.1
507,Gary Harris,31,MIL,SG,48,2,13.8,1,2.2,0.442,0.6,1.4,0.412,0.4,0.8,0.5,0.577,0.2,0.2,0.889,0.3,0.9,1.3,1.1,0.6,0.2,0.4,1.1,2.7
508,Antonio Reeves,25,CHO,SG,10,0,6.8,1,2,0.5,0.7,1.3,0.538,0.3,0.7,0.429,0.675,0,0,,0.2,0.6,0.8,0.3,0.1,0,0.1,0.3,2.7
509,Pat Connaughton,33,CHO,SG,42,0,7.1,0.9,2,0.447,0.5,1.2,0.404,0.4,0.8,0.515,0.571,0.3,0.5,0.65,0.4,1.1,1.5,0.4,0.3,0,0.3,0.2,2.6
510,Jonathan Isaac,28,ORL,PF,52,0,10,0.9,2.1,0.422,0.1,0.7,0.184,0.8,1.4,0.549,0.454,0.7,1.1,0.603,0.8,1.7,2.5,0.4,0.4,0.6,0.3,0.8,2.6
511,Mo Bamba,27,2TM,C,4,0,11,1.3,2.8,0.455,0,0,,1.3,2.8,0.455,0.455,0,0,,2.5,3,5.5,0.3,0,0.8,0.5,1.5,2.5
511,Mo Bamba,27,TOR,C,2,0,3,0,1,0,0,0,,0,1,0,0,0,0,,0.5,0.5,1,0,0,0.5,0,1,0
511,Mo Bamba,27,UTA,C,2,0,19,2.5,4.5,0.556,0,0,,2.5,4.5,0.556,0.556,0,0,,4.5,5.5,10,0.5,0,1,1,2,5
512,JD Davison,23,HOU,PG,28,0,7.8,0.9,2.3,0.375,0.3,1.1,0.25,0.6,1.1,0.5,0.438,0.5,0.7,0.684,0.1,1.1,1.2,1.3,0.2,0.2,0.3,0.6,2.5
513,John Tonje,24,BOS,SG,6,0,7,0.7,2.3,0.286,0.5,1.7,0.3,0.2,0.7,0.25,0.393,0.7,0.7,1,0,1,1,0.3,0.3,0,0,0.8,2.5
514,Hunter Dickinson,25,NOP,C,5,0,8.4,1,2.8,0.357,0,0.8,0,1,2,0.5,0.357,0.4,0.4,1,0.4,0.6,1,0.4,0.2,0.4,0.6,1.2,2.4
515,Andre Jackson Jr.,24,MIL,SG,48,1,8.5,0.8,2.5,0.328,0.3,1.3,0.25,0.5,1.2,0.407,0.391,0.4,0.7,0.625,0.5,1,1.5,0.9,0.4,0.1,0.6,0.9,2.4
516,Chaz Lanier,24,DET,SG,34,0,7.7,0.8,2.6,0.315,0.6,2,0.284,0.3,0.6,0.409,0.421,0.1,0.2,0.833,0.2,0.4,0.7,0.5,0.2,0,0.1,0.4,2.4
517,Kevin McCullar Jr.,24,NYK,SF,21,0,7.4,1,2.2,0.426,0.4,1.1,0.333,0.6,1.1,0.522,0.511,0.1,0.2,0.4,0.5,0.8,1.3,1,0.4,0,0.6,1,2.4
518,Lachlan Olbrich,22,CHI,C,37,2,9.3,1,2.1,0.468,0.1,0.5,0.105,0.9,1.6,0.586,0.481,0.4,1.1,0.375,1.2,1.8,3,1.1,0.3,0.2,0.4,1.3,2.4
519,Lindy Waters III,28,SAS,SG,40,0,7.1,0.8,2.2,0.375,0.7,2,0.342,0.2,0.2,0.667,0.528,0.1,0.1,0.667,0.1,0.7,0.7,0.5,0.2,0,0.2,0.6,2.4
520,Chris Boucher,33,BOS,PF,9,0,10.4,0.9,2.8,0.32,0.2,1.7,0.133,0.7,1.1,0.6,0.36,0.3,0.4,0.75,0.2,1.8,2,0.3,0.6,0.8,0.1,1.9,2.3
521,Caleb Houstan,23,ATL,SF,18,0,4.2,0.8,1.4,0.538,0.6,1.2,0.524,0.2,0.3,0.6,0.75,0.2,0.2,1,0.3,0.3,0.6,0.2,0.1,0.1,0.2,0.6,2.3
522,Luke Travers,24,CLE,SG,12,0,8.6,0.8,3,0.25,0.1,1.3,0.063,0.7,1.7,0.4,0.264,0.8,0.8,1,0.8,1.3,2,0.8,0.6,0.3,0.3,0.5,2.3
523,Jeff Green,39,HOU,PF,30,0,5.8,0.8,2.3,0.368,0.4,1.5,0.273,0.4,0.8,0.542,0.456,0.2,0.2,1,0.2,0.6,0.8,0.3,0.1,0.1,0.1,0.4,2.2
524,Yang Hansen,20,POR,C,43,1,7,0.7,2.3,0.31,0.1,1,0.119,0.6,1.3,0.448,0.335,0.7,0.8,0.824,0.5,1.1,1.5,0.5,0.1,0.2,0.7,1,2.2
525,Ariel Hukporti,23,NYK,C,54,5,9.2,0.8,1.5,0.563,0,0.1,0.25,0.8,1.4,0.579,0.569,0.5,0.6,0.788,1,1.9,2.9,0.5,0.2,0.5,0.6,1.2,2.2
526,Alijah Martin,24,TOR,SG,23,0,6.3,0.7,2.2,0.32,0.2,0.9,0.19,0.5,1.3,0.414,0.36,0.7,0.8,0.789,0.4,0.5,0.9,0.5,0.3,0.2,0.3,0.5,2.2
527,Hunter Tyson,25,DEN,PF,21,2,7.7,0.7,2.5,0.269,0.3,1.6,0.212,0.3,0.9,0.368,0.337,0.5,0.6,0.846,0.2,1.5,1.7,0.8,0.1,0,0.2,0.6,2.2
528,Chris Youngblood,23,2TM,SG,34,0,5.4,0.6,1.9,0.349,0.5,1.6,0.333,0.1,0.3,0.444,0.492,0.3,0.3,0.9,0.2,0.6,0.8,0.4,0.1,0.1,0.1,0.6,2.1
528,Chris Youngblood,23,OKC,SG,32,0,5.4,0.6,1.9,0.333,0.5,1.6,0.314,0.1,0.3,0.444,0.467,0.3,0.3,0.9,0.2,0.7,0.9,0.3,0.1,0.1,0.1,0.6,2
528,Chris Youngblood,23,POR,SG,2,0,5.5,1,1.5,0.667,1,1.5,0.667,0,0,,1,0,0,,0,0,0,0.5,0,0,0,1,3
529,Dalano Banton,26,2TM,PG,6,0,10.3,0.7,2,0.333,0,0.2,0,0.7,1.8,0.364,0.333,0.7,0.7,1,0.3,0.5,0.8,1.8,0.3,0.8,1.3,0.5,2
529,Dalano Banton,26,LAC,PG,2,0,5,1.5,2,0.75,0,0,,1.5,2,0.75,0.75,0,0,,0.5,0,0.5,1,0.5,0,0.5,0,3
529,Dalano Banton,26,BOS,PG,4,0,13,0.3,2,0.125,0,0.3,0,0.3,1.8,0.143,0.125,1,1,1,0.3,0.8,1,2.3,0.3,1.3,1.8,0.8,1.5
530,Isaiah Crawford,24,HOU,SF,14,0,6.6,0.7,1.7,0.417,0.2,0.9,0.231,0.5,0.8,0.636,0.479,0.4,0.4,0.833,0.2,0.9,1.1,0.4,0.1,0.2,0.3,0.3,2
531,Trentyn Flowers,20,CHI,SF,2,0,3,1,1.5,0.667,0,0.5,0,1,1,1,0.667,0,0,,0.5,0,0.5,0.5,0,0,0.5,0.5,2
532,Colby Jones,23,DET,SG,1,0,7,1,3,0.333,0,2,0,1,1,1,0.333,0,0,,0,4,4,2,0,0,0,1,2
533,Johnny Juzang,24,MIN,SG,21,0,4.2,0.8,1.8,0.421,0.3,1.1,0.25,0.5,0.7,0.714,0.5,0.2,0.4,0.625,0.2,0.6,0.8,0.3,0.1,0,0.2,0.1,2
534,Jayson Kent,23,POR,SF,5,0,4.4,0.8,1.4,0.571,0.2,0.8,0.25,0.6,0.6,1,0.643,0.2,0.2,1,0,1,1,0,0.2,0.2,0,0.2,2
535,Maxi Kleber,34,LAL,PF,43,1,10.7,0.8,1.7,0.452,0.1,0.6,0.231,0.6,1.1,0.574,0.493,0.3,0.6,0.538,0.8,1.1,2,0.6,0.4,0.3,0.4,1.4,2
536,Jordan McLaughlin,29,SAS,PG,44,0,6.4,0.8,1.8,0.418,0.4,0.9,0.425,0.4,0.9,0.41,0.525,0.1,0.2,0.857,0.2,0.6,0.7,0.9,0.5,0,0.3,0.3,2
537,Alex Morales,28,ORL,PG,4,0,6,0.8,1.8,0.429,0,0.3,0,0.8,1.5,0.5,0.429,0.5,0.5,1,0.3,0.5,0.8,1,0,0,1,1.8,2
538,Sean Pedulla,23,LAC,PG,7,0,4.4,0.7,2.1,0.333,0.4,1.4,0.3,0.3,0.7,0.4,0.433,0,0,,0,0.4,0.4,0.7,0,0,0.1,0.6,1.9
539,Adou Thiero,21,LAL,SF,25,0,6,0.6,1.2,0.516,0,0.1,0.333,0.6,1.1,0.536,0.532,0.6,0.9,0.636,0.4,0.8,1.1,0.4,0.3,0.1,0.4,0.8,1.9
540,Bobi Klintman,22,DET,SF,12,0,5.9,0.8,2.3,0.333,0.3,1.1,0.308,0.4,1.2,0.357,0.407,0,0.3,0,0.4,1.2,1.6,0.5,0.3,0,0.5,0.9,1.8
541,Isaiah Livers,27,PHO,PF,36,0,9.6,0.6,1.8,0.344,0.3,1.1,0.3,0.3,0.7,0.417,0.438,0.3,0.3,0.75,0.5,1.2,1.7,0.6,0.4,0.2,0.3,0.8,1.8
542,Cody Martin,30,IND,SF,4,0,13.8,0.5,2.5,0.2,0,1.3,0,0.5,1.3,0.4,0.2,0.8,1.5,0.5,0.3,3.3,3.5,0.5,1,0.5,1,1.3,1.8
543,Orlando Robinson,25,ORL,C,4,1,6.3,0.8,1.3,0.6,0.3,0.5,0.5,0.5,0.8,0.667,0.7,0,0,,0.5,0.5,1,0.8,0.3,0,0,0.8,1.8
544,Jahmir Young,25,MIA,PG,14,0,4.1,0.7,1.8,0.4,0.2,0.6,0.333,0.5,1.1,0.438,0.46,0.1,0.1,1,0.1,0.1,0.3,0.6,0.1,0,0.2,0.5,1.8
545,Brooks Barnhizer,23,OKC,SG,40,0,8.7,0.7,1.8,0.38,0.2,0.6,0.292,0.5,1.2,0.426,0.43,0.2,0.3,0.7,0.5,1.5,2,0.6,0.3,0.1,0.3,0.7,1.7
546,Pacôme Dadiet,20,NYK,SG,29,0,4.7,0.6,1.7,0.333,0.2,1.1,0.219,0.3,0.6,0.563,0.406,0.3,0.4,0.818,0.1,0.8,0.9,0.4,0.1,0,0.1,0.3,1.7
547,Wendell Moore Jr.,24,DET,SG,6,0,10,0.7,1.2,0.571,0,0.2,0,0.7,1,0.667,0.571,0.3,0.3,1,0.2,0.8,1,0.7,0.3,0.3,0.2,0.5,1.7
548,Mason Plumlee,35,2TM,C,20,3,8.6,0.6,0.7,0.786,0,0,,0.6,0.7,0.786,0.786,0.5,0.7,0.643,0.9,1.8,2.7,1,0.5,0,0.6,0.9,1.6
548,Mason Plumlee,35,CHO,C,14,2,8.9,0.6,0.9,0.75,0,0,,0.6,0.9,0.75,0.75,0.6,0.9,0.667,0.7,2.1,2.9,1.1,0.4,0,0.6,0.7,1.9
548,Mason Plumlee,35,SAS,C,6,1,7.8,0.3,0.3,1,0,0,,0.3,0.3,1,1,0.2,0.3,0.5,1.2,1,2.2,0.7,0.7,0,0.5,1.2,0.8
549,Harrison Ingram,23,SAS,SF,7,0,3.7,0.7,0.9,0.833,0.1,0.1,1,0.6,0.7,0.8,0.917,0,0,,0.4,0,0.4,0.1,0,0,0.1,0.3,1.6
550,Jacob Toppin,25,ATL,SF,5,0,3.4,0.8,1.2,0.667,0,0,,0.8,1.2,0.667,0.667,0,0,,0,0.2,0.2,0.2,0,0.2,0,0.2,1.6
551,Xavier Tillman Sr.,27,2TM,C,30,1,6.1,0.7,1.5,0.435,0.1,0.6,0.167,0.6,0.9,0.607,0.467,0,0.1,0.25,0.6,0.8,1.4,0.4,0.3,0.2,0.3,0.5,1.5
551,Xavier Tillman Sr.,27,BOS,C,14,1,7.9,1,2.2,0.452,0.2,1.1,0.2,0.8,1.1,0.688,0.5,0,0,,0.7,1.1,1.8,0.4,0.4,0.1,0.4,0.6,2.2
551,Xavier Tillman Sr.,27,CHO,C,16,0,4.5,0.4,0.9,0.4,0,0.2,0,0.4,0.8,0.5,0.4,0.1,0.3,0.25,0.6,0.6,1.1,0.5,0.2,0.2,0.2,0.4,0.8
552,Buddy Boeheim,26,OKC,SF,4,0,3.8,0.5,1.5,0.333,0.5,1.5,0.333,0,0,,0.5,0,0,,0,0,0,0,0,0,0,0.3,1.5
553,Joe Ingles,38,MIN,SF,27,2,5.7,0.6,1,0.593,0.3,0.6,0.438,0.3,0.4,0.818,0.722,0.1,0.1,1,0,0.7,0.7,1.3,0.3,0.1,0.5,0.3,1.5
554,Jonathan Mogbo,24,TOR,PF,40,0,6.2,0.7,1.1,0.591,0,0,0,0.7,1.1,0.605,0.591,0.2,0.4,0.643,0.5,1.2,1.7,0.6,0.3,0.2,0.4,0.7,1.5
555,Thanasis Antetokounmpo,33,MIL,SF,34,0,4.4,0.4,0.9,0.469,0,0.1,0,0.4,0.8,0.536,0.469,0.5,0.9,0.567,0.4,0.5,0.9,0.4,0.4,0.2,0.3,0.5,1.4
556,Amari Williams,24,BOS,PF,22,2,6.6,0.5,0.9,0.5,0,0,,0.5,0.9,0.5,0.5,0.5,0.6,0.714,0.4,1.4,1.8,0.5,0.1,0.5,0.5,0.9,1.4
557,Isaac Jones,25,2TM,PF,7,1,5.1,0.4,1,0.429,0,0.3,0,0.4,0.7,0.6,0.429,0.4,0.6,0.75,0.3,0.4,0.7,0.1,0,0.1,0.1,0.6,1.3
557,Isaac Jones,25,SAC,PF,3,1,5.7,0.3,0.7,0.5,0,0.3,0,0.3,0.3,1,0.5,0.3,0.7,0.5,0.7,0,0.7,0.3,0,0,0,1.3,1
557,Isaac Jones,25,DET,PF,4,0,4.8,0.5,1.3,0.4,0,0.3,0,0.5,1,0.5,0.4,0.5,0.5,1,0,0.8,0.8,0,0,0.3,0.3,0,1.5
558,Colin Castleton,25,ORL,C,4,0,5.3,0.5,1.3,0.4,0,0,,0.5,1.3,0.4,0.4,0.3,0.3,1,0.5,1.5,2,0.3,0.3,0,0.5,0.5,1.3
559,Nigel Hayes-Davis,31,PHO,SF,27,0,7.2,0.6,1.7,0.326,0.1,0.6,0.125,0.5,1.1,0.433,0.348,0.1,0.1,0.5,0.4,0.8,1.2,0.3,0.3,0.1,0.3,0.6,1.3
560,Dillon Jones,24,NYK,SF,7,0,5.6,0.3,1.3,0.222,0.1,0.7,0.2,0.1,0.6,0.25,0.278,0.6,0.6,1,0.3,0.7,1,0.6,0.4,0,0,0.9,1.3
561,TyTy Washington Jr.,24,LAC,PG,16,0,5.5,0.6,1.2,0.474,0.2,0.5,0.375,0.4,0.7,0.545,0.553,0,0,,0.1,0.3,0.4,1.1,0.4,0.2,0.2,0.4,1.3
562,Javonte Cooke,26,POR,SG,19,0,4.9,0.5,2.2,0.22,0.2,1.2,0.13,0.3,0.9,0.333,0.256,0.1,0.1,1,0.2,0.8,1,0.4,0.3,0,0.5,0.3,1.2
563,Kyle Lowry,39,PHI,PG,14,0,8.4,0.3,1.8,0.16,0.3,1.8,0.16,0,0,,0.24,0.4,0.4,0.833,0,0.6,0.6,0.8,0.1,0.1,0.3,0.6,1.2
564,Trey Jemison,26,NYK,C,13,0,6.3,0.5,0.8,0.6,0,0,,0.5,0.8,0.6,0.6,0.1,0.1,1,0.6,0.8,1.4,0.4,0.1,0.2,0.8,0.8,1
565,Trevor Keels,22,MIA,SG,8,0,1.9,0.4,1.5,0.25,0.3,1.1,0.222,0.1,0.4,0.333,0.333,0,0,,0,0.3,0.3,0,0.1,0,0,0,1
566,Hunter Sallis,22,PHI,SG,7,0,3.7,0.4,0.7,0.6,0,0,,0.4,0.7,0.6,0.6,0.1,0.3,0.5,0,0.1,0.1,0.6,0,0.1,0.7,0.3,1
567,Dario Šarić,31,SAC,C,5,0,8.2,0.2,1.2,0.167,0.2,0.6,0.333,0,0.6,0,0.25,0.4,0.4,1,0.2,1,1.2,0.4,0,0,0.4,0.6,1
568,Stanley Umude,26,SAS,SG,2,0,3.5,0.5,1,0.5,0,0.5,0,0.5,0.5,1,0.5,0,0,,0,0,0,0.5,0.5,0,0,1,1
569,Bismack Biyombo,33,SAS,C,25,1,5.6,0.4,0.6,0.6,0,0,,0.4,0.6,0.6,0.6,0.2,0.3,0.714,0.2,0.8,1,0.2,0.2,0.1,0.3,1.1,0.9
570,Johni Broome,23,PHI,C,11,0,5,0.4,2.2,0.167,0,0.5,0,0.4,1.7,0.211,0.167,0.2,0.5,0.333,0.6,0.8,1.5,0.4,0.3,0.2,0.3,0.6,0.9
571,N'Faly Dante,24,ATL,C,4,0,3.8,0.3,1,0.25,0,0,,0.3,1,0.25,0.25,0.3,0.3,1,0.8,1,1.8,0,0.5,0,0.3,0.3,0.8
572,Markelle Fultz,27,TOR,PG,5,0,7.2,0.4,2.2,0.182,0,0,,0.4,2.2,0.182,0.182,0,0,,0,0.2,0.2,1.6,0.4,0,0.8,0.4,0.8
573,Vladislav Goldin,24,MIA,C,9,0,2.7,0.3,0.4,0.75,0,0,,0.3,0.4,0.75,0.75,0.1,0.1,1,0.3,0.7,1,0.3,0,0.3,0.3,0.6,0.8
574,Chris Mañon,24,LAL,SG,9,0,5.1,0.2,0.7,0.333,0,0.3,0,0.2,0.3,0.667,0.333,0.3,0.4,0.75,0.2,0.9,1.1,0.3,0.6,0.2,0.1,0.7,0.8
575,Drew Peterson,26,CHO,PF,6,0,10.7,0.3,2.7,0.125,0,2,0,0.3,0.7,0.5,0.125,0.2,0.3,0.5,0.5,1,1.5,0.3,0.5,0.2,0,0.5,0.8
576,Garrett Temple,39,TOR,SG,22,0,3.3,0.2,0.7,0.267,0.1,0.5,0.25,0,0.1,0.333,0.367,0.3,0.4,0.667,0,0.4,0.4,0.4,0.2,0.1,0.3,0.3,0.8
577,Max Shulga,23,BOS,SG,11,1,3.3,0.2,0.7,0.25,0.1,0.4,0.25,0.1,0.4,0.25,0.313,0.2,0.2,1,0.3,0.3,0.5,0.2,0.1,0,0.3,0.9,0.6
578,Jahmyl Telfort,24,LAC,PF,8,0,4,0,0.5,0,0,0.5,0,0,0,,0,0.1,0.5,0.25,0,0.4,0.4,0.1,0.1,0,0.1,0.6,0.1
579,Darius Brown II,26,CLE,SG,1,0,3,0,1,0,0,0,,0,1,0,0,0,0,,0,1,1,0,0,0,0,0,0
580,Noa Essengue,19,CHI,PF,2,0,3,0,1.5,0,0,1,0,0,0.5,0,0,0,0,,0,0,0,0,0.5,0,0,0.5,0
581,Tosan Evbuomwan,24,NYK,SF,5,0,1.6,0,0.2,0,0,0,,0,0.2,0,0,0,0,,0.2,0.2,0.4,0,0,0,0,0.2,0
582,Chucky Hepburn,22,TOR,PG,2,0,6.5,0,3,0,0,2.5,0,0,0.5,0,0,0,0,,0,0.5,0.5,1,0.5,0,0.5,1,0
